2026-08-12 09:38:23,446 [__main__] INFO: Using Playwright (no Zyte API key found).
2026-08-12 09:38:23,447 [scrapy.utils.log] INFO: Scrapy 2.17.0 started (bot: scrapybot)
2026-08-12 09:38:23,463 [scrapy.utils.log] INFO: Versions:
{'lxml': '6.1.1',
 'libxml2': '2.14.6',
 'cssselect': '1.5.0',
 'parsel': '1.11.0',
 'w3lib': '2.4.1',
 'Twisted': '26.4.0',
 'Python': '3.12.13 (main, Aug  7 2026, 02:15:23) [Clang 22.1.3 ]',
 'pyOpenSSL': '26.4.0 (OpenSSL 4.0.1 9 Jun 2026)',
 'cryptography': '50.0.0',
 'Platform': 'macOS-26.6-arm64-arm-64bit'}
2026-08-12 09:38:23,463 [scrapy.crawler] DEBUG: Using CrawlerProcess
2026-08-12 09:38:23,476 [scrapy.addons] INFO: Enabled addons:
[]
2026-08-12 09:38:23,478 [asyncio] DEBUG: Using selector: KqueueSelector
2026-08-12 09:38:23,479 [scrapy.utils.log] DEBUG: Using reactor: twisted.internet.asyncioreactor.AsyncioSelectorReactor
2026-08-12 09:38:23,479 [scrapy.utils.log] DEBUG: Using asyncio event loop: asyncio.unix_events._UnixSelectorEventLoop
2026-08-12 09:38:23,489 [scrapy.extensions.telnet] INFO: Telnet Password: f6e6224e8a7d2fa1
2026-08-12 09:38:23,501 [scrapy.middleware] INFO: Enabled extensions:
['scrapy.extensions.corestats.CoreStats',
 'scrapy.extensions.logcount.LogCount',
 'scrapy.extensions.telnet.TelnetConsole',
 'scrapy.extensions.memusage.MemoryUsage',
 'scrapy.extensions.logstats.LogStats']
2026-08-12 09:38:23,502 [scrapy.crawler] INFO: Overridden settings:
{'CONCURRENT_REQUESTS': 8,
 'CONCURRENT_REQUESTS_PER_DOMAIN': 4,
 'DOWNLOAD_TIMEOUT': 30,
 'LOG_ENABLED': False,
 'LOG_LEVEL': 'INFO',
 'USER_AGENT': 'Mozilla/5.0 (Macintosh; Intel Mac OS X 10_15_7) '
               'AppleWebKit/537.36 (KHTML, like Gecko) Chrome/131.0.0.0 '
               'Safari/537.36'}
2026-08-12 09:38:24,567 [scrapy.middleware] INFO: Enabled downloader middlewares:
['scrapy.downloadermiddlewares.offsite.OffsiteMiddleware',
 'scrapy.downloadermiddlewares.httpauth.HttpAuthMiddleware',
 'scrapy.downloadermiddlewares.downloadtimeout.DownloadTimeoutMiddleware',
 'scrapy.downloadermiddlewares.defaultheaders.DefaultHeadersMiddleware',
 'scrapy.downloadermiddlewares.useragent.UserAgentMiddleware',
 'scrapy.downloadermiddlewares.retry.RetryMiddleware',
 'scrapy.downloadermiddlewares.redirect.MetaRefreshMiddleware',
 'scrapy.downloadermiddlewares.httpcompression.HttpCompressionMiddleware',
 'scrapy.downloadermiddlewares.redirect.RedirectMiddleware',
 'scrapy.downloadermiddlewares.cookies.CookiesMiddleware',
 'scrapy.downloadermiddlewares.httpproxy.HttpProxyMiddleware',
 'scrapy.downloadermiddlewares.stats.DownloaderStats']
2026-08-12 09:38:24,571 [scrapy.middleware] INFO: Enabled spider middlewares:
['scrapy.spidermiddlewares.start.StartSpiderMiddleware',
 'scrapy.spidermiddlewares.httperror.HttpErrorMiddleware',
 'scrapy.spidermiddlewares.referer.RefererMiddleware',
 'scrapy.spidermiddlewares.urllength.UrlLengthMiddleware',
 'scrapy.spidermiddlewares.depth.DepthMiddleware']
2026-08-12 09:38:24,571 [scrapy.middleware] INFO: Enabled item pipelines:
[]
2026-08-12 09:38:24,572 [scrapy.core.engine] INFO: Spider opened
2026-08-12 09:38:24,583 [scrapy.extensions.logstats] INFO: Crawled 0 pages (at 0 pages/min), scraped 0 items (at 0 items/min)
2026-08-12 09:38:24,586 [scrapy.extensions.telnet] INFO: Telnet console listening on 127.0.0.1:6023
2026-08-12 09:38:24,586 [scrapy-playwright] INFO: Starting download handler. Versions: scrapy-playwright==0.0.48, Playwright==1.62.0
2026-08-12 09:38:24,587 [scrapy-playwright] INFO: Starting download handler. Versions: scrapy-playwright==0.0.48, Playwright==1.62.0
2026-08-12 09:38:26,481 [scrapy-playwright] INFO: Launching 1 startup context(s)
2026-08-12 09:38:26,481 [scrapy-playwright] INFO: Launching 1 startup context(s)
2026-08-12 09:38:26,482 [scrapy-playwright] INFO: Launching browser chromium
2026-08-12 09:38:26,483 [scrapy-playwright] INFO: Launching browser chromium
2026-08-12 09:38:26,815 [scrapy-playwright] INFO: Browser chromium launched
2026-08-12 09:38:26,816 [scrapy-playwright] INFO: Browser chromium launched
2026-08-12 09:38:26,829 [scrapy-playwright] DEBUG: Browser context started: 'default' (persistent=False, remote=False)
2026-08-12 09:38:26,830 [scrapy-playwright] INFO: Startup context(s) launched
2026-08-12 09:38:26,830 [scrapy-playwright] DEBUG: Browser context started: 'default' (persistent=False, remote=False)
2026-08-12 09:38:26,830 [scrapy-playwright] INFO: Startup context(s) launched
2026-08-12 09:38:26,945 [urllib3.connectionpool] DEBUG: Starting new HTTPS connection (1): publicsuffix.org:443
2026-08-12 09:38:27,037 [urllib3.connectionpool] DEBUG: https://publicsuffix.org:443 "GET /list/public_suffix_list.dat HTTP/1.1" 200 88031
2026-08-12 09:38:27,118 [scrapy.core.engine] DEBUG: Crawled (403) <GET https://www.vivanuncios.com.mx/s-venta-inmuebles/chihuahua/v1c1097l1005p1?sort=most_lowered_price> (referer: None)
2026-08-12 09:38:27,118 [scrapy-playwright] DEBUG: [Context=default] New page created, page count is 1 (1 for all contexts)
2026-08-12 09:38:27,127 [scrapy-playwright] DEBUG: [Context=default] Request: <GET https://www.vivanuncios.com.mx/s-venta-inmuebles/chihuahua/v1c1097l1005p1?sort=most_lowered_price> (resource type: document)
2026-08-12 09:38:28,310 [scrapy-playwright] DEBUG: [Context=default] Response: <200 https://www.vivanuncios.com.mx/s-venta-inmuebles/chihuahua/v1c1097l1005p1?sort=most_lowered_price>
2026-08-12 09:38:28,317 [scrapy-playwright] DEBUG: [Context=default] Request: <GET https://img10.naventcdn.com/avisos/18/01/50/31/54/00/360x266/1615530232.jpg?rapc=bXZhX2ltYWdl?isFirstImage=true> (resource type: image, referrer: https://www.vivanuncios.com.mx/)
2026-08-12 09:38:28,317 [scrapy-playwright] DEBUG: [Context=default] Request: <GET https://img10.naventcdn.com/avisos/18/01/50/32/37/99/360x266/1615795330.jpg?rapc=bXZhX2ltYWdl?isFirstImage=true> (resource type: image, referrer: https://www.vivanuncios.com.mx/)
2026-08-12 09:38:28,317 [scrapy-playwright] DEBUG: [Context=default] Request: <GET https://img10.naventcdn.com/listado/RPLISv8.317.0-RC2/css/fonts.1417bd14db3092d31b51.css> (resource type: stylesheet, referrer: https://www.vivanuncios.com.mx/)
2026-08-12 09:38:28,318 [scrapy-playwright] DEBUG: [Context=default] Request: <GET https://img10.naventcdn.com/listado/RPLISv8.317.0-RC2/assets/fonts/hind-medium-webfont.woff2> (resource type: font, referrer: https://www.vivanuncios.com.mx/)
2026-08-12 09:38:28,318 [scrapy-playwright] DEBUG: [Context=default] Request: <GET https://img10.naventcdn.com/listado/RPLISv8.317.0-RC2/assets/fonts/hind-semibold-webfont.woff2> (resource type: font, referrer: https://www.vivanuncios.com.mx/)
2026-08-12 09:38:28,319 [scrapy-playwright] DEBUG: [Context=default] Request: <GET https://img10.naventcdn.com/listado/RPLISv8.317.0-RC2/assets/fonts/hind-regular-webfont.woff2> (resource type: font, referrer: https://www.vivanuncios.com.mx/)
2026-08-12 09:38:28,319 [scrapy-playwright] DEBUG: [Context=default] Request: <GET https://img10.naventcdn.com/listado/RPLISv8.317.0-RC2/assets/fonts/hind-bold-webfont.woff2> (resource type: font, referrer: https://www.vivanuncios.com.mx/)
2026-08-12 09:38:28,320 [scrapy-playwright] DEBUG: [Context=default] Request: <GET https://img10.naventcdn.com/listado/RPLISv8.317.0-RC2/css/main.ae60ca0cbdd92c220c05.css> (resource type: stylesheet, referrer: https://www.vivanuncios.com.mx/)
2026-08-12 09:38:28,339 [scrapy-playwright] DEBUG: [Context=default] Request: <GET https://img10.naventcdn.com/listado/RPLISv8.317.0-RC2/images/icon-x-white.b1b5e018.svg> (resource type: image, referrer: https://www.vivanuncios.com.mx/)
2026-08-12 09:38:28,339 [scrapy-playwright] DEBUG: [Context=default] Request: <GET https://img10.naventcdn.com/listado/RPLISv8.317.0-RC2/images/icon-search-black.ee46020a.svg> (resource type: image, referrer: https://www.vivanuncios.com.mx/)
2026-08-12 09:38:28,339 [scrapy-playwright] DEBUG: [Context=default] Request: <GET https://img10.naventcdn.com/avisos/18/01/49/31/56/19/360x266/1594934860.jpg?rapc=bXZhX2ltYWdl?isFirstImage=true> (resource type: image, referrer: https://www.vivanuncios.com.mx/)
2026-08-12 09:38:28,339 [scrapy-playwright] DEBUG: [Context=default] Request: <GET https://static.cloudflareinsights.com/beacon.min.js/v4513226cdae34746b4dedf0b4dfa099e1781791509496> (resource type: script, referrer: https://www.vivanuncios.com.mx/)
2026-08-12 09:38:28,417 [scrapy-playwright] DEBUG: [Context=default] Response: <200 https://img10.naventcdn.com/listado/RPLISv8.317.0-RC2/assets/fonts/hind-bold-webfont.woff2>
2026-08-12 09:38:28,417 [scrapy-playwright] DEBUG: [Context=default] Response: <200 https://img10.naventcdn.com/listado/RPLISv8.317.0-RC2/assets/fonts/hind-semibold-webfont.woff2>
2026-08-12 09:38:28,417 [scrapy-playwright] DEBUG: [Context=default] Response: <200 https://img10.naventcdn.com/avisos/18/01/50/31/54/00/360x266/1615530232.jpg?rapc=bXZhX2ltYWdl?isFirstImage=true>
2026-08-12 09:38:28,421 [scrapy-playwright] DEBUG: [Context=default] Response: <200 https://img10.naventcdn.com/avisos/18/01/50/32/37/99/360x266/1615795330.jpg?rapc=bXZhX2ltYWdl?isFirstImage=true>
2026-08-12 09:38:28,429 [scrapy-playwright] DEBUG: [Context=default] Response: <200 https://img10.naventcdn.com/listado/RPLISv8.317.0-RC2/assets/fonts/hind-regular-webfont.woff2>
2026-08-12 09:38:28,437 [scrapy-playwright] DEBUG: [Context=default] Response: <200 https://img10.naventcdn.com/avisos/18/01/49/31/56/19/360x266/1594934860.jpg?rapc=bXZhX2ltYWdl?isFirstImage=true>
2026-08-12 09:38:28,437 [scrapy-playwright] DEBUG: [Context=default] Response: <200 https://img10.naventcdn.com/listado/RPLISv8.317.0-RC2/assets/fonts/hind-medium-webfont.woff2>
2026-08-12 09:38:28,437 [scrapy-playwright] DEBUG: [Context=default] Response: <200 https://img10.naventcdn.com/listado/RPLISv8.317.0-RC2/css/main.ae60ca0cbdd92c220c05.css>
2026-08-12 09:38:28,441 [scrapy-playwright] DEBUG: [Context=default] Response: <200 https://static.cloudflareinsights.com/beacon.min.js/v4513226cdae34746b4dedf0b4dfa099e1781791509496>
2026-08-12 09:38:28,457 [scrapy-playwright] DEBUG: [Context=default] Response: <200 https://img10.naventcdn.com/listado/RPLISv8.317.0-RC2/css/fonts.1417bd14db3092d31b51.css>
2026-08-12 09:38:28,483 [scrapy-playwright] DEBUG: [Context=default] Request: <GET https://img10.naventcdn.com/listado/RPLISv8.317.0-RC2/images/chevron-down-black2.8252f7ce.svg> (resource type: image, referrer: https://www.vivanuncios.com.mx/)
2026-08-12 09:38:28,483 [scrapy-playwright] DEBUG: [Context=default] Request: <GET https://accounts.google.com/gsi/client> (resource type: script, referrer: https://www.vivanuncios.com.mx/)
2026-08-12 09:38:28,506 [scrapy-playwright] DEBUG: [Context=default] Request: <GET https://img10.naventcdn.com/listado/RPLISv8.317.0-RC2/images/brand-refresh-header-vivanuncios.4255c6b4.svg> (resource type: image, referrer: https://www.vivanuncios.com.mx/)
2026-08-12 09:38:28,506 [scrapy-playwright] DEBUG: [Context=default] Request: <GET https://img10.naventcdn.com/listado/RPLISv8.317.0-RC2/images/chevron-down.9f9f3010.svg> (resource type: image, referrer: https://www.vivanuncios.com.mx/)
2026-08-12 09:38:28,507 [scrapy-playwright] DEBUG: [Context=default] Request: <GET https://img10.naventcdn.com/listado/RPLISv8.317.0-RC2/images/chat_bubble.c941ee77.svg> (resource type: image, referrer: https://www.vivanuncios.com.mx/)
2026-08-12 09:38:28,510 [scrapy-playwright] DEBUG: [Context=default] Request: <GET https://img10.naventcdn.com/listado/RPLISv8.317.0-RC2/images/icon-more-filters.af5473e4.svg> (resource type: image, referrer: https://www.vivanuncios.com.mx/)
2026-08-12 09:38:28,510 [scrapy-playwright] DEBUG: [Context=default] Request: <GET https://img10.naventcdn.com/listado/RPLISv8.317.0-RC2/images/updown.487f1160.svg> (resource type: image, referrer: https://www.vivanuncios.com.mx/)
2026-08-12 09:38:28,510 [scrapy-playwright] DEBUG: [Context=default] Request: <GET https://img10.naventcdn.com/listado/RPLISv8.317.0-RC2/images/discountArrow.6a9f69eb.svg> (resource type: image, referrer: https://www.vivanuncios.com.mx/)
2026-08-12 09:38:28,511 [scrapy-playwright] DEBUG: [Context=default] Request: <GET https://img10.naventcdn.com/listado/RPLISv8.317.0-RC2/images/arrow.a8a0125f.svg> (resource type: image, referrer: https://www.vivanuncios.com.mx/)
2026-08-12 09:38:28,541 [scrapy-playwright] DEBUG: [Context=default] Request: <GET https://img10.naventcdn.com/listado/RPLISv8.317.0-RC2/images/icon_promedio.0032e4b7.svg> (resource type: image, referrer: https://www.vivanuncios.com.mx/)
2026-08-12 09:38:28,543 [scrapy-playwright] DEBUG: [Context=default] Request: <GET https://img10.naventcdn.com/listado/RPLISv8.317.0-RC2/images/vectorStroke.7120d1f1.svg> (resource type: image, referrer: https://www.vivanuncios.com.mx/)
2026-08-12 09:38:28,544 [scrapy-playwright] DEBUG: [Context=default] Request: <GET https://img10.naventcdn.com/listado/RPLISv8.317.0-RC2/images/vectorBlue.3a5fdd13.svg> (resource type: image, referrer: https://www.vivanuncios.com.mx/)
2026-08-12 09:38:28,545 [scrapy-playwright] DEBUG: [Context=default] Request: <GET https://img10.naventcdn.com/listado/RPLISv8.317.0-RC2/images/icon_rango.3092f869.svg> (resource type: image, referrer: https://www.vivanuncios.com.mx/)
2026-08-12 09:38:28,546 [scrapy-playwright] DEBUG: [Context=default] Request: <GET https://img10.naventcdn.com/listado/RPLISv8.317.0-RC2/images/vector_vertical.6914ab7b.svg> (resource type: image, referrer: https://www.vivanuncios.com.mx/)
2026-08-12 09:38:28,546 [scrapy-playwright] DEBUG: [Context=default] Request: <GET https://img10.naventcdn.com/listado/RPLISv8.317.0-RC2/images/icon_promedio_num.f53bbc55.svg> (resource type: image, referrer: https://www.vivanuncios.com.mx/)
2026-08-12 09:38:28,547 [scrapy-playwright] DEBUG: [Context=default] Request: <GET https://img10.naventcdn.com/listado/RPLISv8.317.0-RC2/libphonenumber.js> (resource type: script, referrer: https://www.vivanuncios.com.mx/)
2026-08-12 09:38:28,548 [scrapy-playwright] DEBUG: [Context=default] Request: <GET https://img10.naventcdn.com/listado/RPLISv8.317.0-RC2/react-dom.js> (resource type: script, referrer: https://www.vivanuncios.com.mx/)
2026-08-12 09:38:28,551 [scrapy-playwright] DEBUG: [Context=default] Request: <GET https://img10.naventcdn.com/listado/RPLISv8.317.0-RC2/6545.js> (resource type: script, referrer: https://www.vivanuncios.com.mx/)
2026-08-12 09:38:28,557 [scrapy-playwright] DEBUG: [Context=default] Request: <GET https://img10.naventcdn.com/listado/RPLISv8.317.0-RC2/main.js> (resource type: script, referrer: https://www.vivanuncios.com.mx/)
2026-08-12 09:38:28,558 [scrapy-playwright] DEBUG: [Context=default] Request: <GET https://img10.naventcdn.com/listado/RPLISv8.317.0-RC2/site_provider.js> (resource type: script, referrer: https://www.vivanuncios.com.mx/)
2026-08-12 09:38:28,558 [scrapy-playwright] DEBUG: [Context=default] Request: <GET https://img10.naventcdn.com/listado/RPLISv8.317.0-RC2/site_modal_provider.js> (resource type: script, referrer: https://www.vivanuncios.com.mx/)
2026-08-12 09:38:28,558 [scrapy-playwright] DEBUG: [Context=default] Request: <GET https://img10.naventcdn.com/listado/RPLISv8.317.0-RC2/2092.js> (resource type: script, referrer: https://www.vivanuncios.com.mx/)
2026-08-12 09:38:28,559 [scrapy-playwright] DEBUG: [Context=default] Request: <GET https://img10.naventcdn.com/listado/RPLISv8.317.0-RC2/header_app.js> (resource type: script, referrer: https://www.vivanuncios.com.mx/)
2026-08-12 09:38:28,559 [scrapy-playwright] DEBUG: [Context=default] Request: <GET https://img10.naventcdn.com/listado/RPLISv8.317.0-RC2/header_content.js> (resource type: script, referrer: https://www.vivanuncios.com.mx/)
2026-08-12 09:38:28,560 [scrapy-playwright] DEBUG: [Context=default] Request: <GET https://img10.naventcdn.com/listado/RPLISv8.317.0-RC2/2996.js> (resource type: script, referrer: https://www.vivanuncios.com.mx/)
2026-08-12 09:38:28,560 [scrapy-playwright] DEBUG: [Context=default] Request: <GET https://img10.naventcdn.com/listado/RPLISv8.317.0-RC2/942.js> (resource type: script, referrer: https://www.vivanuncios.com.mx/)
2026-08-12 09:38:28,560 [scrapy-playwright] DEBUG: [Context=default] Request: <GET https://img10.naventcdn.com/listado/RPLISv8.317.0-RC2/9624.js> (resource type: script, referrer: https://www.vivanuncios.com.mx/)
2026-08-12 09:38:28,561 [scrapy-playwright] DEBUG: [Context=default] Request: <GET https://img10.naventcdn.com/listado/RPLISv8.317.0-RC2/header_desktop.js> (resource type: script, referrer: https://www.vivanuncios.com.mx/)
2026-08-12 09:38:28,561 [scrapy-playwright] DEBUG: [Context=default] Request: <GET https://img10.naventcdn.com/listado/RPLISv8.317.0-RC2/nav_menu.js> (resource type: script, referrer: https://www.vivanuncios.com.mx/)
2026-08-12 09:38:28,562 [scrapy-playwright] DEBUG: [Context=default] Request: <GET https://img10.naventcdn.com/listado/RPLISv8.317.0-RC2/operation_nav_desktop.js> (resource type: script, referrer: https://www.vivanuncios.com.mx/)
2026-08-12 09:38:28,562 [scrapy-playwright] DEBUG: [Context=default] Request: <GET https://img10.naventcdn.com/listado/RPLISv8.317.0-RC2/7183.js> (resource type: script, referrer: https://www.vivanuncios.com.mx/)
2026-08-12 09:38:28,562 [scrapy-playwright] DEBUG: [Context=default] Request: <GET https://img10.naventcdn.com/listado/RPLISv8.317.0-RC2/7972.js> (resource type: script, referrer: https://www.vivanuncios.com.mx/)
2026-08-12 09:38:28,563 [scrapy-playwright] DEBUG: [Context=default] Request: <GET https://img10.naventcdn.com/listado/RPLISv8.317.0-RC2/fintech_block.js> (resource type: script, referrer: https://www.vivanuncios.com.mx/)
2026-08-12 09:38:28,566 [scrapy-playwright] DEBUG: [Context=default] Request: <GET https://img10.naventcdn.com/listado/RPLISv8.317.0-RC2/publish_button.js> (resource type: script, referrer: https://www.vivanuncios.com.mx/)
2026-08-12 09:38:28,566 [scrapy-playwright] DEBUG: [Context=default] Request: <GET https://img10.naventcdn.com/listado/RPLISv8.317.0-RC2/login_button.js> (resource type: script, referrer: https://www.vivanuncios.com.mx/)
2026-08-12 09:38:28,566 [scrapy-playwright] DEBUG: [Context=default] Request: <GET https://img10.naventcdn.com/listado/RPLISv8.317.0-RC2/dropdown_user_not_logged.js> (resource type: script, referrer: https://www.vivanuncios.com.mx/)
2026-08-12 09:38:28,566 [scrapy-playwright] DEBUG: [Context=default] Request: <GET https://img10.naventcdn.com/listado/RPLISv8.317.0-RC2/main_layout_container.js> (resource type: script, referrer: https://www.vivanuncios.com.mx/)
2026-08-12 09:38:28,568 [scrapy-playwright] DEBUG: [Context=default] Request: <GET https://img10.naventcdn.com/listado/RPLISv8.317.0-RC2/main_app.js> (resource type: script, referrer: https://www.vivanuncios.com.mx/)
2026-08-12 09:38:28,568 [scrapy-playwright] DEBUG: [Context=default] Request: <GET https://img10.naventcdn.com/listado/RPLISv8.317.0-RC2/main_provider.js> (resource type: script, referrer: https://www.vivanuncios.com.mx/)
2026-08-12 09:38:28,569 [scrapy-playwright] DEBUG: [Context=default] Request: <GET https://img10.naventcdn.com/listado/RPLISv8.317.0-RC2/listing_view_columns.js> (resource type: script, referrer: https://www.vivanuncios.com.mx/)
2026-08-12 09:38:28,569 [scrapy-playwright] DEBUG: [Context=default] Request: <GET https://img10.naventcdn.com/listado/RPLISv8.317.0-RC2/filters_layout.js> (resource type: script, referrer: https://www.vivanuncios.com.mx/)
2026-08-12 09:38:28,569 [scrapy-playwright] DEBUG: [Context=default] Request: <GET https://img10.naventcdn.com/listado/RPLISv8.317.0-RC2/filters_top.js> (resource type: script, referrer: https://www.vivanuncios.com.mx/)
2026-08-12 09:38:28,569 [scrapy-playwright] DEBUG: [Context=default] Request: <GET https://img10.naventcdn.com/listado/RPLISv8.317.0-RC2/9663.js> (resource type: script, referrer: https://www.vivanuncios.com.mx/)
2026-08-12 09:38:28,569 [scrapy-playwright] DEBUG: [Context=default] Request: <GET https://img10.naventcdn.com/listado/RPLISv8.317.0-RC2/1576.js> (resource type: script, referrer: https://www.vivanuncios.com.mx/)
2026-08-12 09:38:28,569 [scrapy-playwright] DEBUG: [Context=default] Request: <GET https://img10.naventcdn.com/listado/RPLISv8.317.0-RC2/new_locations_render_type.js> (resource type: script, referrer: https://www.vivanuncios.com.mx/)
2026-08-12 09:38:28,570 [scrapy-playwright] DEBUG: [Context=default] Request: <GET https://img10.naventcdn.com/listado/RPLISv8.317.0-RC2/3951.js> (resource type: script, referrer: https://www.vivanuncios.com.mx/)
2026-08-12 09:38:28,570 [scrapy-playwright] DEBUG: [Context=default] Request: <GET https://img10.naventcdn.com/listado/RPLISv8.317.0-RC2/operation_render_type.js> (resource type: script, referrer: https://www.vivanuncios.com.mx/)
2026-08-12 09:38:28,570 [scrapy-playwright] DEBUG: [Context=default] Request: <GET https://img10.naventcdn.com/listado/RPLISv8.317.0-RC2/checkbox_render_type.js> (resource type: script, referrer: https://www.vivanuncios.com.mx/)
2026-08-12 09:38:28,570 [scrapy-playwright] DEBUG: [Context=default] Request: <GET https://img10.naventcdn.com/listado/RPLISv8.317.0-RC2/range_render_type.js> (resource type: script, referrer: https://www.vivanuncios.com.mx/)
2026-08-12 09:38:28,573 [scrapy-playwright] DEBUG: [Context=default] Request: <GET https://img10.naventcdn.com/listado/RPLISv8.317.0-RC2/monetary_render_type.js> (resource type: script, referrer: https://www.vivanuncios.com.mx/)
2026-08-12 09:38:28,574 [scrapy-playwright] DEBUG: [Context=default] Request: <GET https://img10.naventcdn.com/listado/RPLISv8.317.0-RC2/more_filters.js> (resource type: script, referrer: https://www.vivanuncios.com.mx/)
2026-08-12 09:38:28,575 [scrapy-playwright] DEBUG: [Context=default] Request: <GET https://img10.naventcdn.com/listado/RPLISv8.317.0-RC2/list_top_section_desktop.js> (resource type: script, referrer: https://www.vivanuncios.com.mx/)
2026-08-12 09:38:28,575 [scrapy-playwright] DEBUG: [Context=default] Request: <GET https://img10.naventcdn.com/listado/RPLISv8.317.0-RC2/postings_title.js> (resource type: script, referrer: https://www.vivanuncios.com.mx/)
2026-08-12 09:38:28,575 [scrapy-playwright] DEBUG: [Context=default] Request: <GET https://img10.naventcdn.com/listado/RPLISv8.317.0-RC2/create_bookmarks.js> (resource type: script, referrer: https://www.vivanuncios.com.mx/)
2026-08-12 09:38:28,575 [scrapy-playwright] DEBUG: [Context=default] Request: <GET https://img10.naventcdn.com/listado/RPLISv8.317.0-RC2/select_render_type_filter.js> (resource type: script, referrer: https://www.vivanuncios.com.mx/)
2026-08-12 09:38:28,575 [scrapy-playwright] DEBUG: [Context=default] Request: <GET https://img10.naventcdn.com/listado/RPLISv8.317.0-RC2/quick_filters.js> (resource type: script, referrer: https://www.vivanuncios.com.mx/)
2026-08-12 09:38:28,575 [scrapy-playwright] DEBUG: [Context=default] Request: <GET https://img10.naventcdn.com/listado/RPLISv8.317.0-RC2/list_view.js> (resource type: script, referrer: https://www.vivanuncios.com.mx/)
2026-08-12 09:38:28,576 [scrapy-playwright] DEBUG: [Context=default] Request: <GET https://img10.naventcdn.com/listado/RPLISv8.317.0-RC2/6975.js> (resource type: script, referrer: https://www.vivanuncios.com.mx/)
2026-08-12 09:38:28,576 [scrapy-playwright] DEBUG: [Context=default] Request: <GET https://img10.naventcdn.com/listado/RPLISv8.317.0-RC2/3281.js> (resource type: script, referrer: https://www.vivanuncios.com.mx/)
2026-08-12 09:38:28,576 [scrapy-playwright] DEBUG: [Context=default] Request: <GET https://img10.naventcdn.com/listado/RPLISv8.317.0-RC2/682.js> (resource type: script, referrer: https://www.vivanuncios.com.mx/)
2026-08-12 09:38:28,576 [scrapy-playwright] DEBUG: [Context=default] Request: <GET https://img10.naventcdn.com/listado/RPLISv8.317.0-RC2/6731.js> (resource type: script, referrer: https://www.vivanuncios.com.mx/)
2026-08-12 09:38:28,576 [scrapy-playwright] DEBUG: [Context=default] Request: <GET https://img10.naventcdn.com/listado/RPLISv8.317.0-RC2/5968.js> (resource type: script, referrer: https://www.vivanuncios.com.mx/)
2026-08-12 09:38:28,576 [scrapy-playwright] DEBUG: [Context=default] Request: <GET https://img10.naventcdn.com/listado/RPLISv8.317.0-RC2/posting_list_provider.js> (resource type: script, referrer: https://www.vivanuncios.com.mx/)
2026-08-12 09:38:28,576 [scrapy-playwright] DEBUG: [Context=default] Request: <GET https://img10.naventcdn.com/listado/RPLISv8.317.0-RC2/2522.js> (resource type: script, referrer: https://www.vivanuncios.com.mx/)
2026-08-12 09:38:28,577 [scrapy-playwright] DEBUG: [Context=default] Request: <GET https://img10.naventcdn.com/listado/RPLISv8.317.0-RC2/7787.js> (resource type: script, referrer: https://www.vivanuncios.com.mx/)
2026-08-12 09:38:28,577 [scrapy-playwright] DEBUG: [Context=default] Request: <GET https://img10.naventcdn.com/listado/RPLISv8.317.0-RC2/8447.js> (resource type: script, referrer: https://www.vivanuncios.com.mx/)
2026-08-12 09:38:28,577 [scrapy-playwright] DEBUG: [Context=default] Request: <GET https://img10.naventcdn.com/listado/RPLISv8.317.0-RC2/7606.js> (resource type: script, referrer: https://www.vivanuncios.com.mx/)
2026-08-12 09:38:28,577 [scrapy-playwright] DEBUG: [Context=default] Request: <GET https://img10.naventcdn.com/listado/RPLISv8.317.0-RC2/3409.js> (resource type: script, referrer: https://www.vivanuncios.com.mx/)
2026-08-12 09:38:28,577 [scrapy-playwright] DEBUG: [Context=default] Request: <GET https://img10.naventcdn.com/listado/RPLISv8.317.0-RC2/8463.js> (resource type: script, referrer: https://www.vivanuncios.com.mx/)
2026-08-12 09:38:28,577 [scrapy-playwright] DEBUG: [Context=default] Request: <GET https://img10.naventcdn.com/listado/RPLISv8.317.0-RC2/5792.js> (resource type: script, referrer: https://www.vivanuncios.com.mx/)
2026-08-12 09:38:28,578 [scrapy-playwright] DEBUG: [Context=default] Request: <GET https://img10.naventcdn.com/listado/RPLISv8.317.0-RC2/posting_card.js> (resource type: script, referrer: https://www.vivanuncios.com.mx/)
2026-08-12 09:38:28,578 [scrapy-playwright] DEBUG: [Context=default] Request: <GET https://img10.naventcdn.com/listado/RPLISv8.317.0-RC2/posting_gallery_fixed_components.js> (resource type: script, referrer: https://www.vivanuncios.com.mx/)
2026-08-12 09:38:28,578 [scrapy-playwright] DEBUG: [Context=default] Request: <GET https://img10.naventcdn.com/listado/RPLISv8.317.0-RC2/9612.js> (resource type: script, referrer: https://www.vivanuncios.com.mx/)
2026-08-12 09:38:28,578 [scrapy-playwright] DEBUG: [Context=default] Request: <GET https://img10.naventcdn.com/listado/RPLISv8.317.0-RC2/3386.js> (resource type: script, referrer: https://www.vivanuncios.com.mx/)
2026-08-12 09:38:28,578 [scrapy-playwright] DEBUG: [Context=default] Request: <GET https://img10.naventcdn.com/listado/RPLISv8.317.0-RC2/3313.js> (resource type: script, referrer: https://www.vivanuncios.com.mx/)
2026-08-12 09:38:28,578 [scrapy-playwright] DEBUG: [Context=default] Request: <GET https://img10.naventcdn.com/listado/RPLISv8.317.0-RC2/3546.js> (resource type: script, referrer: https://www.vivanuncios.com.mx/)
2026-08-12 09:38:28,579 [scrapy-playwright] DEBUG: [Context=default] Request: <GET https://img10.naventcdn.com/listado/RPLISv8.317.0-RC2/6752.js> (resource type: script, referrer: https://www.vivanuncios.com.mx/)
2026-08-12 09:38:28,579 [scrapy-playwright] DEBUG: [Context=default] Request: <GET https://img10.naventcdn.com/listado/RPLISv8.317.0-RC2/postings_call_to_actions.js> (resource type: script, referrer: https://www.vivanuncios.com.mx/)
2026-08-12 09:38:28,579 [scrapy-playwright] DEBUG: [Context=default] Request: <GET https://img10.naventcdn.com/listado/RPLISv8.317.0-RC2/whatsapp_button.js> (resource type: script, referrer: https://www.vivanuncios.com.mx/)
2026-08-12 09:38:28,579 [scrapy-playwright] DEBUG: [Context=default] Request: <GET https://img10.naventcdn.com/listado/RPLISv8.317.0-RC2/contact_button.js> (resource type: script, referrer: https://www.vivanuncios.com.mx/)
2026-08-12 09:38:28,579 [scrapy-playwright] DEBUG: [Context=default] Request: <GET https://img10.naventcdn.com/listado/RPLISv8.317.0-RC2/recommended_container.js> (resource type: script, referrer: https://www.vivanuncios.com.mx/)
2026-08-12 09:38:28,580 [scrapy-playwright] DEBUG: [Context=default] Request: <GET https://img10.naventcdn.com/listado/RPLISv8.317.0-RC2/map_button.js> (resource type: script, referrer: https://www.vivanuncios.com.mx/)
2026-08-12 09:38:28,580 [scrapy-playwright] DEBUG: [Context=default] Request: <GET https://img10.naventcdn.com/listado/RPLISv8.317.0-RC2/side_column_ads_slots.js> (resource type: script, referrer: https://www.vivanuncios.com.mx/)
2026-08-12 09:38:28,580 [scrapy-playwright] DEBUG: [Context=default] Request: <GET https://img10.naventcdn.com/listado/RPLISv8.317.0-RC2/ads_implementation_router.js> (resource type: script, referrer: https://www.vivanuncios.com.mx/)
2026-08-12 09:38:28,580 [scrapy-playwright] DEBUG: [Context=default] Request: <GET https://img10.naventcdn.com/listado/RPLISv8.317.0-RC2/container_ads_slots.js> (resource type: script, referrer: https://www.vivanuncios.com.mx/)
2026-08-12 09:38:28,581 [scrapy-playwright] DEBUG: [Context=default] Request: <GET https://img10.naventcdn.com/listado/RPLISv8.317.0-RC2/memoized_ads_slots.js> (resource type: script, referrer: https://www.vivanuncios.com.mx/)
2026-08-12 09:38:28,581 [scrapy-playwright] DEBUG: [Context=default] Request: <GET https://img10.naventcdn.com/listado/RPLISv8.317.0-RC2/breadcrumb.js> (resource type: script, referrer: https://www.vivanuncios.com.mx/)
2026-08-12 09:38:28,581 [scrapy-playwright] DEBUG: [Context=default] Request: <GET https://img10.naventcdn.com/listado/RPLISv8.317.0-RC2/paging.js> (resource type: script, referrer: https://www.vivanuncios.com.mx/)
2026-08-12 09:38:28,581 [scrapy-playwright] DEBUG: [Context=default] Request: <GET https://img10.naventcdn.com/listado/RPLISv8.317.0-RC2/apostrophe_component.js> (resource type: script, referrer: https://www.vivanuncios.com.mx/)
2026-08-12 09:38:28,582 [scrapy-playwright] DEBUG: [Context=default] Request: <GET https://img10.naventcdn.com/listado/RPLISv8.317.0-RC2/apostrophe_description.js> (resource type: script, referrer: https://www.vivanuncios.com.mx/)
2026-08-12 09:38:28,582 [scrapy-playwright] DEBUG: [Context=default] Request: <GET https://img10.naventcdn.com/listado/RPLISv8.317.0-RC2/apostrophe_average_sale_price.js> (resource type: script, referrer: https://www.vivanuncios.com.mx/)
2026-08-12 09:38:28,583 [scrapy-playwright] DEBUG: [Context=default] Request: <GET https://img10.naventcdn.com/listado/RPLISv8.317.0-RC2/apostrophe_sale_range_price.js> (resource type: script, referrer: https://www.vivanuncios.com.mx/)
2026-08-12 09:38:28,583 [scrapy-playwright] DEBUG: [Context=default] Request: <GET https://img10.naventcdn.com/listado/RPLISv8.317.0-RC2/7757.js> (resource type: script, referrer: https://www.vivanuncios.com.mx/)
2026-08-12 09:38:28,584 [scrapy-playwright] DEBUG: [Context=default] Request: <GET https://img10.naventcdn.com/listado/RPLISv8.317.0-RC2/apostrophe_average_bedrooms_price.js> (resource type: script, referrer: https://www.vivanuncios.com.mx/)
2026-08-12 09:38:28,584 [scrapy-playwright] DEBUG: [Context=default] Request: <GET https://img10.naventcdn.com/listado/RPLISv8.317.0-RC2/5227.js> (resource type: script, referrer: https://www.vivanuncios.com.mx/)
2026-08-12 09:38:28,585 [scrapy-playwright] DEBUG: [Context=default] Request: <GET https://img10.naventcdn.com/listado/RPLISv8.317.0-RC2/cookies_policy_banner.js> (resource type: script, referrer: https://www.vivanuncios.com.mx/)
2026-08-12 09:38:28,585 [scrapy-playwright] DEBUG: [Context=default] Request: <GET https://www.googletagmanager.com/gtm.js?id=GTM-MC2DBQN> (resource type: script, referrer: https://www.vivanuncios.com.mx/)
2026-08-12 09:38:28,588 [scrapy-playwright] DEBUG: [Context=default] Request: <GET https://img10.naventcdn.com/listado/RPLISv8.317.0-RC2/images/premier.ff39caf6.svg> (resource type: image, referrer: https://www.vivanuncios.com.mx/)
2026-08-12 09:38:28,589 [scrapy-playwright] DEBUG: [Context=default] Request: <GET https://www.vivanuncios.com.mx/cdn-cgi/challenge-platform/scripts/jsd/main.js> (resource type: script)
2026-08-12 09:38:28,589 [scrapy-playwright] DEBUG: [Context=default] Response: <200 https://img10.naventcdn.com/listado/RPLISv8.317.0-RC2/images/icon-search-black.ee46020a.svg>
2026-08-12 09:38:28,590 [scrapy-playwright] DEBUG: [Context=default] Response: <200 https://img10.naventcdn.com/listado/RPLISv8.317.0-RC2/images/icon-x-white.b1b5e018.svg>
2026-08-12 09:38:28,590 [scrapy-playwright] DEBUG: [Context=default] Request: <GET https://img10.naventcdn.com/empresas/18/00/00/05/12/53/130x70/51253.jpg> (resource type: image, referrer: https://www.vivanuncios.com.mx/)
2026-08-12 09:38:28,590 [scrapy-playwright] DEBUG: [Context=default] Request: <GET https://img10.naventcdn.com/empresas/18/00/50/22/98/44/130x70/logo_century-21-robles-herrera_1562166716192.jpg> (resource type: image, referrer: https://www.vivanuncios.com.mx/)
2026-08-12 09:38:28,590 [scrapy-playwright] DEBUG: [Context=default] Request: <GET https://img10.naventcdn.com/avisos/18/01/49/30/86/31/360x266/1594793333.jpg?rapc=bXZhX2ltYWdl?isFirstImage=true> (resource type: image, referrer: https://www.vivanuncios.com.mx/)
2026-08-12 09:38:28,591 [scrapy-playwright] DEBUG: [Context=default] Request: <GET https://img10.naventcdn.com/avisos/18/01/49/62/08/42/360x266/1601430689.jpg?rapc=bXZhX2ltYWdl?isFirstImage=true> (resource type: image, referrer: https://www.vivanuncios.com.mx/)
2026-08-12 09:38:28,591 [scrapy-playwright] DEBUG: [Context=default] Request: <GET https://img10.naventcdn.com/avisos/18/01/49/61/95/64/360x266/1601408534.jpg?rapc=bXZhX2ltYWdl?isFirstImage=true> (resource type: image, referrer: https://www.vivanuncios.com.mx/)
2026-08-12 09:38:28,591 [scrapy-playwright] DEBUG: [Context=default] Request: <GET https://img10.naventcdn.com/avisos/18/01/50/59/76/43/360x266/1621564029.jpg?rapc=bXZhX2ltYWdl?isFirstImage=true> (resource type: image, referrer: https://www.vivanuncios.com.mx/)
2026-08-12 09:38:28,591 [scrapy-playwright] DEBUG: [Context=default] Request: <GET https://img10.naventcdn.com/empresas/18/00/50/21/19/47/130x70/logo_espacior-bienes-raices_1554835797067.jpg> (resource type: image, referrer: https://www.vivanuncios.com.mx/)
2026-08-12 09:38:28,592 [scrapy-playwright] DEBUG: [Context=default] Request: <GET https://img10.naventcdn.com/avisos/18/01/49/67/09/19/360x266/1602401087.jpg?rapc=bXZhX2ltYWdl?isFirstImage=true> (resource type: image, referrer: https://www.vivanuncios.com.mx/)
2026-08-12 09:38:28,592 [scrapy-playwright] DEBUG: [Context=default] Request: <GET https://img10.naventcdn.com/empresas/18/00/50/20/91/91/130x70/logo_beall-bienes-raices_1701107763300.jpg> (resource type: image, referrer: https://www.vivanuncios.com.mx/)
2026-08-12 09:38:28,592 [scrapy-playwright] DEBUG: [Context=default] Request: <GET https://img10.naventcdn.com/avisos/18/01/49/62/08/37/360x266/1601744665.jpg?rapc=bXZhX2ltYWdl?isFirstImage=true> (resource type: image, referrer: https://www.vivanuncios.com.mx/)
2026-08-12 09:38:28,593 [scrapy-playwright] DEBUG: [Context=default] Request: <GET https://img10.naventcdn.com/avisos/18/01/50/13/92/86/360x266/1611972505.jpg?rapc=bXZhX2ltYWdl?isFirstImage=true> (resource type: image, referrer: https://www.vivanuncios.com.mx/)
2026-08-12 09:38:28,593 [scrapy-playwright] DEBUG: [Context=default] Request: <GET https://img10.naventcdn.com/empresas/18/00/50/23/09/15/130x70/logo_w-real-estate_1717646762663.jpg> (resource type: image, referrer: https://www.vivanuncios.com.mx/)
2026-08-12 09:38:28,593 [scrapy-playwright] DEBUG: [Context=default] Request: <GET https://img10.naventcdn.com/avisos/18/01/50/46/07/97/360x266/1618570366.jpg?rapc=bXZhX2ltYWdl?isFirstImage=true> (resource type: image, referrer: https://www.vivanuncios.com.mx/)
2026-08-12 09:38:28,593 [scrapy-playwright] DEBUG: [Context=default] Request: <GET https://img10.naventcdn.com/avisos/18/01/50/66/38/25/360x266/1622903236.jpg?rapc=bXZhX2ltYWdl?isFirstImage=true> (resource type: image, referrer: https://www.vivanuncios.com.mx/)
2026-08-12 09:38:28,594 [scrapy-playwright] DEBUG: [Context=default] Request: <GET https://img10.naventcdn.com/empresas/18/00/51/08/67/97/130x70/logo_renacer-asesores-inmobiliarios-s-de-rl-de-cv_1785354236589.jpg> (resource type: image, referrer: https://www.vivanuncios.com.mx/)
2026-08-12 09:38:28,594 [scrapy-playwright] DEBUG: [Context=default] Request: <GET https://img10.naventcdn.com/avisos/18/01/50/57/31/60/360x266/1621081704.jpg?rapc=bXZhX2ltYWdl?isFirstImage=true> (resource type: image, referrer: https://www.vivanuncios.com.mx/)
2026-08-12 09:38:28,594 [scrapy-playwright] DEBUG: [Context=default] Request: <GET https://img10.naventcdn.com/listado/RPLISv8.317.0-RC2/images/mexico-vamx.0f7e4912.png> (resource type: image, referrer: https://www.vivanuncios.com.mx/)
2026-08-12 09:38:28,597 [scrapy-playwright] DEBUG: [Context=default] Response: <200 https://img10.naventcdn.com/listado/RPLISv8.317.0-RC2/images/brand-refresh-header-vivanuncios.4255c6b4.svg>
2026-08-12 09:38:28,597 [scrapy-playwright] DEBUG: [Context=default] Response: <200 https://img10.naventcdn.com/listado/RPLISv8.317.0-RC2/images/discountArrow.6a9f69eb.svg>
2026-08-12 09:38:28,597 [scrapy-playwright] DEBUG: [Context=default] Response: <200 https://img10.naventcdn.com/listado/RPLISv8.317.0-RC2/images/chevron-down-black2.8252f7ce.svg>
2026-08-12 09:38:28,599 [scrapy-playwright] DEBUG: [Context=default] Response: <200 https://img10.naventcdn.com/listado/RPLISv8.317.0-RC2/images/chevron-down.9f9f3010.svg>
2026-08-12 09:38:28,599 [scrapy-playwright] DEBUG: [Context=default] Response: <200 https://img10.naventcdn.com/listado/RPLISv8.317.0-RC2/images/chat_bubble.c941ee77.svg>
2026-08-12 09:38:28,599 [scrapy-playwright] DEBUG: [Context=default] Response: <200 https://img10.naventcdn.com/listado/RPLISv8.317.0-RC2/images/updown.487f1160.svg>
2026-08-12 09:38:28,599 [scrapy-playwright] DEBUG: [Context=default] Response: <200 https://img10.naventcdn.com/listado/RPLISv8.317.0-RC2/libphonenumber.js>
2026-08-12 09:38:28,599 [scrapy-playwright] DEBUG: [Context=default] Response: <200 https://img10.naventcdn.com/listado/RPLISv8.317.0-RC2/images/icon-more-filters.af5473e4.svg>
2026-08-12 09:38:28,600 [scrapy-playwright] DEBUG: [Context=default] Response: <200 https://img10.naventcdn.com/listado/RPLISv8.317.0-RC2/react-dom.js>
2026-08-12 09:38:28,617 [scrapy-playwright] DEBUG: [Context=default] Response: <302 https://www.vivanuncios.com.mx/cdn-cgi/challenge-platform/scripts/jsd/main.js> (location: /cdn-cgi/challenge-platform/h/g/scripts/jsd/aae2b9a1c261/main.js?)
2026-08-12 09:38:28,626 [scrapy-playwright] DEBUG: [Context=default] Response: <200 https://img10.naventcdn.com/listado/RPLISv8.317.0-RC2/site_modal_provider.js>
2026-08-12 09:38:28,626 [scrapy-playwright] DEBUG: [Context=default] Response: <200 https://img10.naventcdn.com/listado/RPLISv8.317.0-RC2/2092.js>
2026-08-12 09:38:28,626 [scrapy-playwright] DEBUG: [Context=default] Response: <200 https://img10.naventcdn.com/listado/RPLISv8.317.0-RC2/6545.js>
2026-08-12 09:38:28,627 [scrapy-playwright] DEBUG: [Context=default] Response: <200 https://img10.naventcdn.com/listado/RPLISv8.317.0-RC2/header_app.js>
2026-08-12 09:38:28,627 [scrapy-playwright] DEBUG: [Context=default] Response: <200 https://img10.naventcdn.com/listado/RPLISv8.317.0-RC2/header_content.js>
2026-08-12 09:38:28,628 [scrapy-playwright] DEBUG: [Context=default] Response: <200 https://img10.naventcdn.com/listado/RPLISv8.317.0-RC2/942.js>
2026-08-12 09:38:28,635 [scrapy-playwright] DEBUG: [Context=default] Response: <200 https://img10.naventcdn.com/listado/RPLISv8.317.0-RC2/2996.js>
2026-08-12 09:38:28,635 [scrapy-playwright] DEBUG: [Context=default] Response: <200 https://img10.naventcdn.com/listado/RPLISv8.317.0-RC2/header_desktop.js>
2026-08-12 09:38:28,636 [scrapy-playwright] DEBUG: [Context=default] Response: <200 https://img10.naventcdn.com/listado/RPLISv8.317.0-RC2/operation_nav_desktop.js>
2026-08-12 09:38:28,637 [scrapy-playwright] DEBUG: [Context=default] Response: <200 https://img10.naventcdn.com/listado/RPLISv8.317.0-RC2/7183.js>
2026-08-12 09:38:28,643 [scrapy-playwright] DEBUG: [Context=default] Response: <200 https://img10.naventcdn.com/listado/RPLISv8.317.0-RC2/7972.js>
2026-08-12 09:38:28,643 [scrapy-playwright] DEBUG: [Context=default] Response: <200 https://img10.naventcdn.com/listado/RPLISv8.317.0-RC2/fintech_block.js>
2026-08-12 09:38:28,643 [scrapy-playwright] DEBUG: [Context=default] Response: <200 https://img10.naventcdn.com/listado/RPLISv8.317.0-RC2/dropdown_user_not_logged.js>
2026-08-12 09:38:28,643 [scrapy-playwright] DEBUG: [Context=default] Response: <200 https://img10.naventcdn.com/listado/RPLISv8.317.0-RC2/listing_view_columns.js>
2026-08-12 09:38:28,643 [scrapy-playwright] DEBUG: [Context=default] Response: <200 https://img10.naventcdn.com/listado/RPLISv8.317.0-RC2/filters_layout.js>
2026-08-12 09:38:28,645 [scrapy-playwright] DEBUG: [Context=default] Response: <200 https://img10.naventcdn.com/listado/RPLISv8.317.0-RC2/images/arrow.a8a0125f.svg>
2026-08-12 09:38:28,645 [scrapy-playwright] DEBUG: [Context=default] Response: <200 https://img10.naventcdn.com/listado/RPLISv8.317.0-RC2/images/vectorBlue.3a5fdd13.svg>
2026-08-12 09:38:28,645 [scrapy-playwright] DEBUG: [Context=default] Response: <200 https://img10.naventcdn.com/listado/RPLISv8.317.0-RC2/images/vectorStroke.7120d1f1.svg>
2026-08-12 09:38:28,645 [scrapy-playwright] DEBUG: [Context=default] Response: <200 https://img10.naventcdn.com/listado/RPLISv8.317.0-RC2/images/vector_vertical.6914ab7b.svg>
2026-08-12 09:38:28,645 [scrapy-playwright] DEBUG: [Context=default] Response: <200 https://img10.naventcdn.com/listado/RPLISv8.317.0-RC2/images/icon_promedio_num.f53bbc55.svg>
2026-08-12 09:38:28,645 [scrapy-playwright] DEBUG: [Context=default] Response: <200 https://img10.naventcdn.com/listado/RPLISv8.317.0-RC2/images/icon_promedio.0032e4b7.svg>
2026-08-12 09:38:28,647 [scrapy-playwright] DEBUG: [Context=default] Response: <200 https://img10.naventcdn.com/listado/RPLISv8.317.0-RC2/filters_top.js>
2026-08-12 09:38:28,647 [scrapy-playwright] DEBUG: [Context=default] Response: <200 https://img10.naventcdn.com/listado/RPLISv8.317.0-RC2/9663.js>
2026-08-12 09:38:28,647 [scrapy-playwright] DEBUG: [Context=default] Response: <200 https://img10.naventcdn.com/listado/RPLISv8.317.0-RC2/1576.js>
2026-08-12 09:38:28,647 [scrapy-playwright] DEBUG: [Context=default] Response: <200 https://img10.naventcdn.com/listado/RPLISv8.317.0-RC2/new_locations_render_type.js>
2026-08-12 09:38:28,647 [scrapy-playwright] DEBUG: [Context=default] Response: <200 https://img10.naventcdn.com/listado/RPLISv8.317.0-RC2/main.js>
2026-08-12 09:38:28,647 [scrapy-playwright] DEBUG: [Context=default] Response: <200 https://img10.naventcdn.com/listado/RPLISv8.317.0-RC2/3951.js>
2026-08-12 09:38:28,647 [scrapy-playwright] DEBUG: [Context=default] Response: <200 https://img10.naventcdn.com/listado/RPLISv8.317.0-RC2/operation_render_type.js>
2026-08-12 09:38:28,648 [scrapy-playwright] DEBUG: [Context=default] Response: <200 https://img10.naventcdn.com/listado/RPLISv8.317.0-RC2/checkbox_render_type.js>
2026-08-12 09:38:28,648 [scrapy-playwright] DEBUG: [Context=default] Response: <200 https://img10.naventcdn.com/listado/RPLISv8.317.0-RC2/range_render_type.js>
2026-08-12 09:38:28,648 [scrapy-playwright] DEBUG: [Context=default] Response: <200 https://img10.naventcdn.com/listado/RPLISv8.317.0-RC2/monetary_render_type.js>
2026-08-12 09:38:28,661 [scrapy-playwright] DEBUG: [Context=default] Request: <GET https://www.vivanuncios.com.mx/cdn-cgi/challenge-platform/h/g/scripts/jsd/aae2b9a1c261/main.js?> (resource type: script)
2026-08-12 09:38:28,670 [scrapy-playwright] DEBUG: [Context=default] Response: <200 https://img10.naventcdn.com/avisos/18/01/49/61/95/64/360x266/1601408534.jpg?rapc=bXZhX2ltYWdl?isFirstImage=true>
2026-08-12 09:38:28,670 [scrapy-playwright] DEBUG: [Context=default] Response: <200 https://img10.naventcdn.com/avisos/18/01/49/30/86/31/360x266/1594793333.jpg?rapc=bXZhX2ltYWdl?isFirstImage=true>
2026-08-12 09:38:28,670 [scrapy-playwright] DEBUG: [Context=default] Response: <200 https://img10.naventcdn.com/avisos/18/01/49/62/08/42/360x266/1601430689.jpg?rapc=bXZhX2ltYWdl?isFirstImage=true>
2026-08-12 09:38:28,670 [scrapy-playwright] DEBUG: [Context=default] Response: <200 https://img10.naventcdn.com/avisos/18/01/50/59/76/43/360x266/1621564029.jpg?rapc=bXZhX2ltYWdl?isFirstImage=true>
2026-08-12 09:38:28,671 [scrapy-playwright] DEBUG: [Context=default] Response: <200 https://img10.naventcdn.com/avisos/18/01/49/67/09/19/360x266/1602401087.jpg?rapc=bXZhX2ltYWdl?isFirstImage=true>
2026-08-12 09:38:28,671 [scrapy-playwright] DEBUG: [Context=default] Response: <200 https://www.vivanuncios.com.mx/cdn-cgi/challenge-platform/h/g/scripts/jsd/aae2b9a1c261/main.js?>
2026-08-12 09:38:28,671 [scrapy-playwright] DEBUG: [Context=default] Response: <200 https://img10.naventcdn.com/listado/RPLISv8.317.0-RC2/site_provider.js>
2026-08-12 09:38:28,671 [scrapy-playwright] DEBUG: [Context=default] Response: <200 https://img10.naventcdn.com/avisos/18/01/50/13/92/86/360x266/1611972505.jpg?rapc=bXZhX2ltYWdl?isFirstImage=true>
2026-08-12 09:38:28,671 [scrapy-playwright] DEBUG: [Context=default] Response: <200 https://img10.naventcdn.com/avisos/18/01/50/46/07/97/360x266/1618570366.jpg?rapc=bXZhX2ltYWdl?isFirstImage=true>
2026-08-12 09:38:28,671 [scrapy-playwright] DEBUG: [Context=default] Response: <200 https://img10.naventcdn.com/listado/RPLISv8.317.0-RC2/9624.js>
2026-08-12 09:38:28,671 [scrapy-playwright] DEBUG: [Context=default] Response: <200 https://img10.naventcdn.com/listado/RPLISv8.317.0-RC2/more_filters.js>
2026-08-12 09:38:28,671 [scrapy-playwright] DEBUG: [Context=default] Response: <200 https://img10.naventcdn.com/listado/RPLISv8.317.0-RC2/list_top_section_desktop.js>
2026-08-12 09:38:28,671 [scrapy-playwright] DEBUG: [Context=default] Response: <200 https://img10.naventcdn.com/listado/RPLISv8.317.0-RC2/create_bookmarks.js>
2026-08-12 09:38:28,671 [scrapy-playwright] DEBUG: [Context=default] Response: <200 https://img10.naventcdn.com/listado/RPLISv8.317.0-RC2/select_render_type_filter.js>
2026-08-12 09:38:28,672 [scrapy-playwright] DEBUG: [Context=default] Response: <200 https://img10.naventcdn.com/listado/RPLISv8.317.0-RC2/list_view.js>
2026-08-12 09:38:28,672 [scrapy-playwright] DEBUG: [Context=default] Response: <200 https://img10.naventcdn.com/listado/RPLISv8.317.0-RC2/6975.js>
2026-08-12 09:38:28,672 [scrapy-playwright] DEBUG: [Context=default] Response: <200 https://img10.naventcdn.com/listado/RPLISv8.317.0-RC2/3281.js>
2026-08-12 09:38:28,672 [scrapy-playwright] DEBUG: [Context=default] Response: <200 https://img10.naventcdn.com/listado/RPLISv8.317.0-RC2/682.js>
2026-08-12 09:38:28,672 [scrapy-playwright] DEBUG: [Context=default] Response: <200 https://img10.naventcdn.com/listado/RPLISv8.317.0-RC2/5968.js>
2026-08-12 09:38:28,672 [scrapy-playwright] DEBUG: [Context=default] Response: <200 https://img10.naventcdn.com/listado/RPLISv8.317.0-RC2/6731.js>
2026-08-12 09:38:28,672 [scrapy-playwright] DEBUG: [Context=default] Response: <200 https://img10.naventcdn.com/listado/RPLISv8.317.0-RC2/posting_list_provider.js>
2026-08-12 09:38:29,419 [scrapy-playwright] DEBUG: [Context=default] Request: <POST https://www.vivanuncios.com.mx/cdn-cgi/challenge-platform/h/g/jsd/oneshot/aae2b9a1c261/0.5146932117011116:1786546835:StkEKgBXLEvCdI03SLlp2zYcedWuj5LWP0r1YiGUTaY/a2a091310aca5e48> (resource type: xhr)
2026-08-12 09:38:29,419 [scrapy-playwright] DEBUG: [Context=default] Response: <200 https://img10.naventcdn.com/avisos/18/01/49/62/08/37/360x266/1601744665.jpg?rapc=bXZhX2ltYWdl?isFirstImage=true>
2026-08-12 09:38:29,419 [scrapy-playwright] DEBUG: [Context=default] Response: <200 https://img10.naventcdn.com/listado/RPLISv8.317.0-RC2/images/icon_rango.3092f869.svg>
2026-08-12 09:38:29,419 [scrapy-playwright] DEBUG: [Context=default] Response: <200 https://img10.naventcdn.com/empresas/18/00/50/22/98/44/130x70/logo_century-21-robles-herrera_1562166716192.jpg>
2026-08-12 09:38:29,420 [scrapy-playwright] DEBUG: [Context=default] Response: <200 https://img10.naventcdn.com/empresas/18/00/50/23/09/15/130x70/logo_w-real-estate_1717646762663.jpg>
2026-08-12 09:38:29,420 [scrapy-playwright] DEBUG: [Context=default] Response: <200 https://img10.naventcdn.com/listado/RPLISv8.317.0-RC2/images/mexico-vamx.0f7e4912.png>
2026-08-12 09:38:29,420 [scrapy-playwright] DEBUG: [Context=default] Response: <200 https://img10.naventcdn.com/avisos/18/01/50/57/31/60/360x266/1621081704.jpg?rapc=bXZhX2ltYWdl?isFirstImage=true>
2026-08-12 09:38:29,420 [scrapy-playwright] DEBUG: [Context=default] Response: <200 https://img10.naventcdn.com/empresas/18/00/51/08/67/97/130x70/logo_renacer-asesores-inmobiliarios-s-de-rl-de-cv_1785354236589.jpg>
2026-08-12 09:38:29,420 [scrapy-playwright] DEBUG: [Context=default] Response: <200 https://img10.naventcdn.com/avisos/18/01/50/66/38/25/360x266/1622903236.jpg?rapc=bXZhX2ltYWdl?isFirstImage=true>
2026-08-12 09:38:29,420 [scrapy-playwright] DEBUG: [Context=default] Response: <200 https://img10.naventcdn.com/listado/RPLISv8.317.0-RC2/images/premier.ff39caf6.svg>
2026-08-12 09:38:29,420 [scrapy-playwright] DEBUG: [Context=default] Response: <200 https://img10.naventcdn.com/empresas/18/00/50/21/19/47/130x70/logo_espacior-bienes-raices_1554835797067.jpg>
2026-08-12 09:38:29,420 [scrapy-playwright] DEBUG: [Context=default] Response: <200 https://img10.naventcdn.com/empresas/18/00/00/05/12/53/130x70/51253.jpg>
2026-08-12 09:38:29,420 [scrapy-playwright] DEBUG: [Context=default] Response: <200 https://img10.naventcdn.com/empresas/18/00/50/20/91/91/130x70/logo_beall-bienes-raices_1701107763300.jpg>
2026-08-12 09:38:29,420 [scrapy-playwright] DEBUG: [Context=default] Response: <200 https://img10.naventcdn.com/listado/RPLISv8.317.0-RC2/nav_menu.js>
2026-08-12 09:38:29,420 [scrapy-playwright] DEBUG: [Context=default] Response: <200 https://img10.naventcdn.com/listado/RPLISv8.317.0-RC2/publish_button.js>
2026-08-12 09:38:29,420 [scrapy-playwright] DEBUG: [Context=default] Response: <200 https://img10.naventcdn.com/listado/RPLISv8.317.0-RC2/login_button.js>
2026-08-12 09:38:29,420 [scrapy-playwright] DEBUG: [Context=default] Response: <200 https://img10.naventcdn.com/listado/RPLISv8.317.0-RC2/main_app.js>
2026-08-12 09:38:29,420 [scrapy-playwright] DEBUG: [Context=default] Response: <200 https://img10.naventcdn.com/listado/RPLISv8.317.0-RC2/2522.js>
2026-08-12 09:38:29,421 [scrapy-playwright] DEBUG: [Context=default] Response: <200 https://img10.naventcdn.com/listado/RPLISv8.317.0-RC2/7787.js>
2026-08-12 09:38:29,421 [scrapy-playwright] DEBUG: [Context=default] Response: <200 https://img10.naventcdn.com/listado/RPLISv8.317.0-RC2/main_layout_container.js>
2026-08-12 09:38:29,421 [scrapy-playwright] DEBUG: [Context=default] Response: <200 https://img10.naventcdn.com/listado/RPLISv8.317.0-RC2/main_provider.js>
2026-08-12 09:38:29,421 [scrapy-playwright] DEBUG: [Context=default] Response: <200 https://img10.naventcdn.com/listado/RPLISv8.317.0-RC2/quick_filters.js>
2026-08-12 09:38:29,421 [scrapy-playwright] DEBUG: [Context=default] Response: <200 https://img10.naventcdn.com/listado/RPLISv8.317.0-RC2/8447.js>
2026-08-12 09:38:29,421 [scrapy-playwright] DEBUG: [Context=default] Response: <200 https://img10.naventcdn.com/listado/RPLISv8.317.0-RC2/postings_title.js>
2026-08-12 09:38:29,421 [scrapy-playwright] DEBUG: [Context=default] Response: <200 https://img10.naventcdn.com/listado/RPLISv8.317.0-RC2/7606.js>
2026-08-12 09:38:29,421 [scrapy-playwright] DEBUG: [Context=default] Response: <200 https://accounts.google.com/gsi/client>
2026-08-12 09:38:29,421 [scrapy-playwright] DEBUG: [Context=default] Response: <200 https://img10.naventcdn.com/listado/RPLISv8.317.0-RC2/posting_gallery_fixed_components.js>
2026-08-12 09:38:29,421 [scrapy-playwright] DEBUG: [Context=default] Response: <200 https://img10.naventcdn.com/listado/RPLISv8.317.0-RC2/posting_card.js>
2026-08-12 09:38:29,421 [scrapy-playwright] DEBUG: [Context=default] Response: <200 https://img10.naventcdn.com/listado/RPLISv8.317.0-RC2/5792.js>
2026-08-12 09:38:29,421 [scrapy-playwright] DEBUG: [Context=default] Response: <200 https://img10.naventcdn.com/listado/RPLISv8.317.0-RC2/3409.js>
2026-08-12 09:38:29,421 [scrapy-playwright] DEBUG: [Context=default] Response: <200 https://img10.naventcdn.com/listado/RPLISv8.317.0-RC2/8463.js>
2026-08-12 09:38:29,421 [scrapy-playwright] DEBUG: [Context=default] Response: <200 https://img10.naventcdn.com/listado/RPLISv8.317.0-RC2/3546.js>
2026-08-12 09:38:29,421 [scrapy-playwright] DEBUG: [Context=default] Response: <200 https://img10.naventcdn.com/listado/RPLISv8.317.0-RC2/3386.js>
2026-08-12 09:38:29,421 [scrapy-playwright] DEBUG: [Context=default] Response: <200 https://img10.naventcdn.com/listado/RPLISv8.317.0-RC2/recommended_container.js>
2026-08-12 09:38:29,421 [scrapy-playwright] DEBUG: [Context=default] Response: <200 https://img10.naventcdn.com/listado/RPLISv8.317.0-RC2/postings_call_to_actions.js>
2026-08-12 09:38:29,421 [scrapy-playwright] DEBUG: [Context=default] Response: <200 https://img10.naventcdn.com/listado/RPLISv8.317.0-RC2/ads_implementation_router.js>
2026-08-12 09:38:29,422 [scrapy-playwright] DEBUG: [Context=default] Response: <200 https://img10.naventcdn.com/listado/RPLISv8.317.0-RC2/contact_button.js>
2026-08-12 09:38:29,422 [scrapy-playwright] DEBUG: [Context=default] Response: <200 https://img10.naventcdn.com/listado/RPLISv8.317.0-RC2/paging.js>
2026-08-12 09:38:29,422 [scrapy-playwright] DEBUG: [Context=default] Response: <200 https://img10.naventcdn.com/listado/RPLISv8.317.0-RC2/memoized_ads_slots.js>
2026-08-12 09:38:29,422 [scrapy-playwright] DEBUG: [Context=default] Response: <200 https://img10.naventcdn.com/listado/RPLISv8.317.0-RC2/9612.js>
2026-08-12 09:38:29,422 [scrapy-playwright] DEBUG: [Context=default] Response: <200 https://img10.naventcdn.com/listado/RPLISv8.317.0-RC2/map_button.js>
2026-08-12 09:38:29,422 [scrapy-playwright] DEBUG: [Context=default] Response: <200 https://img10.naventcdn.com/listado/RPLISv8.317.0-RC2/apostrophe_description.js>
2026-08-12 09:38:29,422 [scrapy-playwright] DEBUG: [Context=default] Response: <200 https://img10.naventcdn.com/listado/RPLISv8.317.0-RC2/6752.js>
2026-08-12 09:38:29,422 [scrapy-playwright] DEBUG: [Context=default] Response: <200 https://img10.naventcdn.com/listado/RPLISv8.317.0-RC2/side_column_ads_slots.js>
2026-08-12 09:38:29,422 [scrapy-playwright] DEBUG: [Context=default] Response: <200 https://img10.naventcdn.com/listado/RPLISv8.317.0-RC2/container_ads_slots.js>
2026-08-12 09:38:29,422 [scrapy-playwright] DEBUG: [Context=default] Response: <200 https://img10.naventcdn.com/listado/RPLISv8.317.0-RC2/apostrophe_average_bedrooms_price.js>
2026-08-12 09:38:29,422 [scrapy-playwright] DEBUG: [Context=default] Response: <200 https://img10.naventcdn.com/listado/RPLISv8.317.0-RC2/5227.js>
2026-08-12 09:38:29,422 [scrapy-playwright] DEBUG: [Context=default] Response: <200 https://img10.naventcdn.com/listado/RPLISv8.317.0-RC2/3313.js>
2026-08-12 09:38:29,422 [scrapy-playwright] DEBUG: [Context=default] Response: <200 https://img10.naventcdn.com/listado/RPLISv8.317.0-RC2/whatsapp_button.js>
2026-08-12 09:38:29,422 [scrapy-playwright] DEBUG: [Context=default] Response: <200 https://img10.naventcdn.com/listado/RPLISv8.317.0-RC2/apostrophe_component.js>
2026-08-12 09:38:29,423 [scrapy-playwright] DEBUG: [Context=default] Response: <200 https://img10.naventcdn.com/listado/RPLISv8.317.0-RC2/apostrophe_average_sale_price.js>
2026-08-12 09:38:29,423 [scrapy-playwright] DEBUG: [Context=default] Response: <200 https://img10.naventcdn.com/listado/RPLISv8.317.0-RC2/breadcrumb.js>
2026-08-12 09:38:29,423 [scrapy-playwright] DEBUG: [Context=default] Response: <200 https://img10.naventcdn.com/listado/RPLISv8.317.0-RC2/7757.js>
2026-08-12 09:38:29,423 [scrapy-playwright] DEBUG: [Context=default] Response: <200 https://img10.naventcdn.com/listado/RPLISv8.317.0-RC2/cookies_policy_banner.js>
2026-08-12 09:38:29,423 [scrapy-playwright] DEBUG: [Context=default] Response: <200 https://img10.naventcdn.com/listado/RPLISv8.317.0-RC2/apostrophe_sale_range_price.js>
2026-08-12 09:38:29,515 [scrapy-playwright] DEBUG: [Context=default] Request: <GET https://img10.naventcdn.com/listado/RPLISv8.317.0-RC2/css/8447.f7b753072c14bf89ae80.css> (resource type: stylesheet, referrer: https://www.vivanuncios.com.mx/)
2026-08-12 09:38:29,515 [scrapy-playwright] DEBUG: [Context=default] Request: <GET https://img10.naventcdn.com/listado/RPLISv8.317.0-RC2/css/recommended_gallery.bf1abec856b24ace8279.css> (resource type: stylesheet, referrer: https://www.vivanuncios.com.mx/)
2026-08-12 09:38:29,516 [scrapy-playwright] DEBUG: [Context=default] Request: <GET https://finprop-api-content.vivanuncios.com.mx/contents?site=VAMX&page=listado&section=header_calculator_banner&user.id=&user.name=&user.surname=&user.email=&user.phone=> (resource type: fetch, referrer: https://www.vivanuncios.com.mx/)
2026-08-12 09:38:29,516 [scrapy-playwright] DEBUG: [Context=default] Request: <GET https://www.vivanuncios.com.mx/rp-api/user/session> (resource type: fetch, referrer: https://www.vivanuncios.com.mx/s-venta-inmuebles/chihuahua/v1c1097l1005p1?sort=most_lowered_price)
2026-08-12 09:38:29,516 [scrapy-playwright] DEBUG: [Context=default] Request: <GET https://www.vivanuncios.com.mx/rplis-api/user/activity?postingsIds=150315412,150452392,149315625,149308645,149620858,149619751,150598113,149671186,149620852,150139290,150460815,150664406,150573183,149428139,150366400,149179070,149428159,145938066,149994776,150562005,150027483,149241975,149428158,150562009,150210841,150519613,150562048,149776860,150728028,150327646> (resource type: fetch, referrer: https://www.vivanuncios.com.mx/s-venta-inmuebles/chihuahua/v1c1097l1005p1?sort=most_lowered_price)
2026-08-12 09:38:29,516 [scrapy-playwright] DEBUG: [Context=default] Request: <GET https://us.creativecdn.com/tags?id=pr_uBSmHTMIe51S3ztqdTkn_listing_{{150315412,150452392,149315625,149308645,149620858}}> (resource type: document, referrer: https://www.vivanuncios.com.mx/)
2026-08-12 09:38:29,521 [scrapy-playwright] DEBUG: [Context=default] Request: <GET https://securepubads.g.doubleclick.net/tag/js/gpt.js> (resource type: script, referrer: https://www.vivanuncios.com.mx/)
2026-08-12 09:38:29,521 [scrapy-playwright] DEBUG: [Context=default] Request: <GET https://img10.naventcdn.com/listado/RPLISv8.317.0-RC2/images/right-arrow.5c51420c.svg> (resource type: image, referrer: https://www.vivanuncios.com.mx/)
2026-08-12 09:38:29,526 [scrapy-playwright] DEBUG: [Context=default] Response: <200 https://www.vivanuncios.com.mx/cdn-cgi/challenge-platform/h/g/jsd/oneshot/aae2b9a1c261/0.5146932117011116:1786546835:StkEKgBXLEvCdI03SLlp2zYcedWuj5LWP0r1YiGUTaY/a2a091310aca5e48>
2026-08-12 09:38:29,526 [scrapy-playwright] DEBUG: [Context=default] Request: <GET https://img10.naventcdn.com/avisos/18/01/50/31/54/00/360x266/1615530242.jpg?rapc=bXZhX2ltYWdl> (resource type: image, referrer: https://www.vivanuncios.com.mx/)
2026-08-12 09:38:29,527 [scrapy-playwright] DEBUG: [Context=default] Request: <GET https://img10.naventcdn.com/avisos/18/01/50/32/37/99/360x266/1615795335.jpg?rapc=bXZhX2ltYWdl> (resource type: image, referrer: https://www.vivanuncios.com.mx/)
2026-08-12 09:38:29,561 [scrapy-playwright] DEBUG: [Context=default] Request: <GET https://img10.naventcdn.com/empresas/18/00/51/05/27/29/130x70/logo_century-21-excellence_1785785036942.jpg> (resource type: image, referrer: https://www.vivanuncios.com.mx/)
2026-08-12 09:38:29,561 [scrapy-playwright] DEBUG: [Context=default] Request: <GET https://img10.naventcdn.com/empresas/18/00/00/02/05/01/130x70/logo_grupo-epinet-s.a.-de-c.v..jpg> (resource type: image, referrer: https://www.vivanuncios.com.mx/)
2026-08-12 09:38:29,561 [scrapy-playwright] DEBUG: [Context=default] Response: <200 https://img10.naventcdn.com/listado/RPLISv8.317.0-RC2/css/recommended_gallery.bf1abec856b24ace8279.css>
2026-08-12 09:38:29,561 [scrapy-playwright] DEBUG: [Context=default] Request: <GET https://img10.naventcdn.com/listado/RPLISv8.317.0-RC2/images/chevron-down-black.f56ea6e1.svg> (resource type: image, referrer: https://www.vivanuncios.com.mx/)
2026-08-12 09:38:29,561 [scrapy-playwright] DEBUG: [Context=default] Response: <200 https://img10.naventcdn.com/listado/RPLISv8.317.0-RC2/css/8447.f7b753072c14bf89ae80.css>
2026-08-12 09:38:29,567 [scrapy-playwright] DEBUG: [Context=default] Response: <403 https://www.vivanuncios.com.mx/rp-api/user/session>
2026-08-12 09:38:29,567 [scrapy-playwright] DEBUG: [Context=default] Response: <403 https://www.vivanuncios.com.mx/rplis-api/user/activity?postingsIds=150315412,150452392,149315625,149308645,149620858,149619751,150598113,149671186,149620852,150139290,150460815,150664406,150573183,149428139,150366400,149179070,149428159,145938066,149994776,150562005,150027483,149241975,149428158,150562009,150210841,150519613,150562048,149776860,150728028,150327646>
2026-08-12 09:38:29,567 [scrapy-playwright] DEBUG: [Context=default] Request: <POST https://www.vivanuncios.com.mx/analytics/avisos_countImpressions.ajax> (resource type: fetch, referrer: https://www.vivanuncios.com.mx/s-venta-inmuebles/chihuahua/v1c1097l1005p1?sort=most_lowered_price)
2026-08-12 09:38:29,582 [scrapy-playwright] DEBUG: [Context=default] Request: <GET https://img10.naventcdn.com/listado/RPLISv8.317.0-RC2/9366.js> (resource type: script, referrer: https://www.vivanuncios.com.mx/)
2026-08-12 09:38:29,583 [scrapy-playwright] DEBUG: [Context=default] Request: <GET https://img10.naventcdn.com/listado/RPLISv8.317.0-RC2/css/quick_login.cafb6c3544016c1bb0c9.css> (resource type: stylesheet, referrer: https://www.vivanuncios.com.mx/)
2026-08-12 09:38:29,583 [scrapy-playwright] DEBUG: [Context=default] Request: <GET https://img10.naventcdn.com/listado/RPLISv8.317.0-RC2/quick_login.js> (resource type: script, referrer: https://www.vivanuncios.com.mx/)
2026-08-12 09:38:29,584 [scrapy-playwright] DEBUG: [Context=default] Response: <200 https://img10.naventcdn.com/avisos/18/01/50/32/37/99/360x266/1615795335.jpg?rapc=bXZhX2ltYWdl>
2026-08-12 09:38:29,584 [scrapy-playwright] DEBUG: [Context=default] Response: <200 https://img10.naventcdn.com/avisos/18/01/50/31/54/00/360x266/1615530242.jpg?rapc=bXZhX2ltYWdl>
2026-08-12 09:38:29,584 [scrapy-playwright] DEBUG: [Context=default] Request: <GET https://finprop-api-content.vivanuncios.com.mx/contents?site=VAMX&page=listado&section=header_calculator_banner&user.id=&user.name=&user.surname=&user.email=&user.phone=> (resource type: fetch, referrer: https://www.vivanuncios.com.mx/)
2026-08-12 09:38:29,584 [scrapy-playwright] DEBUG: [Context=default] Request: <GET https://www.vivanuncios.com.mx/rp-api/labs/v1/recommended?isMobile=false&page=listado&limit=20&action=&isDevelop=false&idsPostingView=150315412%2C150452392%2C149315625%2C149308645%2C149620858%2C149619751%2C150598113%2C149671186%2C149620852%2C150139290%2C150460815%2C150664406%2C150573183%2C149428139%2C150366400%2C149179070%2C149428159%2C145938066%2C149994776%2C150562005%2C150027483%2C149241975%2C149428158%2C150562009%2C150210841%2C150519613%2C150562048%2C149776860%2C150728028%2C150327646&recommendName=personalizedRecommended> (resource type: fetch, referrer: https://www.vivanuncios.com.mx/s-venta-inmuebles/chihuahua/v1c1097l1005p1?sort=most_lowered_price)
2026-08-12 09:38:29,590 [scrapy-playwright] DEBUG: [Context=default] Response: <200 https://www.googletagmanager.com/gtm.js?id=GTM-MC2DBQN>
2026-08-12 09:38:29,611 [scrapy-playwright] DEBUG: [Context=default] Response: <200 https://img10.naventcdn.com/listado/RPLISv8.317.0-RC2/images/right-arrow.5c51420c.svg>
2026-08-12 09:38:29,611 [scrapy-playwright] DEBUG: [Context=default] Response: <200 https://img10.naventcdn.com/empresas/18/00/00/02/05/01/130x70/logo_grupo-epinet-s.a.-de-c.v..jpg>
2026-08-12 09:38:29,611 [scrapy-playwright] DEBUG: [Context=default] Response: <403 https://www.vivanuncios.com.mx/analytics/avisos_countImpressions.ajax>
2026-08-12 09:38:29,644 [scrapy-playwright] DEBUG: [Context=default] Request: <GET https://www.googletagmanager.com/gtag/js?id=G-C4HWQQM571&cx=c&gtm=4e68a1> (resource type: script, referrer: https://www.vivanuncios.com.mx/)
2026-08-12 09:38:29,645 [scrapy-playwright] DEBUG: [Context=default] Request: <GET https://gum.criteo.com/sync?c=undefined&r=2&a=1&j=crto_callback> (resource type: script, referrer: https://www.vivanuncios.com.mx/)
2026-08-12 09:38:29,659 [scrapy-playwright] DEBUG: [Context=default] Request: <POST https://www.google.com/ccm/collect?rcb=1&frm=0&apvc=1&ae=g&auid=1162676416.1786549110&dt=5%2C011%20Propiedades%20e%20inmuebles%20en%20venta%20bajaron%20de%20precio%20-%20Provincia%20de%20Chihuahua%20-%20Vivanuncios&en=page_view&dl=https%3A%2F%2Fwww.vivanuncios.com.mx%2Fs-venta-inmuebles%2Fchihuahua%2Fv1c1097l1005p1%3Fsort%3Dmost_lowered_price&scrsrc=www.googletagmanager.com&rnd=988499729.1786549110&navt=n&npa=0&ep.ads_data_redaction=0&gtm=45He68a1v858857621za200zd858857621xea&gcd=13l3l3l3l1l1&dma=0&tag_exp=115938466~115938469~118395334~118897920~118897930~119527019~119896803~120125304&tft=1786549109655&tfd=2532&fmt=8> (resource type: fetch, referrer: https://www.vivanuncios.com.mx/)
2026-08-12 09:38:29,659 [scrapy-playwright] DEBUG: [Context=default] Request: <POST https://ad.doubleclick.net/ccm/s/collect?auid=1162676416.1786549110&gtm=45He68a1v858857621za200zd858857621xea&fmt=8> (resource type: fetch, referrer: https://www.vivanuncios.com.mx/)
2026-08-12 09:38:29,660 [scrapy-playwright] DEBUG: [Context=default] Response: <200 https://img10.naventcdn.com/listado/RPLISv8.317.0-RC2/css/quick_login.cafb6c3544016c1bb0c9.css>
2026-08-12 09:38:29,660 [scrapy-playwright] DEBUG: [Context=default] Response: <200 https://img10.naventcdn.com/listado/RPLISv8.317.0-RC2/images/chevron-down-black.f56ea6e1.svg>
2026-08-12 09:38:29,660 [scrapy-playwright] DEBUG: [Context=default] Response: <200 https://img10.naventcdn.com/empresas/18/00/51/05/27/29/130x70/logo_century-21-excellence_1785785036942.jpg>
2026-08-12 09:38:29,666 [scrapy-playwright] DEBUG: [Context=default] Request: <GET https://www.googletagmanager.com/gtag/js?id=G-3W0YTSRCK7&cx=c&gtm=4e68a1> (resource type: script, referrer: https://www.vivanuncios.com.mx/)
2026-08-12 09:38:29,669 [scrapy-playwright] DEBUG: [Context=default] Response: <403 https://www.vivanuncios.com.mx/rp-api/labs/v1/recommended?isMobile=false&page=listado&limit=20&action=&isDevelop=false&idsPostingView=150315412%2C150452392%2C149315625%2C149308645%2C149620858%2C149619751%2C150598113%2C149671186%2C149620852%2C150139290%2C150460815%2C150664406%2C150573183%2C149428139%2C150366400%2C149179070%2C149428159%2C145938066%2C149994776%2C150562005%2C150027483%2C149241975%2C149428158%2C150562009%2C150210841%2C150519613%2C150562048%2C149776860%2C150728028%2C150327646&recommendName=personalizedRecommended>
2026-08-12 09:38:29,669 [scrapy-playwright] DEBUG: [Context=default] Response: <200 https://img10.naventcdn.com/listado/RPLISv8.317.0-RC2/quick_login.js>
2026-08-12 09:38:29,669 [scrapy-playwright] DEBUG: [Context=default] Response: <200 https://img10.naventcdn.com/listado/RPLISv8.317.0-RC2/9366.js>
2026-08-12 09:38:29,676 [scrapy-playwright] DEBUG: [Context=default] Request: <GET https://accounts.google.com/gsi/style> (resource type: stylesheet, referrer: https://www.vivanuncios.com.mx/)
2026-08-12 09:38:29,677 [scrapy-playwright] DEBUG: [Context=default] Response: <204 https://finprop-api-content.vivanuncios.com.mx/contents?site=VAMX&page=listado&section=header_calculator_banner&user.id=&user.name=&user.surname=&user.email=&user.phone=>
2026-08-12 09:38:29,677 [scrapy-playwright] DEBUG: [Context=default] Response: <204 https://finprop-api-content.vivanuncios.com.mx/contents?site=VAMX&page=listado&section=header_calculator_banner&user.id=&user.name=&user.surname=&user.email=&user.phone=>
2026-08-12 09:38:29,700 [scrapy-playwright] DEBUG: [Context=default] Response: <302 https://us.creativecdn.com/tags?id=pr_uBSmHTMIe51S3ztqdTkn_listing_{{150315412,150452392,149315625,149308645,149620858}}> (location: https://us.creativecdn.com/tags?id=pr_uBSmHTMIe51S3ztqdTkn_listing_{{150315412,150452392,149315625,149308645,149620858}}&tc=1)
2026-08-12 09:38:29,733 [scrapy-playwright] DEBUG: [Context=default] Response: <200 https://securepubads.g.doubleclick.net/tag/js/gpt.js>
2026-08-12 09:38:29,742 [scrapy-playwright] DEBUG: [Context=default] Request: <GET https://securepubads.g.doubleclick.net/pagead/managed/js/gpt/m202608110101/pubads_impl.js?cb=122880392> (resource type: script, referrer: https://www.vivanuncios.com.mx/)
2026-08-12 09:38:29,742 [scrapy-playwright] DEBUG: [Context=default] Response: <200 https://accounts.google.com/gsi/style>
2026-08-12 09:38:29,742 [scrapy-playwright] DEBUG: [Context=default] Response: <400 https://gum.criteo.com/sync?c=undefined&r=2&a=1&j=crto_callback>
2026-08-12 09:38:29,749 [scrapy-playwright] DEBUG: [Context=default] Request: <GET https://securepubads.g.doubleclick.net/pagead/managed/dict/m202608110101/gpt> (resource type: other)
2026-08-12 09:38:29,754 [scrapy-playwright] DEBUG: [Context=default] Request: <GET https://us.creativecdn.com/tags?id=pr_uBSmHTMIe51S3ztqdTkn_listing_{{150315412,150452392,149315625,149308645,149620858}}&tc=1> (resource type: document, referrer: https://www.vivanuncios.com.mx/)
2026-08-12 09:38:29,754 [scrapy-playwright] DEBUG: [Context=default] Response: <204 https://us.creativecdn.com/tags?id=pr_uBSmHTMIe51S3ztqdTkn_listing_{{150315412,150452392,149315625,149308645,149620858}}&tc=1>
2026-08-12 09:38:29,819 [scrapy-playwright] DEBUG: [Context=default] Response: <204 https://ad.doubleclick.net/ccm/s/collect?auid=1162676416.1786549110&gtm=45He68a1v858857621za200zd858857621xea&fmt=8>
2026-08-12 09:38:29,822 [scrapy-playwright] DEBUG: [Context=default] Response: <200 https://www.google.com/ccm/collect?rcb=1&frm=0&apvc=1&ae=g&auid=1162676416.1786549110&dt=5%2C011%20Propiedades%20e%20inmuebles%20en%20venta%20bajaron%20de%20precio%20-%20Provincia%20de%20Chihuahua%20-%20Vivanuncios&en=page_view&dl=https%3A%2F%2Fwww.vivanuncios.com.mx%2Fs-venta-inmuebles%2Fchihuahua%2Fv1c1097l1005p1%3Fsort%3Dmost_lowered_price&scrsrc=www.googletagmanager.com&rnd=988499729.1786549110&navt=n&npa=0&ep.ads_data_redaction=0&gtm=45He68a1v858857621za200zd858857621xea&gcd=13l3l3l3l1l1&dma=0&tag_exp=115938466~115938469~118395334~118897920~118897930~119527019~119896803~120125304&tft=1786549109655&tfd=2532&fmt=8>
2026-08-12 09:38:29,824 [scrapy-playwright] DEBUG: [Context=default] Response: <200 https://www.googletagmanager.com/gtag/js?id=G-C4HWQQM571&cx=c&gtm=4e68a1>
2026-08-12 09:38:29,859 [scrapy-playwright] DEBUG: [Context=default] Request: <POST https://analytics.google.com/g/collect?v=2&tid=G-C4HWQQM571&gtm=45je68a1v9103994736z8858857621za20gzb858857621zd858857621&_p=1786549108455&_gaz=1&gcd=13l3l3l3l1l1&npa=0&dma=0&_eu=AAAAAGAC&are=1&cid=1417020176.1786549110&frm=0&pscdl=noapi&rcb=4&sr=1280x720&uaa=arm&uab=64&uafvl=Not%253DA%253FBrand%3B99.0.0.0%7CHeadlessChrome%3B151.0.7922.34%7CChromium%3B151.0.7922.34&uam=&uamb=0&uap=macOS&uapv=26.6.0&uaw=0&ul=en-us&gaf=2&_s=1&tag_exp=115938466~115938469~118897920~118897930~119367802~119367810~119527019~119896802&sid=1786549109&sct=1&seg=0&dl=https%3A%2F%2Fwww.vivanuncios.com.mx%2Fs-venta-inmuebles%2Fchihuahua%2Fv1c1097l1005p1%3Fsort%3Dmost_lowered_price&dt=5%2C011%20Propiedades%20e%20inmuebles%20en%20venta%20bajaron%20de%20precio%20-%20Provincia%20de%20Chihuahua%20-%20Vivanuncios&en=impression_modal&_fv=1&_nsi=1&_ss=1&ep.is_logged=No&ep.modal_name=Modal_Pol%C3%ADticas&tfd=2726> (resource type: fetch, referrer: https://www.vivanuncios.com.mx/)
2026-08-12 09:38:29,859 [scrapy-playwright] DEBUG: [Context=default] Request: <POST https://stats.g.doubleclick.net/g/collect?v=2&tid=G-C4HWQQM571&cid=1417020176.1786549110&gtm=45je68a1v9103994736z8858857621za20gzb858857621zd858857621&rcb=4&aip=1&dma=0&gcd=13l3l3l3l1l1&npa=0&frm=0&tag_exp=115938466~115938469~118897920~118897930~119367802~119367810~119527019~119896802> (resource type: ping, referrer: https://www.vivanuncios.com.mx/)
2026-08-12 09:38:29,860 [scrapy-playwright] DEBUG: [Context=default] Response: <200 https://securepubads.g.doubleclick.net/pagead/managed/dict/m202608110101/gpt>
2026-08-12 09:38:29,861 [scrapy-playwright] DEBUG: [Context=default] Request: <GET https://www.google.com.mx/ads/ga-audiences?v=1&t=sr&slf_rd=1&_r=4&tid=G-C4HWQQM571&cid=1417020176.1786549110&gtm=45je68a1v9103994736z8858857621za20gzb858857621zd858857621&rcb=4&aip=1&dma=0&gcd=13l3l3l3l1l1&npa=0&frm=0&tag_exp=115938466~115938469~118897920~118897930~119367802~119367810~119527019~119896802&z=385290805> (resource type: image, referrer: https://www.vivanuncios.com.mx/)
2026-08-12 09:38:29,862 [scrapy-playwright] DEBUG: [Context=default] Response: <200 https://securepubads.g.doubleclick.net/pagead/managed/js/gpt/m202608110101/pubads_impl.js?cb=122880392>
2026-08-12 09:38:29,880 [scrapy-playwright] DEBUG: [Context=default] Request: <GET https://securepubads.g.doubleclick.net/pagead/purl_config?url=https%3A%2F%2Fwww.vivanuncios.com.mx%2Fs-venta-inmuebles%2Fchihuahua%2Fv1c1097l1005p1%3Fsort%3Dmost_lowered_price&puc_types=2%3A4&pppnc=107862907> (resource type: fetch, referrer: https://www.vivanuncios.com.mx/)
2026-08-12 09:38:29,882 [scrapy-playwright] DEBUG: [Context=default] Request: <GET https://cm.g.doubleclick.net/partnerpixels?url=https%3A%2F%2Fwww.vivanuncios.com.mx%2Fs-venta-inmuebles%2Fchihuahua%2Fv1c1097l1005p1%3Fsort%3Dmost_lowered_price> (resource type: document, referrer: https://www.vivanuncios.com.mx/)
2026-08-12 09:38:29,890 [scrapy-playwright] DEBUG: [Context=default] Response: <200 https://www.googletagmanager.com/gtag/js?id=G-3W0YTSRCK7&cx=c&gtm=4e68a1>
2026-08-12 09:38:29,916 [scrapy-playwright] DEBUG: [Context=default] Request: <GET https://securepubads.g.doubleclick.net/gampad/ads?pvsid=592545961621712&correlator=4248763519190030&eid=122880130%2C95398734%2C122880392&output=ldjh&gdfp_req=1&vrg=202608110101&ptt=17&impl=fifs&iu_parts=1026403%2CMX_Vivanuncios%2CMX_Vivanuncios_Listado_BarrioPatrocinado%2CMX_Vivanuncios_Leaderboard_1%2CMX_Vivanuncios_Leaderboard_2&enc_prev_ius=0%2F1%2F2%2C0%2F1%2F3%2C0%2F1%2F4&prev_iu_szs=320x50%7C294x468%2C294x250%2C294x250&fluid=height%2C0%2C0&ifi=1&dids=main-container-highlight-adSlo~postings-list-top-adSlot~postings-list-middle-adSlot&adfs=954585118~1487475904~584265098&sfv=1-0-45&sc=1&lrm=10&cookie_enabled=1&abxe=1&dt=1786549109892&lmt=1786549109&adxs=976%2C976%2C976&adys=256%2C4169%2C6906&biw=1280&bih=720&scr_x=0&scr_y=0&btvi=0%7C1%7C2&ucis=1%7C2%7C3&oid=2&u_his=2&u_h=720&u_w=1280&u_ah=720&u_aw=1280&u_cd=24&u_sd=1&u_tz=-360&dmc=16&bc=31&nvt=1&uach=WyJtYWNPUyIsIjI2LjYuMCIsImFybSIsIiIsIjE1MS4wLjc5MjIuMzQiLG51bGwsMCxudWxsLCI2NCIsW1siTm90PUE_QnJhbmQiLCI5OS4wLjAuMCJdLFsiSGVhZGxlc3NDaHJvbWUiLCIxNTEuMC43OTIyLjM0Il0sWyJDaHJvbWl1bSIsIjE1MS4wLjc5MjIuMzQiXV0sMF0.&url=https%3A%2F%2Fwww.vivanuncios.com.mx%2Fs-venta-inmuebles%2Fchihuahua%2Fv1c1097l1005p1%3Fsort%3Dmost_lowered_price&vis=1&psz=294x0%7C0x0%7C0x0&msz=294x0%7C0x0%7C0x0&fws=512%2C512%2C512&ohw=0%2C0%2C0&dlt=1786549108310&idt=1546&prev_scp=idtipodeoperacion%3D1%26idtipodepropiedad%3D%26idsubtipodepropiedad%3D%26isLancamento%3Dfalse%26ambiente%3D3%26portal%3Dvivanuncios%26idprovincia%3D8066%26idciudad%3D%26idzonaciudad%3D%26idzonavalor%3D%26idsubzonaciudad%3D%7Cidtipodeoperacion%3D1%26idtipodepropiedad%3D%26idsubtipodepropiedad%3D%26isLancamento%3Dfalse%26ambiente%3D3%26portal%3Dvivanuncios%26idprovincia%3D8066%26idciudad%3D%26idzonaciudad%3D%26idzonavalor%3D%26idsubzonaciudad%3D%7Cidtipodeoperacion%3D1%26idtipodepropiedad%3D%26idsubtipodepropiedad%3D%26isLancamento%3Dfalse%26ambiente%3D3%26portal%3Dvivanuncios%26idprovincia%3D8066%26idciudad%3D%26idzonaciudad%3D%26idzonavalor%3D%26idsubzonaciudad%3D&cust_params=idtipodeoperacion%3D1%26idtipodepropiedad%3D%26idsubtipodepropiedad%3D%26busquedakw%3D%26preciominimo%3D%26preciomaximo%3D%26idmoneda%3D%26isLancamento%3Dfalse%26ambiente%3D3%26portal%3Dvivanuncios%26idprovincia%3D8066%26idciudad%3D%26idzonaciudad%3D%26idzonavalor%3D%26idsubzonaciudad%3D&adks=2785285026%2C2893187962%2C3720533012&frm=20&no_cau_info=1&eoidce=1&pgls=CAk.> (resource type: fetch, referrer: https://www.vivanuncios.com.mx/)
2026-08-12 09:38:29,920 [scrapy-playwright] DEBUG: [Context=default] Request: <GET https://5d80394f0b10bc2f4ae49cb6e11ba114.safeframe.googlesyndication.com/safeframe/1-0-45/html/container.html> (resource type: document, referrer: https://www.vivanuncios.com.mx/)
2026-08-12 09:38:29,985 [scrapy-playwright] DEBUG: [Context=default] Request: <POST https://analytics.google.com/g/collect?v=2&tid=G-3W0YTSRCK7&gtm=45je68a1v9235587196z8858857621za20gzb858857621zd858857621&_p=1786549108455&_gaz=1&gcd=13l3l3l3l1l1&npa=0&dma=0&_eu=AAAAAGA&are=1&cid=1417020176.1786549110&frm=0&pscdl=noapi&rcb=1&sr=1280x720&uaa=arm&uab=64&uafvl=Not%253DA%253FBrand%3B99.0.0.0%7CHeadlessChrome%3B151.0.7922.34%7CChromium%3B151.0.7922.34&uam=&uamb=0&uap=macOS&uapv=26.6.0&uaw=0&ul=en-us&gaf=2&_s=1&tag_exp=115616985~115938466~115938469~118897920~118897930~119367802~119367810~119404703~119527020~119896803~120125305&sid=1786549109&sct=1&seg=0&dl=https%3A%2F%2Fwww.vivanuncios.com.mx%2Fs-venta-inmuebles%2Fchihuahua%2Fv1c1097l1005p1%3Fsort%3Dmost_lowered_price&dt=5%2C011%20Propiedades%20e%20inmuebles%20en%20venta%20bajaron%20de%20precio%20-%20Provincia%20de%20Chihuahua%20-%20Vivanuncios&en=impression_modal&_fv=1&_ss=1&ep.modal_name=Modal_Pol%C3%ADticas&tfd=2827> (resource type: fetch, referrer: https://www.vivanuncios.com.mx/)
2026-08-12 09:38:29,986 [scrapy-playwright] DEBUG: [Context=default] Request: <POST https://stats.g.doubleclick.net/g/collect?v=2&tid=G-3W0YTSRCK7&cid=1417020176.1786549110&gtm=45je68a1v9235587196z8858857621za20gzb858857621zd858857621&rcb=1&aip=1&dma=0&gcd=13l3l3l3l1l1&npa=0&frm=0&tag_exp=115616985~115938466~115938469~118897920~118897930~119367802~119367810~119404703~119527020~119896803~120125305> (resource type: ping, referrer: https://www.vivanuncios.com.mx/)
2026-08-12 09:38:29,986 [scrapy-playwright] DEBUG: [Context=default] Request: <GET https://www.google.com.mx/ads/ga-audiences?v=1&t=sr&slf_rd=1&_r=4&tid=G-3W0YTSRCK7&cid=1417020176.1786549110&gtm=45je68a1v9235587196z8858857621za20gzb858857621zd858857621&rcb=1&aip=1&dma=0&gcd=13l3l3l3l1l1&npa=0&frm=0&tag_exp=115616985~115938466~115938469~118897920~118897930~119367802~119367810~119404703~119527020~119896803~120125305&z=578411084> (resource type: image, referrer: https://www.vivanuncios.com.mx/)
2026-08-12 09:38:29,988 [scrapy-playwright] DEBUG: [Context=default] Response: <200 https://securepubads.g.doubleclick.net/pagead/purl_config?url=https%3A%2F%2Fwww.vivanuncios.com.mx%2Fs-venta-inmuebles%2Fchihuahua%2Fv1c1097l1005p1%3Fsort%3Dmost_lowered_price&puc_types=2%3A4&pppnc=107862907>
2026-08-12 09:38:30,018 [scrapy-playwright] DEBUG: [Context=default] Response: <204 https://analytics.google.com/g/collect?v=2&tid=G-C4HWQQM571&gtm=45je68a1v9103994736z8858857621za20gzb858857621zd858857621&_p=1786549108455&_gaz=1&gcd=13l3l3l3l1l1&npa=0&dma=0&_eu=AAAAAGAC&are=1&cid=1417020176.1786549110&frm=0&pscdl=noapi&rcb=4&sr=1280x720&uaa=arm&uab=64&uafvl=Not%253DA%253FBrand%3B99.0.0.0%7CHeadlessChrome%3B151.0.7922.34%7CChromium%3B151.0.7922.34&uam=&uamb=0&uap=macOS&uapv=26.6.0&uaw=0&ul=en-us&gaf=2&_s=1&tag_exp=115938466~115938469~118897920~118897930~119367802~119367810~119527019~119896802&sid=1786549109&sct=1&seg=0&dl=https%3A%2F%2Fwww.vivanuncios.com.mx%2Fs-venta-inmuebles%2Fchihuahua%2Fv1c1097l1005p1%3Fsort%3Dmost_lowered_price&dt=5%2C011%20Propiedades%20e%20inmuebles%20en%20venta%20bajaron%20de%20precio%20-%20Provincia%20de%20Chihuahua%20-%20Vivanuncios&en=impression_modal&_fv=1&_nsi=1&_ss=1&ep.is_logged=No&ep.modal_name=Modal_Pol%C3%ADticas&tfd=2726>
2026-08-12 09:38:30,020 [scrapy-playwright] DEBUG: [Context=default] Response: <200 https://www.google.com.mx/ads/ga-audiences?v=1&t=sr&slf_rd=1&_r=4&tid=G-C4HWQQM571&cid=1417020176.1786549110&gtm=45je68a1v9103994736z8858857621za20gzb858857621zd858857621&rcb=4&aip=1&dma=0&gcd=13l3l3l3l1l1&npa=0&frm=0&tag_exp=115938466~115938469~118897920~118897930~119367802~119367810~119527019~119896802&z=385290805>
2026-08-12 09:38:30,035 [scrapy-playwright] DEBUG: [Context=default] Response: <204 https://stats.g.doubleclick.net/g/collect?v=2&tid=G-C4HWQQM571&cid=1417020176.1786549110&gtm=45je68a1v9103994736z8858857621za20gzb858857621zd858857621&rcb=4&aip=1&dma=0&gcd=13l3l3l3l1l1&npa=0&frm=0&tag_exp=115938466~115938469~118897920~118897930~119367802~119367810~119527019~119896802>
2026-08-12 09:38:30,047 [scrapy-playwright] DEBUG: [Context=default] Response: <200 https://cm.g.doubleclick.net/partnerpixels?url=https%3A%2F%2Fwww.vivanuncios.com.mx%2Fs-venta-inmuebles%2Fchihuahua%2Fv1c1097l1005p1%3Fsort%3Dmost_lowered_price>
2026-08-12 09:38:30,056 [scrapy-playwright] DEBUG: [Context=default] Response: <204 https://stats.g.doubleclick.net/g/collect?v=2&tid=G-3W0YTSRCK7&cid=1417020176.1786549110&gtm=45je68a1v9235587196z8858857621za20gzb858857621zd858857621&rcb=1&aip=1&dma=0&gcd=13l3l3l3l1l1&npa=0&frm=0&tag_exp=115616985~115938466~115938469~118897920~118897930~119367802~119367810~119404703~119527020~119896803~120125305>
2026-08-12 09:38:30,056 [scrapy-playwright] DEBUG: [Context=default] Response: <204 https://analytics.google.com/g/collect?v=2&tid=G-3W0YTSRCK7&gtm=45je68a1v9235587196z8858857621za20gzb858857621zd858857621&_p=1786549108455&_gaz=1&gcd=13l3l3l3l1l1&npa=0&dma=0&_eu=AAAAAGA&are=1&cid=1417020176.1786549110&frm=0&pscdl=noapi&rcb=1&sr=1280x720&uaa=arm&uab=64&uafvl=Not%253DA%253FBrand%3B99.0.0.0%7CHeadlessChrome%3B151.0.7922.34%7CChromium%3B151.0.7922.34&uam=&uamb=0&uap=macOS&uapv=26.6.0&uaw=0&ul=en-us&gaf=2&_s=1&tag_exp=115616985~115938466~115938469~118897920~118897930~119367802~119367810~119404703~119527020~119896803~120125305&sid=1786549109&sct=1&seg=0&dl=https%3A%2F%2Fwww.vivanuncios.com.mx%2Fs-venta-inmuebles%2Fchihuahua%2Fv1c1097l1005p1%3Fsort%3Dmost_lowered_price&dt=5%2C011%20Propiedades%20e%20inmuebles%20en%20venta%20bajaron%20de%20precio%20-%20Provincia%20de%20Chihuahua%20-%20Vivanuncios&en=impression_modal&_fv=1&_ss=1&ep.modal_name=Modal_Pol%C3%ADticas&tfd=2827>
2026-08-12 09:38:30,062 [scrapy-playwright] DEBUG: [Context=default] Response: <200 https://www.google.com.mx/ads/ga-audiences?v=1&t=sr&slf_rd=1&_r=4&tid=G-3W0YTSRCK7&cid=1417020176.1786549110&gtm=45je68a1v9235587196z8858857621za20gzb858857621zd858857621&rcb=1&aip=1&dma=0&gcd=13l3l3l3l1l1&npa=0&frm=0&tag_exp=115616985~115938466~115938469~118897920~118897930~119367802~119367810~119404703~119527020~119896803~120125305&z=578411084>
2026-08-12 09:38:30,076 [scrapy-playwright] DEBUG: [Context=default] Response: <200 https://securepubads.g.doubleclick.net/gampad/ads?pvsid=592545961621712&correlator=4248763519190030&eid=122880130%2C95398734%2C122880392&output=ldjh&gdfp_req=1&vrg=202608110101&ptt=17&impl=fifs&iu_parts=1026403%2CMX_Vivanuncios%2CMX_Vivanuncios_Listado_BarrioPatrocinado%2CMX_Vivanuncios_Leaderboard_1%2CMX_Vivanuncios_Leaderboard_2&enc_prev_ius=0%2F1%2F2%2C0%2F1%2F3%2C0%2F1%2F4&prev_iu_szs=320x50%7C294x468%2C294x250%2C294x250&fluid=height%2C0%2C0&ifi=1&dids=main-container-highlight-adSlo~postings-list-top-adSlot~postings-list-middle-adSlot&adfs=954585118~1487475904~584265098&sfv=1-0-45&sc=1&lrm=10&cookie_enabled=1&abxe=1&dt=1786549109892&lmt=1786549109&adxs=976%2C976%2C976&adys=256%2C4169%2C6906&biw=1280&bih=720&scr_x=0&scr_y=0&btvi=0%7C1%7C2&ucis=1%7C2%7C3&oid=2&u_his=2&u_h=720&u_w=1280&u_ah=720&u_aw=1280&u_cd=24&u_sd=1&u_tz=-360&dmc=16&bc=31&nvt=1&uach=WyJtYWNPUyIsIjI2LjYuMCIsImFybSIsIiIsIjE1MS4wLjc5MjIuMzQiLG51bGwsMCxudWxsLCI2NCIsW1siTm90PUE_QnJhbmQiLCI5OS4wLjAuMCJdLFsiSGVhZGxlc3NDaHJvbWUiLCIxNTEuMC43OTIyLjM0Il0sWyJDaHJvbWl1bSIsIjE1MS4wLjc5MjIuMzQiXV0sMF0.&url=https%3A%2F%2Fwww.vivanuncios.com.mx%2Fs-venta-inmuebles%2Fchihuahua%2Fv1c1097l1005p1%3Fsort%3Dmost_lowered_price&vis=1&psz=294x0%7C0x0%7C0x0&msz=294x0%7C0x0%7C0x0&fws=512%2C512%2C512&ohw=0%2C0%2C0&dlt=1786549108310&idt=1546&prev_scp=idtipodeoperacion%3D1%26idtipodepropiedad%3D%26idsubtipodepropiedad%3D%26isLancamento%3Dfalse%26ambiente%3D3%26portal%3Dvivanuncios%26idprovincia%3D8066%26idciudad%3D%26idzonaciudad%3D%26idzonavalor%3D%26idsubzonaciudad%3D%7Cidtipodeoperacion%3D1%26idtipodepropiedad%3D%26idsubtipodepropiedad%3D%26isLancamento%3Dfalse%26ambiente%3D3%26portal%3Dvivanuncios%26idprovincia%3D8066%26idciudad%3D%26idzonaciudad%3D%26idzonavalor%3D%26idsubzonaciudad%3D%7Cidtipodeoperacion%3D1%26idtipodepropiedad%3D%26idsubtipodepropiedad%3D%26isLancamento%3Dfalse%26ambiente%3D3%26portal%3Dvivanuncios%26idprovincia%3D8066%26idciudad%3D%26idzonaciudad%3D%26idzonavalor%3D%26idsubzonaciudad%3D&cust_params=idtipodeoperacion%3D1%26idtipodepropiedad%3D%26idsubtipodepropiedad%3D%26busquedakw%3D%26preciominimo%3D%26preciomaximo%3D%26idmoneda%3D%26isLancamento%3Dfalse%26ambiente%3D3%26portal%3Dvivanuncios%26idprovincia%3D8066%26idciudad%3D%26idzonaciudad%3D%26idzonavalor%3D%26idsubzonaciudad%3D&adks=2785285026%2C2893187962%2C3720533012&frm=20&no_cau_info=1&eoidce=1&pgls=CAk.>
2026-08-12 09:38:30,134 [scrapy-playwright] DEBUG: [Context=default] Response: <200 https://5d80394f0b10bc2f4ae49cb6e11ba114.safeframe.googlesyndication.com/safeframe/1-0-45/html/container.html>
2026-08-12 09:38:30,142 [scrapy-playwright] DEBUG: [Context=default] Request: <GET https://ep1.adtrafficquality.google/getconfig/sodar?sv=200&tid=gpt&tv=m202608110101&st=env&sjk=592545961621712> (resource type: xhr, referrer: https://www.vivanuncios.com.mx/)
2026-08-12 09:38:30,142 [scrapy-playwright] DEBUG: [Context=default] Request: <GET https://js-agent.newrelic.com/nr-spa-1.297.0.min.js> (resource type: script, referrer: https://www.vivanuncios.com.mx/)
2026-08-12 09:38:30,143 [scrapy-playwright] DEBUG: [Context=default] Request: <POST https://www.vivanuncios.com.mx/cdn-cgi/rum?> (resource type: xhr, referrer: https://www.vivanuncios.com.mx/s-venta-inmuebles/chihuahua/v1c1097l1005p1?sort=most_lowered_price)
2026-08-12 09:38:30,178 [scrapy-playwright] DEBUG: [Context=default] Request: <POST https://analytics.google.com/g/collect?v=2&tid=G-3W0YTSRCK7&gtm=45je68a1v9235587196z8858857621za20gzb858857621zd858857621&_p=1786549108455&gcd=13l3l3l3l1l1&npa=0&dma=0&_eu=AAAAAGQ&are=1&cid=1417020176.1786549110&frm=0&pscdl=noapi&rcb=1&sr=1280x720&uaa=arm&uab=64&uafvl=Not%253DA%253FBrand%3B99.0.0.0%7CHeadlessChrome%3B151.0.7922.34%7CChromium%3B151.0.7922.34&uam=&uamb=0&uap=macOS&uapv=26.6.0&uaw=0&ul=en-us&gaf=2&tag_exp=115616985~115938466~115938469~118897920~118897930~119367802~119367810~119404703~119527020~119896803~120125305&sid=1786549109&sct=1&seg=1&dl=https%3A%2F%2Fwww.vivanuncios.com.mx%2Fs-venta-inmuebles%2Fchihuahua%2Fv1c1097l1005p1%3Fsort%3Dmost_lowered_price&dt=5%2C011%20Propiedades%20e%20inmuebles%20en%20venta%20bajaron%20de%20precio%20-%20Provincia%20de%20Chihuahua%20-%20Vivanuncios&_s=2&tfd=3047> (resource type: fetch, referrer: https://www.vivanuncios.com.mx/)
2026-08-12 09:38:30,178 [scrapy-playwright] DEBUG: [Context=default] Request: <GET https://www.vivanuncios.com.mx/tracking/g/collect?v=2&tid=G-3W0YTSRCK7&gtm=45je68a1v9235587196z8858857621za20gzb858857621zd858857621&_p=1786549108455&gcd=13l3l3l3l1l1&npa=0&dma=0&ecid=147421383&_eu=AAAAAGQ&_fplc=0&are=1&cid=1417020176.1786549110&ec_mode=c&frm=0&pscdl=noapi&rcb=1&sr=1280x720&uaa=arm&uab=64&uafvl=Not%253DA%253FBrand%3B99.0.0.0%7CHeadlessChrome%3B151.0.7922.34%7CChromium%3B151.0.7922.34&uam=&uamb=0&uap=macOS&uapv=26.6.0&uaw=0&ul=en-us&ur=MX-CHH&sst.etld=google.com.mx&sst.tft=1786549108455&sst.lpc=35724967&sst.navt=n&sst.ude=0&sst.sw_exp=1&gaf=2&_s=3&tag_exp=115616985~115938466~115938469~118897920~118897930~119367802~119367810~119404703~119527020~119896803~120125305&sid=1786549109&sct=1&seg=1&dl=https%3A%2F%2Fwww.vivanuncios.com.mx%2Fs-venta-inmuebles%2Fchihuahua%2Fv1c1097l1005p1%3Fsort%3Dmost_lowered_price&dt=5%2C011%20Propiedades%20e%20inmuebles%20en%20venta%20bajaron%20de%20precio%20-%20Provincia%20de%20Chihuahua%20-%20Vivanuncios&_tu=BA&en=search&gap.sstd=1&ep.content_group=Listado&ep.fb_event=true&evnid=1786549109654.927722.317&ep.fb_id=888643211192359&ep.x-fb-ck-fbp=fb.3.1786549109640.1833273825&ep.google_ads_id=11200569259&ep.criteo_user_email=&ep.ecommerce_event=false&ep.isDesarrollo=false&ep.ga4_event=false&ep.x-fb-cd-content_type=home_listing&ep.x-fb-cd-content_ids=&ep.custom_properties=%7B%22city%22%3A%22NA%22%2C%22region%22%3A%22Chihuahua%22%2C%22country%22%3A%22MX%22%7D&ep.item_ids=150315412%2C150452392%2C149315625&_et=210&ep.user_data.email_address=&ep.user_data.phone_number=&ep.user_data.address.first_name=&ep.user_data.address._tag_metadata.first_name.mode=c&ep.user_data._tag_metadata.email_address.mode=c&ep.user_data._tag_metadata.phone_number.mode=c&tfd=3047&richsstsse> (resource type: fetch, referrer: https://www.vivanuncios.com.mx/s-venta-inmuebles/chihuahua/v1c1097l1005p1?sort=most_lowered_price)
2026-08-12 09:38:30,179 [scrapy-playwright] DEBUG: [Context=default] Response: <204 https://www.vivanuncios.com.mx/cdn-cgi/rum?>
2026-08-12 09:38:30,179 [scrapy-playwright] DEBUG: [Context=default] Request: <GET https://www.vivanuncios.com.mx/tracking/_/service_worker/68a0/sw_iframe.html?origin=https%3A%2F%2Fwww.vivanuncios.com.mx&1p=1&path=%2Ftracking> (resource type: document)
2026-08-12 09:38:30,182 [scrapy.core.engine] DEBUG: Crawled (200) <GET https://www.vivanuncios.com.mx/s-venta-inmuebles/chihuahua/v1c1097l1005p1?sort=most_lowered_price> (referer: None) ['playwright']
2026-08-12 09:38:30,213 [scrapy-playwright] DEBUG: [Context=default] Response: <403 https://www.vivanuncios.com.mx/tracking/_/service_worker/68a0/sw_iframe.html?origin=https%3A%2F%2Fwww.vivanuncios.com.mx&1p=1&path=%2Ftracking>
2026-08-12 09:38:30,216 [scrapy-playwright] DEBUG: [Context=default] Request: <GET https://www.vivanuncios.com.mx/cdn-cgi/challenge-platform/h/g/orchestrate/chl_page/v1?ray=a2a091438c6e5e48> (resource type: script, referrer: https://www.vivanuncios.com.mx/tracking/_/service_worker/68a0/sw_iframe.html?origin=https%3A%2F%2Fwww.vivanuncios.com.mx&1p=1&path=%2Ftracking&__cf_chl_rt_tk=WfxbYIT96xjWkEw3YIPYBtnWoca7rSHtOJLOrYT3yCU-1786549110-1.0.1.1-8iv0vs0BPH3pY7LflfJCz9Y2uBuyDJHpzU4Gf4qOGn0)
2026-08-12 09:38:30,216 [scrapy-playwright] DEBUG: [Context=default] Response: <403 https://www.vivanuncios.com.mx/tracking/g/collect?v=2&tid=G-3W0YTSRCK7&gtm=45je68a1v9235587196z8858857621za20gzb858857621zd858857621&_p=1786549108455&gcd=13l3l3l3l1l1&npa=0&dma=0&ecid=147421383&_eu=AAAAAGQ&_fplc=0&are=1&cid=1417020176.1786549110&ec_mode=c&frm=0&pscdl=noapi&rcb=1&sr=1280x720&uaa=arm&uab=64&uafvl=Not%253DA%253FBrand%3B99.0.0.0%7CHeadlessChrome%3B151.0.7922.34%7CChromium%3B151.0.7922.34&uam=&uamb=0&uap=macOS&uapv=26.6.0&uaw=0&ul=en-us&ur=MX-CHH&sst.etld=google.com.mx&sst.tft=1786549108455&sst.lpc=35724967&sst.navt=n&sst.ude=0&sst.sw_exp=1&gaf=2&_s=3&tag_exp=115616985~115938466~115938469~118897920~118897930~119367802~119367810~119404703~119527020~119896803~120125305&sid=1786549109&sct=1&seg=1&dl=https%3A%2F%2Fwww.vivanuncios.com.mx%2Fs-venta-inmuebles%2Fchihuahua%2Fv1c1097l1005p1%3Fsort%3Dmost_lowered_price&dt=5%2C011%20Propiedades%20e%20inmuebles%20en%20venta%20bajaron%20de%20precio%20-%20Provincia%20de%20Chihuahua%20-%20Vivanuncios&_tu=BA&en=search&gap.sstd=1&ep.content_group=Listado&ep.fb_event=true&evnid=1786549109654.927722.317&ep.fb_id=888643211192359&ep.x-fb-ck-fbp=fb.3.1786549109640.1833273825&ep.google_ads_id=11200569259&ep.criteo_user_email=&ep.ecommerce_event=false&ep.isDesarrollo=false&ep.ga4_event=false&ep.x-fb-cd-content_type=home_listing&ep.x-fb-cd-content_ids=&ep.custom_properties=%7B%22city%22%3A%22NA%22%2C%22region%22%3A%22Chihuahua%22%2C%22country%22%3A%22MX%22%7D&ep.item_ids=150315412%2C150452392%2C149315625&_et=210&ep.user_data.email_address=&ep.user_data.phone_number=&ep.user_data.address.first_name=&ep.user_data.address._tag_metadata.first_name.mode=c&ep.user_data._tag_metadata.email_address.mode=c&ep.user_data._tag_metadata.phone_number.mode=c&tfd=3047&richsstsse>
2026-08-12 09:38:30,248 [scrapy-playwright] DEBUG: [Context=default] Response: <204 https://analytics.google.com/g/collect?v=2&tid=G-3W0YTSRCK7&gtm=45je68a1v9235587196z8858857621za20gzb858857621zd858857621&_p=1786549108455&gcd=13l3l3l3l1l1&npa=0&dma=0&_eu=AAAAAGQ&are=1&cid=1417020176.1786549110&frm=0&pscdl=noapi&rcb=1&sr=1280x720&uaa=arm&uab=64&uafvl=Not%253DA%253FBrand%3B99.0.0.0%7CHeadlessChrome%3B151.0.7922.34%7CChromium%3B151.0.7922.34&uam=&uamb=0&uap=macOS&uapv=26.6.0&uaw=0&ul=en-us&gaf=2&tag_exp=115616985~115938466~115938469~118897920~118897930~119367802~119367810~119404703~119527020~119896803~120125305&sid=1786549109&sct=1&seg=1&dl=https%3A%2F%2Fwww.vivanuncios.com.mx%2Fs-venta-inmuebles%2Fchihuahua%2Fv1c1097l1005p1%3Fsort%3Dmost_lowered_price&dt=5%2C011%20Propiedades%20e%20inmuebles%20en%20venta%20bajaron%20de%20precio%20-%20Provincia%20de%20Chihuahua%20-%20Vivanuncios&_s=2&tfd=3047>
2026-08-12 09:38:30,265 [scrapy-playwright] DEBUG: [Context=default] Response: <200 https://www.vivanuncios.com.mx/cdn-cgi/challenge-platform/h/g/orchestrate/chl_page/v1?ray=a2a091438c6e5e48>
2026-08-12 09:38:30,278 [scrapy-playwright] DEBUG: [Context=default] Request: <GET https://challenges.cloudflare.com/turnstile/v0/g/aae2b9a1c261/api.js?onload=mlyM5&render=explicit> (resource type: script)
2026-08-12 09:38:30,291 [scrapy-playwright] DEBUG: [Context=default] Response: <200 https://js-agent.newrelic.com/nr-spa-1.297.0.min.js>
2026-08-12 09:38:30,297 [scrapy-playwright] DEBUG: [Context=default] Request: <POST https://bam.nr-data.net/1/9e5469c271?a=278671896&sa=1&v=1.297.0&t=Unnamed%20Transaction&rst=3171&ck=0&s=009aee751a57388b&ref=https://www.vivanuncios.com.mx/s-venta-inmuebles/chihuahua/v1c1097l1005p1&ptid=def995e87e30a92d&af=err,spa,xhr,stn,ins&be=1182&fe=1831&dc=185&fsh=1&perf=%7B%22timing%22:%7B%22of%22:1786549107124,%22n%22:0,%22f%22:0,%22dn%22:11,%22dne%22:24,%22c%22:24,%22s%22:46,%22ce%22:91,%22rq%22:91,%22rp%22:1182,%22rpe%22:1211,%22di%22:1365,%22ds%22:1366,%22de%22:1367,%22dc%22:3011,%22l%22:3012,%22le%22:3013%7D,%22navigation%22:%7B%7D%7D&fp=1348&fcp=1376> (resource type: xhr, referrer: https://www.vivanuncios.com.mx/)
2026-08-12 09:38:30,321 [scrapy-playwright] DEBUG: [Context=default] Response: <200 https://ep1.adtrafficquality.google/getconfig/sodar?sv=200&tid=gpt&tv=m202608110101&st=env&sjk=592545961621712>
2026-08-12 09:38:30,327 [scrapy-playwright] DEBUG: [Context=default] Request: <GET https://ep2.adtrafficquality.google/sodar/sodar2.js> (resource type: script, referrer: https://www.vivanuncios.com.mx/)
2026-08-12 09:38:30,388 [scrapy-playwright] DEBUG: [Context=default] Request: <POST https://www.vivanuncios.com.mx/cdn-cgi/challenge-platform/h/g/fo/55142797:1786546830:hPjQn3TfM1VzikT80ijZYjNlRfEvVkJCM03FIaa6Blg/a2a091438c6e5e48/lfbBXgL28q4TWqCYVxojlwPCrBVg0YOyn6NNNFvDiiQ-1786549110-1.2.1.1-ZeSThzhDiBI.QaeFMmlQfytDjbyXVWdpGgp4uuKaK1oGa4ovg51kDXX.k7JND3Bc> (resource type: xhr, referrer: https://www.vivanuncios.com.mx/tracking/_/service_worker/68a0/sw_iframe.html?origin=https%3A%2F%2Fwww.vivanuncios.com.mx&1p=1&path=%2Ftracking)
2026-08-12 09:38:30,395 [scrapy-playwright] DEBUG: [Context=default] Response: <200 https://challenges.cloudflare.com/turnstile/v0/g/aae2b9a1c261/api.js?onload=mlyM5&render=explicit>
2026-08-12 09:38:30,447 [scrapy-playwright] DEBUG: [Context=default] Response: <200 https://www.vivanuncios.com.mx/cdn-cgi/challenge-platform/h/g/fo/55142797:1786546830:hPjQn3TfM1VzikT80ijZYjNlRfEvVkJCM03FIaa6Blg/a2a091438c6e5e48/lfbBXgL28q4TWqCYVxojlwPCrBVg0YOyn6NNNFvDiiQ-1786549110-1.2.1.1-ZeSThzhDiBI.QaeFMmlQfytDjbyXVWdpGgp4uuKaK1oGa4ovg51kDXX.k7JND3Bc>
2026-08-12 09:38:30,447 [scrapy-playwright] DEBUG: [Context=default] Request: <GET https://challenges.cloudflare.com/cdn-cgi/challenge-platform/h/g/turnstile/f/av0/rch/jf8tx/0x4AAAAAAADnPIDROrmt1Wwj/light/fbE/new/normal?lang=auto> (resource type: document)
2026-08-12 09:38:30,455 [scrapy-playwright] DEBUG: [Context=default] Response: <200 https://bam.nr-data.net/1/9e5469c271?a=278671896&sa=1&v=1.297.0&t=Unnamed%20Transaction&rst=3171&ck=0&s=009aee751a57388b&ref=https://www.vivanuncios.com.mx/s-venta-inmuebles/chihuahua/v1c1097l1005p1&ptid=def995e87e30a92d&af=err,spa,xhr,stn,ins&be=1182&fe=1831&dc=185&fsh=1&perf=%7B%22timing%22:%7B%22of%22:1786549107124,%22n%22:0,%22f%22:0,%22dn%22:11,%22dne%22:24,%22c%22:24,%22s%22:46,%22ce%22:91,%22rq%22:91,%22rp%22:1182,%22rpe%22:1211,%22di%22:1365,%22ds%22:1366,%22de%22:1367,%22dc%22:3011,%22l%22:3012,%22le%22:3013%7D,%22navigation%22:%7B%7D%7D&fp=1348&fcp=1376>
2026-08-12 09:38:30,490 [scrapy-playwright] DEBUG: [Context=default] Response: <200 https://ep2.adtrafficquality.google/sodar/sodar2.js>
2026-08-12 09:38:30,492 [scrapy-playwright] DEBUG: [Context=default] Request: <GET https://ep2.adtrafficquality.google/sodar/sodar2/255/runner.html> (resource type: document, referrer: https://www.vivanuncios.com.mx/)
2026-08-12 09:38:30,493 [scrapy-playwright] DEBUG: [Context=default] Request: <GET https://www.google.com/recaptcha/api2/aframe> (resource type: document, referrer: https://www.vivanuncios.com.mx/)
2026-08-12 09:38:30,495 [scrapy-playwright] DEBUG: [Context=default] Request: <POST https://bam.nr-data.net/events/1/9e5469c271?a=278671896&sa=1&v=1.297.0&t=Unnamed%20Transaction&rst=3369&ck=0&s=009aee751a57388b&ref=https://www.vivanuncios.com.mx/s-venta-inmuebles/chihuahua/v1c1097l1005p1&ptid=def995e87e30a92d> (resource type: xhr, referrer: https://www.vivanuncios.com.mx/)
2026-08-12 09:38:30,522 [scrapy-playwright] DEBUG: [Context=default] Response: <200 https://challenges.cloudflare.com/cdn-cgi/challenge-platform/h/g/turnstile/f/av0/rch/jf8tx/0x4AAAAAAADnPIDROrmt1Wwj/light/fbE/new/normal?lang=auto>
2026-08-12 09:38:30,522 [scrapy-playwright] DEBUG: [Context=default] Response: <200 https://ep2.adtrafficquality.google/sodar/sodar2/255/runner.html>
2026-08-12 09:38:30,524 [scrapy-playwright] DEBUG: [Context=default] Request: <GET https://pagead2.googlesyndication.com/bg/yQ1ZEylnsXIyF7if62X1hSIj7AdytWEYswERqBPOWRU.js> (resource type: script, referrer: https://ep2.adtrafficquality.google/)
2026-08-12 09:38:30,568 [scrapy-playwright] DEBUG: [Context=default] Response: <200 https://www.google.com/recaptcha/api2/aframe>
2026-08-12 09:38:30,572 [scrapy-playwright] DEBUG: [Context=default] Response: <200 https://bam.nr-data.net/events/1/9e5469c271?a=278671896&sa=1&v=1.297.0&t=Unnamed%20Transaction&rst=3369&ck=0&s=009aee751a57388b&ref=https://www.vivanuncios.com.mx/s-venta-inmuebles/chihuahua/v1c1097l1005p1&ptid=def995e87e30a92d>
2026-08-12 09:38:30,572 [scrapy-playwright] DEBUG: [Context=default] Request: <GET https://pagead2.googlesyndication.com/pagead/sodar?id=sodar2&v=255&li=gpt_m202608110101&jk=592545961621712&rc=> (resource type: image, referrer: https://www.google.com/)
2026-08-12 09:38:30,659 [scrapy-playwright] DEBUG: [Context=default] Response: <200 https://pagead2.googlesyndication.com/bg/yQ1ZEylnsXIyF7if62X1hSIj7AdytWEYswERqBPOWRU.js>
2026-08-12 09:38:30,693 [scrapy-playwright] DEBUG: [Context=default] Request: <POST https://challenges.cloudflare.com/cdn-cgi/challenge-platform/h/g/fo/2711065059:1786546832:yHHgWXFjB-iYrGeX5iDOfFr3zbWtNgHjzHT3lfA7X5w/a2a0914569b1c033/btXfo38GUODXWvdm.sT45eRDHYbcX95bRca6V4vc7ak-1786549110-1.2.1.1-t.aPkWdT4QqoQqcRW8RLyWJJkGVnhFjAqNfiQNdSJPlSW9ZexriMWGyQ4Xoi3.PF> (resource type: xhr, referrer: https://challenges.cloudflare.com/cdn-cgi/challenge-platform/h/g/turnstile/f/av0/rch/jf8tx/0x4AAAAAAADnPIDROrmt1Wwj/light/fbE/new/normal?lang=auto)
2026-08-12 09:38:30,720 [scrapy-playwright] DEBUG: [Context=default] Request: <GET https://ep2.adtrafficquality.google/generate_204?_B3kJw> (resource type: image, referrer: https://ep2.adtrafficquality.google/sodar/sodar2/255/runner.html)
2026-08-12 09:38:30,721 [scrapy-playwright] DEBUG: [Context=default] Response: <204 https://pagead2.googlesyndication.com/pagead/sodar?id=sodar2&v=255&li=gpt_m202608110101&jk=592545961621712&rc=>
2026-08-12 09:38:30,759 [scrapy-playwright] DEBUG: [Context=default] Response: <204 https://ep2.adtrafficquality.google/generate_204?_B3kJw>
2026-08-12 09:38:30,940 [scrapy-playwright] DEBUG: [Context=default] Response: <200 https://challenges.cloudflare.com/cdn-cgi/challenge-platform/h/g/fo/2711065059:1786546832:yHHgWXFjB-iYrGeX5iDOfFr3zbWtNgHjzHT3lfA7X5w/a2a0914569b1c033/btXfo38GUODXWvdm.sT45eRDHYbcX95bRca6V4vc7ak-1786549110-1.2.1.1-t.aPkWdT4QqoQqcRW8RLyWJJkGVnhFjAqNfiQNdSJPlSW9ZexriMWGyQ4Xoi3.PF>
2026-08-12 09:38:31,052 [scrapy-playwright] DEBUG: [Context=default] Request: <GET https://hagen.challenges.cloudflare.com/cdn-cgi/challenge-platform/h/g/i/a2a0914569b1c033/btXfo38GUODXWvdm.sT45eRDHYbcX95bRca6V4vc7ak-1786549110-1.2.1.1-t.aPkWdT4QqoQqcRW8RLyWJJkGVnhFjAqNfiQNdSJPlSW9ZexriMWGyQ4Xoi3.PF> (resource type: fetch)
2026-08-12 09:38:31,053 [scrapy-playwright] DEBUG: [Context=default] Request: <GET https://challenges.cloudflare.com/cdn-cgi/challenge-platform/h/g/pat/a2a0914569b1c033/1786549110847/e3086054bb4c036f87311f8d2e52cfeab25c4b14cdcda66601a0b3fb0b08dedf/OVd880s9lAqPkMn2PanN77YTYiS6OrcXHU7LmnEB6Wk-1786549110-1.3.1.1-OTyysoJE2fXBF200ln2gkFPWG1Lh4PhVHfHe3aUuEIm4SqHOcGmf6poa7L5G3KvQa8efbHudJzt.ouca79KFp7I6JIY5OdVVL.G1Z.eVyEfxmPbQghFiD_Uz01T81BjRdLM2VwLOZFl9cj4.i_zWwza6rJVfZriLs8SgtvXpvWsoCE4tuoNl9tuLEbAgkQyWImhfPcFA45tM2GP1jZm.rBoUFihcnVqES7.AFI3CCgYZSi613YNwn48i6Sr.KzCzha6K6Mucg7.ZZD_mEmVUDdQf_hVq8ztmzxHn6oBfTKKEpsoFZTjoOr7zgwk1srJztgn.5U5kbHDHpjnDIZcLaAYuSOArzmvaox3RGy5wz_GZ2PsN2qg2JXKtEmJsp1Rl_Fy7DL5jAqYw8uKhTjWtxzxzzOdUlgxCk5JPIsvULbmqJWzSAqpxEwhyJgYkY2Q2NZSSZ91Ff0BQJNecLJgMA_iR.viHVSqWzOebHG7hB52PEkHc7LWKEuWT9gYEbS1D9SNsd.NYGxhvVCOqmB1ZFeL5Px0PUGaaDKxZaqrFNRwceDr9pN20bLjeRCdji.TkK0ic.D4SifZs0PFJf2kGS0kjM0Xn38vawoMERSdPXPeFjEE2AlpipyVojE1H2lPET9FpYzH3fR5kwFAnvv9scqslFjU6f5Y3d5slW4to2YOzNzwbjnfdDCHmnkXsPXnLm9zyOarK1sfkNHUTZOfHITKsELEsSfad9WX0dBY8R6rQhdqrrW1mZMRj5CIg_b9inMeihbeIqo29G9KTC3vG40JPYRFE_3XlPiqDCLnWVYTZcdZlVM9Z.AmcnnnDCk6U3TKYU3UJR7kq5wZg9_ebMw> (resource type: fetch)
2026-08-12 09:38:31,068 [scrapy-playwright] DEBUG: [Context=default] Request: <GET https://challenges.cloudflare.com/cdn-cgi/challenge-platform/h/g/ci/a2a0914569b1c033/1786549110848/9yfUw5OEdCIO998wHdkEvh7JyWrEhVaybqdsQoxpmVY-1786549110-1.3.1.1-IVyOq7llwMpQxW8n3FMkhzMgD97wHT6AnnL_yWm6j2ZPrNkj2S..jRZgNrIEmnPvSrMdUO1zmWRVoJ_FB2DPDhHGpv9ox0JJZmE1ufADH_QkPOzmqklD7kP7QHYTpm_xy0_AfFdF1x0FB4DcEWlpqeDPbBALtF0Q6ehh0NSoaniXMII056yhZhZhkuTeMmAO_2LYND5EFDpgYTwsa64Fi6SP_SSQw6FsKr5cKNnEoRjc6CCY3opUBlgq6X7ax6gjCD2QiJh_PLjaljqVnRo8mIUs484ZEKZylCGcdGz.D5wUzY5Nd4Fy3EiO2iEj5HtG7BYX24mMd53.TB7D8DHZmA2xZMfj5f_mKZoakt7Px259fwSXKHD3r7TnJKLVC_R7vghnZ.a6rysvbH_uTtJcS4YwAilDMNrx2rKheVHYpoKxrtLvpk0Zm5_mhHRWhybY9EJ_FbM9fIj681jXhGM.5wbAr78rcGAb5_9pmLNEe.oc2OAqI0y2Gc0NmY8XyTsevlDE7o0b98BbiSzzudqZ4TuFEyd3BRcJ64d2698xC223gU_XNXdEFLZoZ574w90Ku6GREH5IOhKMRW4QgF1CAWxNRcfCgTDBZfX7g_ex9d_RhVxnGe.7.Wxu7.RW3l4cc5xDQoT5D9Tj66TX57qeid8DtKtICv22c_Xnke0JtYwmnaf8qsTqFCVv67rfAQczbpVP35cMS26N5J6ynGBxU_eGDYVxzRv8jhsEdkTWf4k> (resource type: image, referrer: https://challenges.cloudflare.com/cdn-cgi/challenge-platform/h/g/turnstile/f/av0/rch/jf8tx/0x4AAAAAAADnPIDROrmt1Wwj/light/fbE/new/normal?lang=auto)
2026-08-12 09:38:31,090 [scrapy-playwright] DEBUG: [Context=default] Response: <401 https://challenges.cloudflare.com/cdn-cgi/challenge-platform/h/g/pat/a2a0914569b1c033/1786549110847/e3086054bb4c036f87311f8d2e52cfeab25c4b14cdcda66601a0b3fb0b08dedf/OVd880s9lAqPkMn2PanN77YTYiS6OrcXHU7LmnEB6Wk-1786549110-1.3.1.1-OTyysoJE2fXBF200ln2gkFPWG1Lh4PhVHfHe3aUuEIm4SqHOcGmf6poa7L5G3KvQa8efbHudJzt.ouca79KFp7I6JIY5OdVVL.G1Z.eVyEfxmPbQghFiD_Uz01T81BjRdLM2VwLOZFl9cj4.i_zWwza6rJVfZriLs8SgtvXpvWsoCE4tuoNl9tuLEbAgkQyWImhfPcFA45tM2GP1jZm.rBoUFihcnVqES7.AFI3CCgYZSi613YNwn48i6Sr.KzCzha6K6Mucg7.ZZD_mEmVUDdQf_hVq8ztmzxHn6oBfTKKEpsoFZTjoOr7zgwk1srJztgn.5U5kbHDHpjnDIZcLaAYuSOArzmvaox3RGy5wz_GZ2PsN2qg2JXKtEmJsp1Rl_Fy7DL5jAqYw8uKhTjWtxzxzzOdUlgxCk5JPIsvULbmqJWzSAqpxEwhyJgYkY2Q2NZSSZ91Ff0BQJNecLJgMA_iR.viHVSqWzOebHG7hB52PEkHc7LWKEuWT9gYEbS1D9SNsd.NYGxhvVCOqmB1ZFeL5Px0PUGaaDKxZaqrFNRwceDr9pN20bLjeRCdji.TkK0ic.D4SifZs0PFJf2kGS0kjM0Xn38vawoMERSdPXPeFjEE2AlpipyVojE1H2lPET9FpYzH3fR5kwFAnvv9scqslFjU6f5Y3d5slW4to2YOzNzwbjnfdDCHmnkXsPXnLm9zyOarK1sfkNHUTZOfHITKsELEsSfad9WX0dBY8R6rQhdqrrW1mZMRj5CIg_b9inMeihbeIqo29G9KTC3vG40JPYRFE_3XlPiqDCLnWVYTZcdZlVM9Z.AmcnnnDCk6U3TKYU3UJR7kq5wZg9_ebMw>
2026-08-12 09:38:31,106 [scrapy-playwright] DEBUG: [Context=default] Response: <200 https://challenges.cloudflare.com/cdn-cgi/challenge-platform/h/g/ci/a2a0914569b1c033/1786549110848/9yfUw5OEdCIO998wHdkEvh7JyWrEhVaybqdsQoxpmVY-1786549110-1.3.1.1-IVyOq7llwMpQxW8n3FMkhzMgD97wHT6AnnL_yWm6j2ZPrNkj2S..jRZgNrIEmnPvSrMdUO1zmWRVoJ_FB2DPDhHGpv9ox0JJZmE1ufADH_QkPOzmqklD7kP7QHYTpm_xy0_AfFdF1x0FB4DcEWlpqeDPbBALtF0Q6ehh0NSoaniXMII056yhZhZhkuTeMmAO_2LYND5EFDpgYTwsa64Fi6SP_SSQw6FsKr5cKNnEoRjc6CCY3opUBlgq6X7ax6gjCD2QiJh_PLjaljqVnRo8mIUs484ZEKZylCGcdGz.D5wUzY5Nd4Fy3EiO2iEj5HtG7BYX24mMd53.TB7D8DHZmA2xZMfj5f_mKZoakt7Px259fwSXKHD3r7TnJKLVC_R7vghnZ.a6rysvbH_uTtJcS4YwAilDMNrx2rKheVHYpoKxrtLvpk0Zm5_mhHRWhybY9EJ_FbM9fIj681jXhGM.5wbAr78rcGAb5_9pmLNEe.oc2OAqI0y2Gc0NmY8XyTsevlDE7o0b98BbiSzzudqZ4TuFEyd3BRcJ64d2698xC223gU_XNXdEFLZoZ574w90Ku6GREH5IOhKMRW4QgF1CAWxNRcfCgTDBZfX7g_ex9d_RhVxnGe.7.Wxu7.RW3l4cc5xDQoT5D9Tj66TX57qeid8DtKtICv22c_Xnke0JtYwmnaf8qsTqFCVv67rfAQczbpVP35cMS26N5J6ynGBxU_eGDYVxzRv8jhsEdkTWf4k>
2026-08-12 09:38:31,144 [scrapy-playwright] DEBUG: [Context=default] Response: <204 https://hagen.challenges.cloudflare.com/cdn-cgi/challenge-platform/h/g/i/a2a0914569b1c033/btXfo38GUODXWvdm.sT45eRDHYbcX95bRca6V4vc7ak-1786549110-1.2.1.1-t.aPkWdT4QqoQqcRW8RLyWJJkGVnhFjAqNfiQNdSJPlSW9ZexriMWGyQ4Xoi3.PF>
2026-08-12 09:38:31,300 [scrapy-playwright] DEBUG: [Context=default] Request: <GET https://ep1.adtrafficquality.google/pagead/sodar?id=sodar2&v=255&t=2&li=gpt_m202608110101&jk=592545961621712&bg=!nJ-ln_3NAAYpRUYQCUU7AEcBe5WfOFDQ2YpomL0YewPsHYOATmvGmV-Da1x7YU7Gh9KYjytW73kNpJbAMPLID6S1TvxbpswRyzVZ8JXstHbKqCqtuuNPDgIAAABaUgAAAAJoAQd-ADdiGGuG1pwzsqZrxxkY0Q4zNvmKMbbcH6HVAcfV3X8TXZGIT5q7LNUhSlk1oPiM5ODh3KNF5nfUCgBzIF1egLcZFPOG03pU5_QFr--QVqF2D-lkDBVr7YaJz94oUMTdTk6cCutcqoGG54caDg84IAHo1uXiqMbUmHKnfZIwGD5LHA7k6PgRUyn9U0HXJlZyaE437n5zGomirtfR_L294sQ9xKnH5rhcfGLNEbpqDpkCnJZb-TGMPZiiVmq-bhNfwP3ZHNKv5uNeY-NP54EEYIqMUYZYvLIqj6QVal4I_4KRmVfm5K1AGzB7SITZ5V5PXPkgzpyT9fY0sfdSgJH0PgtA0-1NxPH4jCy6ReeKmOfzC_DWJzEIaJMFvap0N2T8pTCkeZTEeY7OQPM6K80Ysns87suFtHk51qpC_hwF_Q-kFrQGcXEhkCW2uDC6ZCDUh2pXlSs0z6k_Ol5EW_CoMmoxNFcRurslZ1yHRdpEN2EetvTWIGJ-RvC26YB_wi8Wao-ReFxS-UeFl5zjs9Jk91eHF3_lOF5t1gDefdDGdam3QXjBrcVknOCA9cOFeHC7HoLKuxlneLLQGG2mbu-jIq_gIMERWDR-Od5hpc4znyIzXGHLm-j6MZ0LiIpWhVaPzPuUfpIgUPdbB-PSPs6bjsKGrH8sgLmhUmtFWsKRhBK5r4mI63FvJi6_ialGn56R6Cy5jsoFO3KGR3PFLYOH8_Sl56GBpbREYPAMUKU-gwxIb4EfK23VJTpXmKx0nQhOArGiWrXM33Oc61bJm-ikvvV9WMoCIwPHMQiMOTY2i6HYs3Bhkm4f3IErQx90m-G3cVs1ILDFrJ_5Oeu4zzfyp3atM00EYk0Cs6H65PBmFqKZfm8NpimWMh6-WEJkJ6r7T604XakBfNfVXshsMv32L0rgCJrDc7Pl9Jp_zuYG_UEIzWP01QAcWfV9kBBfXAo-X0qrKIXRgzSwJTaGBal6hflGs0Uq39_KEh3NvFnXSQNdLJdOutBQsmIUgPMKgzW_30LAlqUwabGxs2fgxXEtKjn9yR3j4h0cNCfTWvgfUSbFsQp4toveqEB4lGv5ToTfu3MWSGQLviv2H-dWRxXEUleY3qWgB2XG4ct-mN-k> (resource type: image, referrer: https://www.vivanuncios.com.mx/)
2026-08-12 09:38:31,429 [scrapy-playwright] DEBUG: [Context=default] Response: <204 https://ep1.adtrafficquality.google/pagead/sodar?id=sodar2&v=255&t=2&li=gpt_m202608110101&jk=592545961621712&bg=!nJ-ln_3NAAYpRUYQCUU7AEcBe5WfOFDQ2YpomL0YewPsHYOATmvGmV-Da1x7YU7Gh9KYjytW73kNpJbAMPLID6S1TvxbpswRyzVZ8JXstHbKqCqtuuNPDgIAAABaUgAAAAJoAQd-ADdiGGuG1pwzsqZrxxkY0Q4zNvmKMbbcH6HVAcfV3X8TXZGIT5q7LNUhSlk1oPiM5ODh3KNF5nfUCgBzIF1egLcZFPOG03pU5_QFr--QVqF2D-lkDBVr7YaJz94oUMTdTk6cCutcqoGG54caDg84IAHo1uXiqMbUmHKnfZIwGD5LHA7k6PgRUyn9U0HXJlZyaE437n5zGomirtfR_L294sQ9xKnH5rhcfGLNEbpqDpkCnJZb-TGMPZiiVmq-bhNfwP3ZHNKv5uNeY-NP54EEYIqMUYZYvLIqj6QVal4I_4KRmVfm5K1AGzB7SITZ5V5PXPkgzpyT9fY0sfdSgJH0PgtA0-1NxPH4jCy6ReeKmOfzC_DWJzEIaJMFvap0N2T8pTCkeZTEeY7OQPM6K80Ysns87suFtHk51qpC_hwF_Q-kFrQGcXEhkCW2uDC6ZCDUh2pXlSs0z6k_Ol5EW_CoMmoxNFcRurslZ1yHRdpEN2EetvTWIGJ-RvC26YB_wi8Wao-ReFxS-UeFl5zjs9Jk91eHF3_lOF5t1gDefdDGdam3QXjBrcVknOCA9cOFeHC7HoLKuxlneLLQGG2mbu-jIq_gIMERWDR-Od5hpc4znyIzXGHLm-j6MZ0LiIpWhVaPzPuUfpIgUPdbB-PSPs6bjsKGrH8sgLmhUmtFWsKRhBK5r4mI63FvJi6_ialGn56R6Cy5jsoFO3KGR3PFLYOH8_Sl56GBpbREYPAMUKU-gwxIb4EfK23VJTpXmKx0nQhOArGiWrXM33Oc61bJm-ikvvV9WMoCIwPHMQiMOTY2i6HYs3Bhkm4f3IErQx90m-G3cVs1ILDFrJ_5Oeu4zzfyp3atM00EYk0Cs6H65PBmFqKZfm8NpimWMh6-WEJkJ6r7T604XakBfNfVXshsMv32L0rgCJrDc7Pl9Jp_zuYG_UEIzWP01QAcWfV9kBBfXAo-X0qrKIXRgzSwJTaGBal6hflGs0Uq39_KEh3NvFnXSQNdLJdOutBQsmIUgPMKgzW_30LAlqUwabGxs2fgxXEtKjn9yR3j4h0cNCfTWvgfUSbFsQp4toveqEB4lGv5ToTfu3MWSGQLviv2H-dWRxXEUleY3qWgB2XG4ct-mN-k>
2026-08-12 09:38:31,652 [scrapy-playwright] DEBUG: [Context=default] Request: <POST https://challenges.cloudflare.com/cdn-cgi/challenge-platform/h/g/fo/2711065059:1786546832:yHHgWXFjB-iYrGeX5iDOfFr3zbWtNgHjzHT3lfA7X5w/a2a0914569b1c033/btXfo38GUODXWvdm.sT45eRDHYbcX95bRca6V4vc7ak-1786549110-1.2.1.1-t.aPkWdT4QqoQqcRW8RLyWJJkGVnhFjAqNfiQNdSJPlSW9ZexriMWGyQ4Xoi3.PF> (resource type: xhr, referrer: https://challenges.cloudflare.com/cdn-cgi/challenge-platform/h/g/turnstile/f/av0/rch/jf8tx/0x4AAAAAAADnPIDROrmt1Wwj/light/fbE/new/normal?lang=auto)
2026-08-12 09:38:31,746 [scrapy-playwright] DEBUG: [Context=default] Response: <200 https://challenges.cloudflare.com/cdn-cgi/challenge-platform/h/g/fo/2711065059:1786546832:yHHgWXFjB-iYrGeX5iDOfFr3zbWtNgHjzHT3lfA7X5w/a2a0914569b1c033/btXfo38GUODXWvdm.sT45eRDHYbcX95bRca6V4vc7ak-1786549110-1.2.1.1-t.aPkWdT4QqoQqcRW8RLyWJJkGVnhFjAqNfiQNdSJPlSW9ZexriMWGyQ4Xoi3.PF>
2026-08-12 09:38:32,979 [scrapy-playwright] DEBUG: [Context=default] Request: <GET https://www.vivanuncios.com.mx/tracking/g/collect?v=2&tid=G-3W0YTSRCK7&gtm=45je68a1v9235587196z8858857621za20gzb858857621zd858857621&_p=1786549108455&gcd=13l3l3l3l1l1&npa=0&dma=0&ecid=147421383&_eu=AAAAAGQ&_fplc=0&are=1&cid=1417020176.1786549110&ec_mode=c&frm=0&pscdl=noapi&rcb=1&sr=1280x720&uaa=arm&uab=64&uafvl=Not%253DA%253FBrand%3B99.0.0.0%7CHeadlessChrome%3B151.0.7922.34%7CChromium%3B151.0.7922.34&uam=&uamb=0&uap=macOS&uapv=26.6.0&uaw=0&ul=en-us&ur=MX-CHH&sst.etld=google.com.mx&sst.tft=1786549108455&sst.lpc=35724967&sst.navt=n&sst.ude=0&sst.sw_exp=1&gaf=2&_s=4&tag_exp=115616985~115938466~115938469~118897920~118897930~119367802~119367810~119404703~119527020~119896803~120125305&sid=1786549109&sct=1&seg=1&dl=https%3A%2F%2Fwww.vivanuncios.com.mx%2Fs-venta-inmuebles%2Fchihuahua%2Fv1c1097l1005p1%3Fsort%3Dmost_lowered_price&dt=5%2C011%20Propiedades%20e%20inmuebles%20en%20venta%20bajaron%20de%20precio%20-%20Provincia%20de%20Chihuahua%20-%20Vivanuncios&_tu=BA&en=select_content&gap.sstd=1&ep.content_group=Listado&ep.fb_event=true&evnid=1786549109654.927722.253&ep.fb_id=888643211192359&ep.x-fb-ck-fbp=fb.3.1786549109640.1833273825&ep.google_ads_id=11200569259&ep.criteo_user_email=&ep.ecommerce_event=false&ep.isDesarrollo=false&ep.ga4_event=true&ep.content_type=Modal%20login%20rapido%20Google&ep.item_id=Cerrar%20modal&_et=2805&ep.user_data._tag_mode=AUTO&ep.user_data.email_address=&ep.user_data.phone_number=&ep.user_data.address.first_name=&ep.user_data.address._tag_metadata.first_name.mode=c&tfd=5854&richsstsse> (resource type: fetch, referrer: https://www.vivanuncios.com.mx/s-venta-inmuebles/chihuahua/v1c1097l1005p1?sort=most_lowered_price)
2026-08-12 09:38:33,014 [scrapy-playwright] DEBUG: [Context=default] Response: <403 https://www.vivanuncios.com.mx/tracking/g/collect?v=2&tid=G-3W0YTSRCK7&gtm=45je68a1v9235587196z8858857621za20gzb858857621zd858857621&_p=1786549108455&gcd=13l3l3l3l1l1&npa=0&dma=0&ecid=147421383&_eu=AAAAAGQ&_fplc=0&are=1&cid=1417020176.1786549110&ec_mode=c&frm=0&pscdl=noapi&rcb=1&sr=1280x720&uaa=arm&uab=64&uafvl=Not%253DA%253FBrand%3B99.0.0.0%7CHeadlessChrome%3B151.0.7922.34%7CChromium%3B151.0.7922.34&uam=&uamb=0&uap=macOS&uapv=26.6.0&uaw=0&ul=en-us&ur=MX-CHH&sst.etld=google.com.mx&sst.tft=1786549108455&sst.lpc=35724967&sst.navt=n&sst.ude=0&sst.sw_exp=1&gaf=2&_s=4&tag_exp=115616985~115938466~115938469~118897920~118897930~119367802~119367810~119404703~119527020~119896803~120125305&sid=1786549109&sct=1&seg=1&dl=https%3A%2F%2Fwww.vivanuncios.com.mx%2Fs-venta-inmuebles%2Fchihuahua%2Fv1c1097l1005p1%3Fsort%3Dmost_lowered_price&dt=5%2C011%20Propiedades%20e%20inmuebles%20en%20venta%20bajaron%20de%20precio%20-%20Provincia%20de%20Chihuahua%20-%20Vivanuncios&_tu=BA&en=select_content&gap.sstd=1&ep.content_group=Listado&ep.fb_event=true&evnid=1786549109654.927722.253&ep.fb_id=888643211192359&ep.x-fb-ck-fbp=fb.3.1786549109640.1833273825&ep.google_ads_id=11200569259&ep.criteo_user_email=&ep.ecommerce_event=false&ep.isDesarrollo=false&ep.ga4_event=true&ep.content_type=Modal%20login%20rapido%20Google&ep.item_id=Cerrar%20modal&_et=2805&ep.user_data._tag_mode=AUTO&ep.user_data.email_address=&ep.user_data.phone_number=&ep.user_data.address.first_name=&ep.user_data.address._tag_metadata.first_name.mode=c&tfd=5854&richsstsse>
2026-08-12 09:38:34,861 [scrapy-playwright] DEBUG: [Context=default] Request: <POST https://analytics.google.com/g/collect?v=2&tid=G-C4HWQQM571&gtm=45je68a1v9103994736z8858857621za20gzb858857621zd858857621&_p=1786549108455&gcd=13l3l3l3l1l1&npa=0&dma=0&_eu=AAAAAGQC&are=1&cid=1417020176.1786549110&frm=0&pscdl=noapi&rcb=4&sr=1280x720&uaa=arm&uab=64&uafvl=Not%253DA%253FBrand%3B99.0.0.0%7CHeadlessChrome%3B151.0.7922.34%7CChromium%3B151.0.7922.34&uam=&uamb=0&uap=macOS&uapv=26.6.0&uaw=0&ul=en-us&gaf=2&tag_exp=115938466~115938469~118897920~118897930~119367802~119367810~119527019~119896802&sid=1786549109&sct=1&seg=1&dl=https%3A%2F%2Fwww.vivanuncios.com.mx%2Fs-venta-inmuebles%2Fchihuahua%2Fv1c1097l1005p1%3Fsort%3Dmost_lowered_price&dt=5%2C011%20Propiedades%20e%20inmuebles%20en%20venta%20bajaron%20de%20precio%20-%20Provincia%20de%20Chihuahua%20-%20Vivanuncios&_s=2&tfd=7735> (resource type: fetch, referrer: https://www.vivanuncios.com.mx/)
2026-08-12 09:38:34,940 [scrapy-playwright] DEBUG: [Context=default] Response: <204 https://analytics.google.com/g/collect?v=2&tid=G-C4HWQQM571&gtm=45je68a1v9103994736z8858857621za20gzb858857621zd858857621&_p=1786549108455&gcd=13l3l3l3l1l1&npa=0&dma=0&_eu=AAAAAGQC&are=1&cid=1417020176.1786549110&frm=0&pscdl=noapi&rcb=4&sr=1280x720&uaa=arm&uab=64&uafvl=Not%253DA%253FBrand%3B99.0.0.0%7CHeadlessChrome%3B151.0.7922.34%7CChromium%3B151.0.7922.34&uam=&uamb=0&uap=macOS&uapv=26.6.0&uaw=0&ul=en-us&gaf=2&tag_exp=115938466~115938469~118897920~118897930~119367802~119367810~119527019~119896802&sid=1786549109&sct=1&seg=1&dl=https%3A%2F%2Fwww.vivanuncios.com.mx%2Fs-venta-inmuebles%2Fchihuahua%2Fv1c1097l1005p1%3Fsort%3Dmost_lowered_price&dt=5%2C011%20Propiedades%20e%20inmuebles%20en%20venta%20bajaron%20de%20precio%20-%20Provincia%20de%20Chihuahua%20-%20Vivanuncios&_s=2&tfd=7735>
2026-08-12 09:38:45,397 [scrapy.core.engine] INFO: Closing spider (finished)
2026-08-12 09:38:45,398 [scrapy.statscollectors] INFO: Dumping Scrapy stats:
{'downloader/request_bytes': 750,
 'downloader/request_count': 2,
 'downloader/request_method_count/GET': 2,
 'downloader/response_bytes': 931685,
 'downloader/response_count': 2,
 'downloader/response_status_count/200': 1,
 'downloader/response_status_count/403': 1,
 'elapsed_time_seconds': 20.81496054190211,
 'finish_reason': 'finished',
 'finish_time': datetime.datetime(2026, 8, 12, 15, 38, 45, 398100, tzinfo=datetime.timezone.utc),
 'httpcompression/response_bytes': 6010,
 'httpcompression/response_count': 1,
 'items_per_minute': 0.0,
 'log_count/INFO': 13,
 'memusage/max': 107397120,
 'memusage/startup': 107397120,
 'playwright/browser_count': 2,
 'playwright/context_count': 2,
 'playwright/context_count/max_concurrent': 1,
 'playwright/context_count/persistent/False': 2,
 'playwright/context_count/remote/False': 2,
 'playwright/page_count': 1,
 'playwright/page_count/max_concurrent': 1,
 'playwright/request_count': 195,
 'playwright/request_count/method/GET': 179,
 'playwright/request_count/method/POST': 16,
 'playwright/request_count/navigation': 9,
 'playwright/request_count/resource_type/document': 9,
 'playwright/request_count/resource_type/fetch': 18,
 'playwright/request_count/resource_type/font': 4,
 'playwright/request_count/resource_type/image': 49,
 'playwright/request_count/resource_type/other': 1,
 'playwright/request_count/resource_type/ping': 2,
 'playwright/request_count/resource_type/script': 98,
 'playwright/request_count/resource_type/stylesheet': 6,
 'playwright/request_count/resource_type/xhr': 8,
 'playwright/response_count': 195,
 'playwright/response_count/method/GET': 179,
 'playwright/response_count/method/POST': 16,
 'playwright/response_count/resource_type/document': 9,
 'playwright/response_count/resource_type/fetch': 18,
 'playwright/response_count/resource_type/font': 4,
 'playwright/response_count/resource_type/image': 49,
 'playwright/response_count/resource_type/other': 1,
 'playwright/response_count/resource_type/ping': 2,
 'playwright/response_count/resource_type/script': 98,
 'playwright/response_count/resource_type/stylesheet': 6,
 'playwright/response_count/resource_type/xhr': 8,
 'response_received_count': 2,
 'responses_per_minute': 6.0,
 'scheduler/dequeued': 2,
 'scheduler/dequeued/memory': 2,
 'scheduler/enqueued': 2,
 'scheduler/enqueued/memory': 2,
 'start_time': datetime.datetime(2026, 8, 12, 15, 38, 24, 583261, tzinfo=datetime.timezone.utc)}
2026-08-12 09:38:45,398 [scrapy.core.engine] INFO: Spider closed (finished)
2026-08-12 09:38:45,399 [scrapy-playwright] INFO: Closing download handler
2026-08-12 09:38:45,404 [scrapy-playwright] DEBUG: Browser context closed: 'default' (persistent=False, remote=False)
2026-08-12 09:38:45,404 [scrapy-playwright] INFO: Closing browser
2026-08-12 09:38:45,408 [scrapy-playwright] DEBUG: Browser disconnected
2026-08-12 09:38:45,423 [scrapy-playwright] INFO: Closing download handler
2026-08-12 09:38:45,425 [scrapy-playwright] DEBUG: Browser context closed: 'default' (persistent=False, remote=False)
2026-08-12 09:38:45,425 [scrapy-playwright] INFO: Closing browser
2026-08-12 09:38:45,429 [scrapy-playwright] DEBUG: Browser disconnected
2026-08-12 09:39:05,979 [__main__] INFO: Using Playwright (no Zyte API key found).
2026-08-12 09:39:05,980 [scrapy.utils.log] INFO: Scrapy 2.17.0 started (bot: scrapybot)
2026-08-12 09:39:05,991 [scrapy.utils.log] INFO: Versions:
{'lxml': '6.1.1',
 'libxml2': '2.14.6',
 'cssselect': '1.5.0',
 'parsel': '1.11.0',
 'w3lib': '2.4.1',
 'Twisted': '26.4.0',
 'Python': '3.12.13 (main, Aug  7 2026, 02:15:23) [Clang 22.1.3 ]',
 'pyOpenSSL': '26.4.0 (OpenSSL 4.0.1 9 Jun 2026)',
 'cryptography': '50.0.0',
 'Platform': 'macOS-26.6-arm64-arm-64bit'}
2026-08-12 09:39:05,991 [scrapy.crawler] DEBUG: Using CrawlerProcess
2026-08-12 09:39:05,992 [scrapy.addons] INFO: Enabled addons:
[]
2026-08-12 09:39:05,993 [asyncio] DEBUG: Using selector: KqueueSelector
2026-08-12 09:39:05,993 [scrapy.utils.log] DEBUG: Using reactor: twisted.internet.asyncioreactor.AsyncioSelectorReactor
2026-08-12 09:39:05,993 [scrapy.utils.log] DEBUG: Using asyncio event loop: asyncio.unix_events._UnixSelectorEventLoop
2026-08-12 09:39:05,996 [scrapy.extensions.telnet] INFO: Telnet Password: 267bef77d6300dc0
2026-08-12 09:39:06,000 [scrapy.middleware] INFO: Enabled extensions:
['scrapy.extensions.corestats.CoreStats',
 'scrapy.extensions.logcount.LogCount',
 'scrapy.extensions.telnet.TelnetConsole',
 'scrapy.extensions.memusage.MemoryUsage',
 'scrapy.extensions.logstats.LogStats']
2026-08-12 09:39:06,000 [scrapy.crawler] INFO: Overridden settings:
{'CONCURRENT_REQUESTS': 8,
 'CONCURRENT_REQUESTS_PER_DOMAIN': 4,
 'DOWNLOAD_TIMEOUT': 30,
 'LOG_ENABLED': False,
 'LOG_LEVEL': 'INFO',
 'USER_AGENT': 'Mozilla/5.0 (Macintosh; Intel Mac OS X 10_15_7) '
               'AppleWebKit/537.36 (KHTML, like Gecko) Chrome/131.0.0.0 '
               'Safari/537.36'}
2026-08-12 09:39:06,130 [scrapy.middleware] INFO: Enabled downloader middlewares:
['scrapy.downloadermiddlewares.offsite.OffsiteMiddleware',
 'scrapy.downloadermiddlewares.httpauth.HttpAuthMiddleware',
 'scrapy.downloadermiddlewares.downloadtimeout.DownloadTimeoutMiddleware',
 'scrapy.downloadermiddlewares.defaultheaders.DefaultHeadersMiddleware',
 'scrapy.downloadermiddlewares.useragent.UserAgentMiddleware',
 'scrapy.downloadermiddlewares.retry.RetryMiddleware',
 'scrapy.downloadermiddlewares.redirect.MetaRefreshMiddleware',
 'scrapy.downloadermiddlewares.httpcompression.HttpCompressionMiddleware',
 'scrapy.downloadermiddlewares.redirect.RedirectMiddleware',
 'scrapy.downloadermiddlewares.cookies.CookiesMiddleware',
 'scrapy.downloadermiddlewares.httpproxy.HttpProxyMiddleware',
 'scrapy.downloadermiddlewares.stats.DownloaderStats']
2026-08-12 09:39:06,131 [scrapy.middleware] INFO: Enabled spider middlewares:
['scrapy.spidermiddlewares.start.StartSpiderMiddleware',
 'scrapy.spidermiddlewares.httperror.HttpErrorMiddleware',
 'scrapy.spidermiddlewares.referer.RefererMiddleware',
 'scrapy.spidermiddlewares.urllength.UrlLengthMiddleware',
 'scrapy.spidermiddlewares.depth.DepthMiddleware']
2026-08-12 09:39:06,131 [scrapy.middleware] INFO: Enabled item pipelines:
[]
2026-08-12 09:39:06,132 [scrapy.core.engine] INFO: Spider opened
2026-08-12 09:39:06,135 [scrapy.extensions.logstats] INFO: Crawled 0 pages (at 0 pages/min), scraped 0 items (at 0 items/min)
2026-08-12 09:39:06,135 [scrapy.extensions.telnet] INFO: Telnet console listening on 127.0.0.1:6023
2026-08-12 09:39:06,136 [scrapy-playwright] INFO: Starting download handler. Versions: scrapy-playwright==0.0.48, Playwright==1.62.0
2026-08-12 09:39:06,136 [scrapy-playwright] INFO: Starting download handler. Versions: scrapy-playwright==0.0.48, Playwright==1.62.0
2026-08-12 09:39:06,308 [scrapy-playwright] INFO: Launching 1 startup context(s)
2026-08-12 09:39:06,308 [scrapy-playwright] INFO: Launching browser chromium
2026-08-12 09:39:06,311 [scrapy-playwright] INFO: Launching 1 startup context(s)
2026-08-12 09:39:06,311 [scrapy-playwright] INFO: Launching browser chromium
2026-08-12 09:39:06,422 [scrapy-playwright] INFO: Browser chromium launched
2026-08-12 09:39:06,424 [scrapy-playwright] INFO: Browser chromium launched
2026-08-12 09:39:06,432 [scrapy-playwright] DEBUG: Browser context started: 'default' (persistent=False, remote=False)
2026-08-12 09:39:06,432 [scrapy-playwright] DEBUG: Browser context started: 'default' (persistent=False, remote=False)
2026-08-12 09:39:06,432 [scrapy-playwright] INFO: Startup context(s) launched
2026-08-12 09:39:06,433 [scrapy-playwright] INFO: Startup context(s) launched
2026-08-12 09:39:06,476 [scrapy-playwright] DEBUG: [Context=default] New page created, page count is 1 (1 for all contexts)
2026-08-12 09:39:06,488 [scrapy-playwright] DEBUG: [Context=default] Request: <GET https://www.vivanuncios.com.mx/a-venta-casa/ciudad-jimenez-centro/casa-en-venta-de-una-planta-en-colonia-centro/150452392?n_src=Listado&n_pg=1&n_pos=2&n_search_id=a9f07af8-4a56-401a-81e2-105ae9c7d734> (resource type: document)
2026-08-12 09:39:06,538 [scrapy.core.engine] DEBUG: Crawled (403) <GET https://www.vivanuncios.com.mx/a-venta-casa/ciudad-jimenez-centro/casa-en-venta-de-una-planta-en-colonia-centro/150452392?n_src=Listado&n_pg=1&n_pos=2&n_search_id=a9f07af8-4a56-401a-81e2-105ae9c7d734> (referer: None)
2026-08-12 09:39:06,997 [scrapy-playwright] DEBUG: [Context=default] Response: <200 https://www.vivanuncios.com.mx/a-venta-casa/ciudad-jimenez-centro/casa-en-venta-de-una-planta-en-colonia-centro/150452392?n_src=Listado&n_pg=1&n_pos=2&n_search_id=a9f07af8-4a56-401a-81e2-105ae9c7d734>
2026-08-12 09:39:06,998 [scrapy-playwright] DEBUG: [Context=default] Request: <GET https://img10.naventcdn.com/avisos/resize/18/01/50/32/37/99/1200x1200/1615795330.jpg?rapc=bXZhX2ltYWdl?isFirstImage=true> (resource type: image, referrer: https://www.vivanuncios.com.mx/)
2026-08-12 09:39:06,999 [scrapy-playwright] DEBUG: [Context=default] Request: <GET https://img10.naventcdn.com/avisos/18/01/50/32/37/99/360x266/1615795335.jpg?rapc=bXZhX2ltYWdl> (resource type: image, referrer: https://www.vivanuncios.com.mx/)
2026-08-12 09:39:07,023 [scrapy-playwright] DEBUG: [Context=default] Request: <GET https://img10.naventcdn.com/avisos/18/01/50/32/37/99/360x266/1615795327.jpg?rapc=bXZhX2ltYWdl> (resource type: image, referrer: https://www.vivanuncios.com.mx/)
2026-08-12 09:39:07,023 [scrapy-playwright] DEBUG: [Context=default] Request: <GET https://img10.naventcdn.com/avisos/18/01/50/32/37/99/360x266/1615795337.jpg?rapc=bXZhX2ltYWdl> (resource type: image, referrer: https://www.vivanuncios.com.mx/)
2026-08-12 09:39:07,024 [scrapy-playwright] DEBUG: [Context=default] Request: <GET https://img10.naventcdn.com/avisos/18/01/50/32/37/99/360x266/1615795329.jpg?rapc=bXZhX2ltYWdl> (resource type: image, referrer: https://www.vivanuncios.com.mx/)
2026-08-12 09:39:07,024 [scrapy-playwright] DEBUG: [Context=default] Request: <GET https://www.googletagmanager.com/gtm.js?id=GTM-MC2DBQN> (resource type: script, referrer: https://www.vivanuncios.com.mx/a-venta-casa/ciudad-jimenez-centro/casa-en-venta-de-una-planta-en-colonia-centro/150452392?n_src=Listado&n_pg=1&n_pos=2&n_search_id=a9f07af8-4a56-401a-81e2-105ae9c7d734)
2026-08-12 09:39:07,028 [scrapy-playwright] DEBUG: [Context=default] Request: <GET https://img10.naventcdn.com/ficha/RPFICv5.427.0-RC3/images/logo-r-vivanuncios.svg> (resource type: image, referrer: https://www.vivanuncios.com.mx/a-venta-casa/ciudad-jimenez-centro/casa-en-venta-de-una-planta-en-colonia-centro/150452392?n_src=Listado&n_pg=1&n_pos=2&n_search_id=a9f07af8-4a56-401a-81e2-105ae9c7d734)
2026-08-12 09:39:07,030 [scrapy-playwright] DEBUG: [Context=default] Request: <GET https://storage.googleapis.com/ssx-api-content-public/VAMX/Creditaria/ICONO%20CREDITARIA.png> (resource type: image, referrer: https://www.vivanuncios.com.mx/a-venta-casa/ciudad-jimenez-centro/casa-en-venta-de-una-planta-en-colonia-centro/150452392?n_src=Listado&n_pg=1&n_pos=2&n_search_id=a9f07af8-4a56-401a-81e2-105ae9c7d734)
2026-08-12 09:39:07,030 [scrapy-playwright] DEBUG: [Context=default] Request: <GET https://storage.googleapis.com/guarantee-mails/api-content/arrow-right.png> (resource type: image, referrer: https://www.vivanuncios.com.mx/a-venta-casa/ciudad-jimenez-centro/casa-en-venta-de-una-planta-en-colonia-centro/150452392?n_src=Listado&n_pg=1&n_pos=2&n_search_id=a9f07af8-4a56-401a-81e2-105ae9c7d734)
2026-08-12 09:39:07,031 [scrapy-playwright] DEBUG: [Context=default] Request: <GET https://storage.googleapis.com/ssx-api-content-public/VAMX/Creditaria/ICONO%20CREDITARIA%20WHITE.png> (resource type: image, referrer: https://www.vivanuncios.com.mx/a-venta-casa/ciudad-jimenez-centro/casa-en-venta-de-una-planta-en-colonia-centro/150452392?n_src=Listado&n_pg=1&n_pos=2&n_search_id=a9f07af8-4a56-401a-81e2-105ae9c7d734)
2026-08-12 09:39:07,031 [scrapy-playwright] DEBUG: [Context=default] Request: <GET https://img10.naventcdn.com/ficha/RPFICv5.427.0-RC3/images/no-location-map.png> (resource type: image, referrer: https://www.vivanuncios.com.mx/a-venta-casa/ciudad-jimenez-centro/casa-en-venta-de-una-planta-en-colonia-centro/150452392?n_src=Listado&n_pg=1&n_pos=2&n_search_id=a9f07af8-4a56-401a-81e2-105ae9c7d734)
2026-08-12 09:39:07,032 [scrapy-playwright] DEBUG: [Context=default] Request: <GET https://img10.naventcdn.com/ficha/RPFICv5.427.0-RC3/images/chevron_down.svg> (resource type: image, referrer: https://www.vivanuncios.com.mx/a-venta-casa/ciudad-jimenez-centro/casa-en-venta-de-una-planta-en-colonia-centro/150452392?n_src=Listado&n_pg=1&n_pos=2&n_search_id=a9f07af8-4a56-401a-81e2-105ae9c7d734)
2026-08-12 09:39:07,032 [scrapy-playwright] DEBUG: [Context=default] Request: <GET https://img10.naventcdn.com/ficha/RPFICv5.427.0-RC3/mainapp.f05aaf.js> (resource type: script, referrer: https://www.vivanuncios.com.mx/a-venta-casa/ciudad-jimenez-centro/casa-en-venta-de-una-planta-en-colonia-centro/150452392?n_src=Listado&n_pg=1&n_pos=2&n_search_id=a9f07af8-4a56-401a-81e2-105ae9c7d734)
2026-08-12 09:39:07,032 [scrapy-playwright] DEBUG: [Context=default] Request: <GET https://img10.naventcdn.com/ficha/RPFICv5.427.0-RC3/libs.50b4d7.js> (resource type: script, referrer: https://www.vivanuncios.com.mx/a-venta-casa/ciudad-jimenez-centro/casa-en-venta-de-una-planta-en-colonia-centro/150452392?n_src=Listado&n_pg=1&n_pos=2&n_search_id=a9f07af8-4a56-401a-81e2-105ae9c7d734)
2026-08-12 09:39:07,033 [scrapy-playwright] DEBUG: [Context=default] Request: <GET https://img10.naventcdn.com/ficha/RPFICv5.427.0-RC3/react-libs.917c9a.js> (resource type: script, referrer: https://www.vivanuncios.com.mx/a-venta-casa/ciudad-jimenez-centro/casa-en-venta-de-una-planta-en-colonia-centro/150452392?n_src=Listado&n_pg=1&n_pos=2&n_search_id=a9f07af8-4a56-401a-81e2-105ae9c7d734)
2026-08-12 09:39:07,033 [scrapy-playwright] DEBUG: [Context=default] Request: <GET https://img10.naventcdn.com/ficha/RPFICv5.427.0-RC3/runtime.d41d8c.js> (resource type: script, referrer: https://www.vivanuncios.com.mx/a-venta-casa/ciudad-jimenez-centro/casa-en-venta-de-una-planta-en-colonia-centro/150452392?n_src=Listado&n_pg=1&n_pos=2&n_search_id=a9f07af8-4a56-401a-81e2-105ae9c7d734)
2026-08-12 09:39:07,033 [scrapy-playwright] DEBUG: [Context=default] Request: <GET https://accounts.google.com/gsi/client> (resource type: script, referrer: https://www.vivanuncios.com.mx/a-venta-casa/ciudad-jimenez-centro/casa-en-venta-de-una-planta-en-colonia-centro/150452392?n_src=Listado&n_pg=1&n_pos=2&n_search_id=a9f07af8-4a56-401a-81e2-105ae9c7d734)
2026-08-12 09:39:07,033 [scrapy-playwright] DEBUG: [Context=default] Request: <GET https://static.cloudflareinsights.com/beacon.min.js/v4513226cdae34746b4dedf0b4dfa099e1781791509496> (resource type: script, referrer: https://www.vivanuncios.com.mx/a-venta-casa/ciudad-jimenez-centro/casa-en-venta-de-una-planta-en-colonia-centro/150452392?n_src=Listado&n_pg=1&n_pos=2&n_search_id=a9f07af8-4a56-401a-81e2-105ae9c7d734)
2026-08-12 09:39:07,047 [scrapy-playwright] DEBUG: [Context=default] Request: <GET https://img10.naventcdn.com/ficha/RPFICv5.427.0-RC3/stotal.38e4f4.svg> (resource type: image, referrer: https://www.vivanuncios.com.mx/)
2026-08-12 09:39:07,047 [scrapy-playwright] DEBUG: [Context=default] Request: <GET https://img10.naventcdn.com/ficha/RPFICv5.427.0-RC3/scubierta.695fb2.svg> (resource type: image, referrer: https://www.vivanuncios.com.mx/)
2026-08-12 09:39:07,047 [scrapy-playwright] DEBUG: [Context=default] Request: <GET https://img10.naventcdn.com/ficha/RPFICv5.427.0-RC3/banos.827612.svg> (resource type: image, referrer: https://www.vivanuncios.com.mx/)
2026-08-12 09:39:07,048 [scrapy-playwright] DEBUG: [Context=default] Request: <GET https://img10.naventcdn.com/ficha/RPFICv5.427.0-RC3/cochera.30335f.svg> (resource type: image, referrer: https://www.vivanuncios.com.mx/)
2026-08-12 09:39:07,048 [scrapy-playwright] DEBUG: [Context=default] Request: <GET https://img10.naventcdn.com/ficha/RPFICv5.427.0-RC3/dormitorio.349d35.svg> (resource type: image, referrer: https://www.vivanuncios.com.mx/)
2026-08-12 09:39:07,048 [scrapy-playwright] DEBUG: [Context=default] Request: <GET https://img10.naventcdn.com/ficha/RPFICv5.427.0-RC3/toilete.f725dc.svg> (resource type: image, referrer: https://www.vivanuncios.com.mx/)
2026-08-12 09:39:07,049 [scrapy-playwright] DEBUG: [Context=default] Request: <GET https://img10.naventcdn.com/ficha/RPFICv5.427.0-RC3/antiguedad.eb15bc.svg> (resource type: image, referrer: https://www.vivanuncios.com.mx/)
2026-08-12 09:39:07,049 [scrapy-playwright] DEBUG: [Context=default] Request: <GET https://img10.naventcdn.com/ficha/RPFICv5.427.0-RC3/chevron-right.f84462.svg> (resource type: image, referrer: https://www.vivanuncios.com.mx/)
2026-08-12 09:39:07,049 [scrapy-playwright] DEBUG: [Context=default] Request: <GET https://img10.naventcdn.com/ficha/RPFICv5.427.0-RC3/hind-regular-webfont.b13372.woff2> (resource type: font, referrer: https://www.vivanuncios.com.mx/)
2026-08-12 09:39:07,049 [scrapy-playwright] DEBUG: [Context=default] Request: <GET https://img10.naventcdn.com/ficha/RPFICv5.427.0-RC3/hind-medium-webfont.59f616.woff2> (resource type: font, referrer: https://www.vivanuncios.com.mx/)
2026-08-12 09:39:07,050 [scrapy-playwright] DEBUG: [Context=default] Request: <GET https://img10.naventcdn.com/ficha/RPFICv5.427.0-RC3/hind-semibold-webfont.55081e.woff2> (resource type: font, referrer: https://www.vivanuncios.com.mx/)
2026-08-12 09:39:07,050 [scrapy-playwright] DEBUG: [Context=default] Request: <GET https://img10.naventcdn.com/ficha/RPFICv5.427.0-RC3/004bbc06c26c7cad8b70-icon-generals.woff> (resource type: font, referrer: https://www.vivanuncios.com.mx/)
2026-08-12 09:39:07,101 [scrapy-playwright] DEBUG: [Context=default] Response: <200 https://img10.naventcdn.com/ficha/RPFICv5.427.0-RC3/images/logo-r-vivanuncios.svg>
2026-08-12 09:39:07,106 [scrapy-playwright] DEBUG: [Context=default] Response: <200 https://img10.naventcdn.com/avisos/18/01/50/32/37/99/360x266/1615795335.jpg?rapc=bXZhX2ltYWdl>
2026-08-12 09:39:07,120 [scrapy-playwright] DEBUG: [Context=default] Response: <200 https://static.cloudflareinsights.com/beacon.min.js/v4513226cdae34746b4dedf0b4dfa099e1781791509496>
2026-08-12 09:39:07,141 [scrapy-playwright] DEBUG: [Context=default] Response: <200 https://img10.naventcdn.com/avisos/resize/18/01/50/32/37/99/1200x1200/1615795330.jpg?rapc=bXZhX2ltYWdl?isFirstImage=true>
2026-08-12 09:39:07,145 [scrapy-playwright] DEBUG: [Context=default] Response: <200 https://img10.naventcdn.com/ficha/RPFICv5.427.0-RC3/hind-regular-webfont.b13372.woff2>
2026-08-12 09:39:07,150 [scrapy-playwright] DEBUG: [Context=default] Response: <200 https://img10.naventcdn.com/ficha/RPFICv5.427.0-RC3/004bbc06c26c7cad8b70-icon-generals.woff>
2026-08-12 09:39:07,151 [scrapy-playwright] DEBUG: [Context=default] Response: <200 https://img10.naventcdn.com/ficha/RPFICv5.427.0-RC3/hind-medium-webfont.59f616.woff2>
2026-08-12 09:39:07,160 [scrapy-playwright] DEBUG: [Context=default] Response: <200 https://storage.googleapis.com/ssx-api-content-public/VAMX/Creditaria/ICONO%20CREDITARIA.png>
2026-08-12 09:39:07,162 [scrapy-playwright] DEBUG: [Context=default] Response: <200 https://storage.googleapis.com/guarantee-mails/api-content/arrow-right.png>
2026-08-12 09:39:07,166 [scrapy-playwright] DEBUG: [Context=default] Response: <200 https://img10.naventcdn.com/ficha/RPFICv5.427.0-RC3/images/no-location-map.png>
2026-08-12 09:39:07,168 [scrapy-playwright] DEBUG: [Context=default] Response: <200 https://storage.googleapis.com/ssx-api-content-public/VAMX/Creditaria/ICONO%20CREDITARIA%20WHITE.png>
2026-08-12 09:39:07,177 [scrapy-playwright] DEBUG: [Context=default] Response: <200 https://img10.naventcdn.com/ficha/RPFICv5.427.0-RC3/mainapp.f05aaf.js>
2026-08-12 09:39:07,188 [scrapy-playwright] DEBUG: [Context=default] Response: <200 https://img10.naventcdn.com/ficha/RPFICv5.427.0-RC3/hind-semibold-webfont.55081e.woff2>
2026-08-12 09:39:07,200 [scrapy-playwright] DEBUG: [Context=default] Response: <200 https://img10.naventcdn.com/ficha/RPFICv5.427.0-RC3/images/chevron_down.svg>
2026-08-12 09:39:07,200 [scrapy-playwright] DEBUG: [Context=default] Response: <200 https://img10.naventcdn.com/ficha/RPFICv5.427.0-RC3/cochera.30335f.svg>
2026-08-12 09:39:07,200 [scrapy-playwright] DEBUG: [Context=default] Response: <200 https://img10.naventcdn.com/ficha/RPFICv5.427.0-RC3/banos.827612.svg>
2026-08-12 09:39:07,201 [scrapy-playwright] DEBUG: [Context=default] Response: <200 https://img10.naventcdn.com/ficha/RPFICv5.427.0-RC3/scubierta.695fb2.svg>
2026-08-12 09:39:07,201 [scrapy-playwright] DEBUG: [Context=default] Response: <200 https://img10.naventcdn.com/ficha/RPFICv5.427.0-RC3/toilete.f725dc.svg>
2026-08-12 09:39:07,201 [scrapy-playwright] DEBUG: [Context=default] Response: <200 https://img10.naventcdn.com/ficha/RPFICv5.427.0-RC3/stotal.38e4f4.svg>
2026-08-12 09:39:07,202 [scrapy-playwright] DEBUG: [Context=default] Response: <200 https://img10.naventcdn.com/ficha/RPFICv5.427.0-RC3/antiguedad.eb15bc.svg>
2026-08-12 09:39:07,202 [scrapy-playwright] DEBUG: [Context=default] Response: <200 https://img10.naventcdn.com/ficha/RPFICv5.427.0-RC3/dormitorio.349d35.svg>
2026-08-12 09:39:07,202 [scrapy-playwright] DEBUG: [Context=default] Response: <200 https://img10.naventcdn.com/ficha/RPFICv5.427.0-RC3/chevron-right.f84462.svg>
2026-08-12 09:39:07,207 [scrapy-playwright] DEBUG: [Context=default] Response: <200 https://img10.naventcdn.com/ficha/RPFICv5.427.0-RC3/runtime.d41d8c.js>
2026-08-12 09:39:07,208 [scrapy-playwright] DEBUG: [Context=default] Response: <200 https://img10.naventcdn.com/ficha/RPFICv5.427.0-RC3/react-libs.917c9a.js>
2026-08-12 09:39:07,209 [scrapy-playwright] DEBUG: [Context=default] Response: <200 https://img10.naventcdn.com/avisos/18/01/50/32/37/99/360x266/1615795327.jpg?rapc=bXZhX2ltYWdl>
2026-08-12 09:39:07,209 [scrapy-playwright] DEBUG: [Context=default] Response: <200 https://img10.naventcdn.com/avisos/18/01/50/32/37/99/360x266/1615795337.jpg?rapc=bXZhX2ltYWdl>
2026-08-12 09:39:07,209 [scrapy-playwright] DEBUG: [Context=default] Response: <200 https://img10.naventcdn.com/ficha/RPFICv5.427.0-RC3/libs.50b4d7.js>
2026-08-12 09:39:07,209 [scrapy-playwright] DEBUG: [Context=default] Response: <200 https://img10.naventcdn.com/avisos/18/01/50/32/37/99/360x266/1615795329.jpg?rapc=bXZhX2ltYWdl>
2026-08-12 09:39:07,226 [scrapy-playwright] DEBUG: [Context=default] Request: <GET https://www.vivanuncios.com.mx/cdn-cgi/challenge-platform/scripts/jsd/main.js> (resource type: script)
2026-08-12 09:39:07,250 [scrapy-playwright] DEBUG: [Context=default] Request: <GET https://img10.naventcdn.com/ficha/RPFICv5.427.0-RC3/11.53f096.js> (resource type: script, referrer: https://www.vivanuncios.com.mx/a-venta-casa/ciudad-jimenez-centro/casa-en-venta-de-una-planta-en-colonia-centro/150452392?n_src=Listado&n_pg=1&n_pos=2&n_search_id=a9f07af8-4a56-401a-81e2-105ae9c7d734)
2026-08-12 09:39:07,250 [scrapy-playwright] DEBUG: [Context=default] Request: <GET https://img10.naventcdn.com/ficha/RPFICv5.427.0-RC3/29.e47df8.css> (resource type: stylesheet, referrer: https://www.vivanuncios.com.mx/a-venta-casa/ciudad-jimenez-centro/casa-en-venta-de-una-planta-en-colonia-centro/150452392?n_src=Listado&n_pg=1&n_pos=2&n_search_id=a9f07af8-4a56-401a-81e2-105ae9c7d734)
2026-08-12 09:39:07,251 [scrapy-playwright] DEBUG: [Context=default] Request: <GET https://img10.naventcdn.com/ficha/RPFICv5.427.0-RC3/29.12f56d.js> (resource type: script, referrer: https://www.vivanuncios.com.mx/a-venta-casa/ciudad-jimenez-centro/casa-en-venta-de-una-planta-en-colonia-centro/150452392?n_src=Listado&n_pg=1&n_pos=2&n_search_id=a9f07af8-4a56-401a-81e2-105ae9c7d734)
2026-08-12 09:39:07,251 [scrapy-playwright] DEBUG: [Context=default] Request: <GET https://img10.naventcdn.com/ficha/RPFICv5.427.0-RC3/32.b61092.js> (resource type: script, referrer: https://www.vivanuncios.com.mx/a-venta-casa/ciudad-jimenez-centro/casa-en-venta-de-una-planta-en-colonia-centro/150452392?n_src=Listado&n_pg=1&n_pos=2&n_search_id=a9f07af8-4a56-401a-81e2-105ae9c7d734)
2026-08-12 09:39:07,251 [scrapy-playwright] DEBUG: [Context=default] Request: <GET https://www.vivanuncios.com.mx/rplis-api/user/activity?postingsIds=150452392> (resource type: fetch, referrer: https://www.vivanuncios.com.mx/a-venta-casa/ciudad-jimenez-centro/casa-en-venta-de-una-planta-en-colonia-centro/150452392?n_src=Listado&n_pg=1&n_pos=2&n_search_id=a9f07af8-4a56-401a-81e2-105ae9c7d734)
2026-08-12 09:39:07,258 [scrapy-playwright] DEBUG: [Context=default] Response: <302 https://www.vivanuncios.com.mx/cdn-cgi/challenge-platform/scripts/jsd/main.js> (location: /cdn-cgi/challenge-platform/h/g/scripts/jsd/aae2b9a1c261/main.js?)
2026-08-12 09:39:07,281 [scrapy-playwright] DEBUG: [Context=default] Response: <200 https://accounts.google.com/gsi/client>
2026-08-12 09:39:07,283 [scrapy-playwright] DEBUG: [Context=default] Response: <200 https://img10.naventcdn.com/ficha/RPFICv5.427.0-RC3/11.53f096.js>
2026-08-12 09:39:07,288 [scrapy-playwright] DEBUG: [Context=default] Response: <200 https://img10.naventcdn.com/ficha/RPFICv5.427.0-RC3/32.b61092.js>
2026-08-12 09:39:07,289 [scrapy-playwright] DEBUG: [Context=default] Request: <GET https://www.vivanuncios.com.mx/cdn-cgi/challenge-platform/h/g/scripts/jsd/aae2b9a1c261/main.js?> (resource type: script)
2026-08-12 09:39:07,289 [scrapy-playwright] DEBUG: [Context=default] Response: <200 https://www.vivanuncios.com.mx/cdn-cgi/challenge-platform/h/g/scripts/jsd/aae2b9a1c261/main.js?>
2026-08-12 09:39:08,004 [scrapy-playwright] DEBUG: [Context=default] Request: <POST https://www.vivanuncios.com.mx/cdn-cgi/challenge-platform/h/g/jsd/oneshot/aae2b9a1c261/0.5146932117011116:1786546835:StkEKgBXLEvCdI03SLlp2zYcedWuj5LWP0r1YiGUTaY/a2a09226e985ae76> (resource type: xhr)
2026-08-12 09:39:08,005 [scrapy-playwright] DEBUG: [Context=default] Response: <200 https://img10.naventcdn.com/ficha/RPFICv5.427.0-RC3/29.e47df8.css>
2026-08-12 09:39:08,005 [scrapy-playwright] DEBUG: [Context=default] Response: <200 https://img10.naventcdn.com/ficha/RPFICv5.427.0-RC3/29.12f56d.js>
2026-08-12 09:39:08,005 [scrapy-playwright] DEBUG: [Context=default] Response: <200 https://www.googletagmanager.com/gtm.js?id=GTM-MC2DBQN>
2026-08-12 09:39:08,005 [scrapy-playwright] DEBUG: [Context=default] Response: <200 https://www.vivanuncios.com.mx/rplis-api/user/activity?postingsIds=150452392>
2026-08-12 09:39:08,019 [scrapy-playwright] DEBUG: [Context=default] Request: <GET https://img10.naventcdn.com/ficha/RPFICv5.427.0-RC3/0.3a73f1.css> (resource type: stylesheet, referrer: https://www.vivanuncios.com.mx/a-venta-casa/ciudad-jimenez-centro/casa-en-venta-de-una-planta-en-colonia-centro/150452392?n_src=Listado&n_pg=1&n_pos=2&n_search_id=a9f07af8-4a56-401a-81e2-105ae9c7d734)
2026-08-12 09:39:08,020 [scrapy-playwright] DEBUG: [Context=default] Request: <GET https://img10.naventcdn.com/ficha/RPFICv5.427.0-RC3/0.9cb3ce.js> (resource type: script, referrer: https://www.vivanuncios.com.mx/a-venta-casa/ciudad-jimenez-centro/casa-en-venta-de-una-planta-en-colonia-centro/150452392?n_src=Listado&n_pg=1&n_pos=2&n_search_id=a9f07af8-4a56-401a-81e2-105ae9c7d734)
2026-08-12 09:39:08,020 [scrapy-playwright] DEBUG: [Context=default] Request: <GET https://img10.naventcdn.com/ficha/RPFICv5.427.0-RC3/1.6bf0d2.css> (resource type: stylesheet, referrer: https://www.vivanuncios.com.mx/a-venta-casa/ciudad-jimenez-centro/casa-en-venta-de-una-planta-en-colonia-centro/150452392?n_src=Listado&n_pg=1&n_pos=2&n_search_id=a9f07af8-4a56-401a-81e2-105ae9c7d734)
2026-08-12 09:39:08,020 [scrapy-playwright] DEBUG: [Context=default] Request: <GET https://img10.naventcdn.com/ficha/RPFICv5.427.0-RC3/1.6d10b9.js> (resource type: script, referrer: https://www.vivanuncios.com.mx/a-venta-casa/ciudad-jimenez-centro/casa-en-venta-de-una-planta-en-colonia-centro/150452392?n_src=Listado&n_pg=1&n_pos=2&n_search_id=a9f07af8-4a56-401a-81e2-105ae9c7d734)
2026-08-12 09:39:08,020 [scrapy-playwright] DEBUG: [Context=default] Request: <GET https://img10.naventcdn.com/ficha/RPFICv5.427.0-RC3/4.bfc972.js> (resource type: script, referrer: https://www.vivanuncios.com.mx/a-venta-casa/ciudad-jimenez-centro/casa-en-venta-de-una-planta-en-colonia-centro/150452392?n_src=Listado&n_pg=1&n_pos=2&n_search_id=a9f07af8-4a56-401a-81e2-105ae9c7d734)
2026-08-12 09:39:08,020 [scrapy-playwright] DEBUG: [Context=default] Request: <GET https://img10.naventcdn.com/ficha/RPFICv5.427.0-RC3/3.156996.css> (resource type: stylesheet, referrer: https://www.vivanuncios.com.mx/a-venta-casa/ciudad-jimenez-centro/casa-en-venta-de-una-planta-en-colonia-centro/150452392?n_src=Listado&n_pg=1&n_pos=2&n_search_id=a9f07af8-4a56-401a-81e2-105ae9c7d734)
2026-08-12 09:39:08,020 [scrapy-playwright] DEBUG: [Context=default] Request: <GET https://img10.naventcdn.com/ficha/RPFICv5.427.0-RC3/3.33fbb4.js> (resource type: script, referrer: https://www.vivanuncios.com.mx/a-venta-casa/ciudad-jimenez-centro/casa-en-venta-de-una-planta-en-colonia-centro/150452392?n_src=Listado&n_pg=1&n_pos=2&n_search_id=a9f07af8-4a56-401a-81e2-105ae9c7d734)
2026-08-12 09:39:08,021 [scrapy-playwright] DEBUG: [Context=default] Request: <GET https://img10.naventcdn.com/ficha/RPFICv5.427.0-RC3/20.f993b6.css> (resource type: stylesheet, referrer: https://www.vivanuncios.com.mx/a-venta-casa/ciudad-jimenez-centro/casa-en-venta-de-una-planta-en-colonia-centro/150452392?n_src=Listado&n_pg=1&n_pos=2&n_search_id=a9f07af8-4a56-401a-81e2-105ae9c7d734)
2026-08-12 09:39:08,021 [scrapy-playwright] DEBUG: [Context=default] Request: <GET https://img10.naventcdn.com/ficha/RPFICv5.427.0-RC3/20.8205a6.js> (resource type: script, referrer: https://www.vivanuncios.com.mx/a-venta-casa/ciudad-jimenez-centro/casa-en-venta-de-una-planta-en-colonia-centro/150452392?n_src=Listado&n_pg=1&n_pos=2&n_search_id=a9f07af8-4a56-401a-81e2-105ae9c7d734)
2026-08-12 09:39:08,021 [scrapy-playwright] DEBUG: [Context=default] Request: <GET https://img10.naventcdn.com/ficha/RPFICv5.427.0-RC3/2.6444af.js> (resource type: script, referrer: https://www.vivanuncios.com.mx/a-venta-casa/ciudad-jimenez-centro/casa-en-venta-de-una-planta-en-colonia-centro/150452392?n_src=Listado&n_pg=1&n_pos=2&n_search_id=a9f07af8-4a56-401a-81e2-105ae9c7d734)
2026-08-12 09:39:08,021 [scrapy-playwright] DEBUG: [Context=default] Request: <GET https://img10.naventcdn.com/ficha/RPFICv5.427.0-RC3/6.5a558a.css> (resource type: stylesheet, referrer: https://www.vivanuncios.com.mx/a-venta-casa/ciudad-jimenez-centro/casa-en-venta-de-una-planta-en-colonia-centro/150452392?n_src=Listado&n_pg=1&n_pos=2&n_search_id=a9f07af8-4a56-401a-81e2-105ae9c7d734)
2026-08-12 09:39:08,021 [scrapy-playwright] DEBUG: [Context=default] Request: <GET https://img10.naventcdn.com/ficha/RPFICv5.427.0-RC3/6.6dab38.js> (resource type: script, referrer: https://www.vivanuncios.com.mx/a-venta-casa/ciudad-jimenez-centro/casa-en-venta-de-una-planta-en-colonia-centro/150452392?n_src=Listado&n_pg=1&n_pos=2&n_search_id=a9f07af8-4a56-401a-81e2-105ae9c7d734)
2026-08-12 09:39:08,022 [scrapy-playwright] DEBUG: [Context=default] Request: <GET https://img10.naventcdn.com/ficha/RPFICv5.427.0-RC3/18.c543a2.css> (resource type: stylesheet, referrer: https://www.vivanuncios.com.mx/a-venta-casa/ciudad-jimenez-centro/casa-en-venta-de-una-planta-en-colonia-centro/150452392?n_src=Listado&n_pg=1&n_pos=2&n_search_id=a9f07af8-4a56-401a-81e2-105ae9c7d734)
2026-08-12 09:39:08,022 [scrapy-playwright] DEBUG: [Context=default] Request: <GET https://img10.naventcdn.com/ficha/RPFICv5.427.0-RC3/18.ddbfee.js> (resource type: script, referrer: https://www.vivanuncios.com.mx/a-venta-casa/ciudad-jimenez-centro/casa-en-venta-de-una-planta-en-colonia-centro/150452392?n_src=Listado&n_pg=1&n_pos=2&n_search_id=a9f07af8-4a56-401a-81e2-105ae9c7d734)
2026-08-12 09:39:08,022 [scrapy-playwright] DEBUG: [Context=default] Request: <GET https://img10.naventcdn.com/ficha/RPFICv5.427.0-RC3/30.a450f8.css> (resource type: stylesheet, referrer: https://www.vivanuncios.com.mx/a-venta-casa/ciudad-jimenez-centro/casa-en-venta-de-una-planta-en-colonia-centro/150452392?n_src=Listado&n_pg=1&n_pos=2&n_search_id=a9f07af8-4a56-401a-81e2-105ae9c7d734)
2026-08-12 09:39:08,022 [scrapy-playwright] DEBUG: [Context=default] Request: <GET https://img10.naventcdn.com/ficha/RPFICv5.427.0-RC3/30.cb8e20.js> (resource type: script, referrer: https://www.vivanuncios.com.mx/a-venta-casa/ciudad-jimenez-centro/casa-en-venta-de-una-planta-en-colonia-centro/150452392?n_src=Listado&n_pg=1&n_pos=2&n_search_id=a9f07af8-4a56-401a-81e2-105ae9c7d734)
2026-08-12 09:39:08,022 [scrapy-playwright] DEBUG: [Context=default] Request: <GET https://img10.naventcdn.com/ficha/RPFICv5.427.0-RC3/31.78b7dd.css> (resource type: stylesheet, referrer: https://www.vivanuncios.com.mx/a-venta-casa/ciudad-jimenez-centro/casa-en-venta-de-una-planta-en-colonia-centro/150452392?n_src=Listado&n_pg=1&n_pos=2&n_search_id=a9f07af8-4a56-401a-81e2-105ae9c7d734)
2026-08-12 09:39:08,023 [scrapy-playwright] DEBUG: [Context=default] Request: <GET https://img10.naventcdn.com/ficha/RPFICv5.427.0-RC3/31.f799ea.js> (resource type: script, referrer: https://www.vivanuncios.com.mx/a-venta-casa/ciudad-jimenez-centro/casa-en-venta-de-una-planta-en-colonia-centro/150452392?n_src=Listado&n_pg=1&n_pos=2&n_search_id=a9f07af8-4a56-401a-81e2-105ae9c7d734)
2026-08-12 09:39:08,023 [scrapy-playwright] DEBUG: [Context=default] Request: <GET https://img10.naventcdn.com/ficha/RPFICv5.427.0-RC3/17.cf3424.css> (resource type: stylesheet, referrer: https://www.vivanuncios.com.mx/a-venta-casa/ciudad-jimenez-centro/casa-en-venta-de-una-planta-en-colonia-centro/150452392?n_src=Listado&n_pg=1&n_pos=2&n_search_id=a9f07af8-4a56-401a-81e2-105ae9c7d734)
2026-08-12 09:39:08,023 [scrapy-playwright] DEBUG: [Context=default] Request: <GET https://img10.naventcdn.com/ficha/RPFICv5.427.0-RC3/17.2fc806.js> (resource type: script, referrer: https://www.vivanuncios.com.mx/a-venta-casa/ciudad-jimenez-centro/casa-en-venta-de-una-planta-en-colonia-centro/150452392?n_src=Listado&n_pg=1&n_pos=2&n_search_id=a9f07af8-4a56-401a-81e2-105ae9c7d734)
2026-08-12 09:39:08,023 [scrapy-playwright] DEBUG: [Context=default] Request: <GET https://img10.naventcdn.com/ficha/RPFICv5.427.0-RC3/28.bb9122.css> (resource type: stylesheet, referrer: https://www.vivanuncios.com.mx/a-venta-casa/ciudad-jimenez-centro/casa-en-venta-de-una-planta-en-colonia-centro/150452392?n_src=Listado&n_pg=1&n_pos=2&n_search_id=a9f07af8-4a56-401a-81e2-105ae9c7d734)
2026-08-12 09:39:08,023 [scrapy-playwright] DEBUG: [Context=default] Request: <GET https://img10.naventcdn.com/ficha/RPFICv5.427.0-RC3/28.dd139c.js> (resource type: script, referrer: https://www.vivanuncios.com.mx/a-venta-casa/ciudad-jimenez-centro/casa-en-venta-de-una-planta-en-colonia-centro/150452392?n_src=Listado&n_pg=1&n_pos=2&n_search_id=a9f07af8-4a56-401a-81e2-105ae9c7d734)
2026-08-12 09:39:08,024 [scrapy-playwright] DEBUG: [Context=default] Request: <GET https://img10.naventcdn.com/ficha/RPFICv5.427.0-RC3/23.0d50a6.css> (resource type: stylesheet, referrer: https://www.vivanuncios.com.mx/a-venta-casa/ciudad-jimenez-centro/casa-en-venta-de-una-planta-en-colonia-centro/150452392?n_src=Listado&n_pg=1&n_pos=2&n_search_id=a9f07af8-4a56-401a-81e2-105ae9c7d734)
2026-08-12 09:39:08,024 [scrapy-playwright] DEBUG: [Context=default] Request: <GET https://img10.naventcdn.com/ficha/RPFICv5.427.0-RC3/23.7f578a.js> (resource type: script, referrer: https://www.vivanuncios.com.mx/a-venta-casa/ciudad-jimenez-centro/casa-en-venta-de-una-planta-en-colonia-centro/150452392?n_src=Listado&n_pg=1&n_pos=2&n_search_id=a9f07af8-4a56-401a-81e2-105ae9c7d734)
2026-08-12 09:39:08,024 [scrapy-playwright] DEBUG: [Context=default] Request: <GET https://img10.naventcdn.com/ficha/RPFICv5.427.0-RC3/34.53561f.js> (resource type: script, referrer: https://www.vivanuncios.com.mx/a-venta-casa/ciudad-jimenez-centro/casa-en-venta-de-una-planta-en-colonia-centro/150452392?n_src=Listado&n_pg=1&n_pos=2&n_search_id=a9f07af8-4a56-401a-81e2-105ae9c7d734)
2026-08-12 09:39:08,024 [scrapy-playwright] DEBUG: [Context=default] Request: <GET https://www.vivanuncios.com.mx/rp-api/user/session> (resource type: fetch, referrer: https://www.vivanuncios.com.mx/a-venta-casa/ciudad-jimenez-centro/casa-en-venta-de-una-planta-en-colonia-centro/150452392?n_src=Listado&n_pg=1&n_pos=2&n_search_id=a9f07af8-4a56-401a-81e2-105ae9c7d734)
2026-08-12 09:39:08,025 [scrapy-playwright] DEBUG: [Context=default] Request: <POST https://www.vivanuncios.com.mx/metrics/api/v1/events> (resource type: ping, referrer: https://www.vivanuncios.com.mx/a-venta-casa/ciudad-jimenez-centro/casa-en-venta-de-una-planta-en-colonia-centro/150452392?n_src=Listado&n_pg=1&n_pos=2&n_search_id=a9f07af8-4a56-401a-81e2-105ae9c7d734)
2026-08-12 09:39:08,025 [scrapy-playwright] DEBUG: [Context=default] Request: <GET https://img10.naventcdn.com/ficha/RPFICv5.427.0-RC3/12.3125fc.css> (resource type: stylesheet, referrer: https://www.vivanuncios.com.mx/a-venta-casa/ciudad-jimenez-centro/casa-en-venta-de-una-planta-en-colonia-centro/150452392?n_src=Listado&n_pg=1&n_pos=2&n_search_id=a9f07af8-4a56-401a-81e2-105ae9c7d734)
2026-08-12 09:39:08,025 [scrapy-playwright] DEBUG: [Context=default] Request: <GET https://img10.naventcdn.com/ficha/RPFICv5.427.0-RC3/12.c4d281.js> (resource type: script, referrer: https://www.vivanuncios.com.mx/a-venta-casa/ciudad-jimenez-centro/casa-en-venta-de-una-planta-en-colonia-centro/150452392?n_src=Listado&n_pg=1&n_pos=2&n_search_id=a9f07af8-4a56-401a-81e2-105ae9c7d734)
2026-08-12 09:39:08,026 [scrapy-playwright] DEBUG: [Context=default] Request: <GET https://img10.naventcdn.com/ficha/RPFICv5.427.0-RC3/10.9db734.js> (resource type: script, referrer: https://www.vivanuncios.com.mx/a-venta-casa/ciudad-jimenez-centro/casa-en-venta-de-una-planta-en-colonia-centro/150452392?n_src=Listado&n_pg=1&n_pos=2&n_search_id=a9f07af8-4a56-401a-81e2-105ae9c7d734)
2026-08-12 09:39:08,026 [scrapy-playwright] DEBUG: [Context=default] Request: <POST https://www.vivanuncios.com.mx/rpfic-api/listado/activity> (resource type: fetch, referrer: https://www.vivanuncios.com.mx/a-venta-casa/ciudad-jimenez-centro/casa-en-venta-de-una-planta-en-colonia-centro/150452392?n_src=Listado&n_pg=1&n_pos=2&n_search_id=a9f07af8-4a56-401a-81e2-105ae9c7d734)
2026-08-12 09:39:08,062 [scrapy-playwright] DEBUG: [Context=default] Request: <GET https://www.googletagmanager.com/gtag/js?id=G-C4HWQQM571&cx=c&gtm=4e68a1> (resource type: script, referrer: https://www.vivanuncios.com.mx/a-venta-casa/ciudad-jimenez-centro/casa-en-venta-de-una-planta-en-colonia-centro/150452392?n_src=Listado&n_pg=1&n_pos=2&n_search_id=a9f07af8-4a56-401a-81e2-105ae9c7d734)
2026-08-12 09:39:08,063 [scrapy-playwright] DEBUG: [Context=default] Request: <GET https://gum.criteo.com/sync?c=undefined&r=2&a=1&j=crto_callback> (resource type: script, referrer: https://www.vivanuncios.com.mx/a-venta-casa/ciudad-jimenez-centro/casa-en-venta-de-una-planta-en-colonia-centro/150452392?n_src=Listado&n_pg=1&n_pos=2&n_search_id=a9f07af8-4a56-401a-81e2-105ae9c7d734)
2026-08-12 09:39:08,070 [scrapy-playwright] DEBUG: [Context=default] Response: <200 https://img10.naventcdn.com/ficha/RPFICv5.427.0-RC3/0.3a73f1.css>
2026-08-12 09:39:08,070 [scrapy-playwright] DEBUG: [Context=default] Response: <200 https://img10.naventcdn.com/ficha/RPFICv5.427.0-RC3/1.6bf0d2.css>
2026-08-12 09:39:08,071 [scrapy-playwright] DEBUG: [Context=default] Response: <200 https://img10.naventcdn.com/ficha/RPFICv5.427.0-RC3/3.156996.css>
2026-08-12 09:39:08,071 [scrapy-playwright] DEBUG: [Context=default] Response: <200 https://img10.naventcdn.com/ficha/RPFICv5.427.0-RC3/20.f993b6.css>
2026-08-12 09:39:08,071 [scrapy-playwright] DEBUG: [Context=default] Request: <POST https://www.google.com/ccm/collect?rcb=19&frm=0&apvc=1&ae=g&auid=824987680.1786549148&dt=Casas%20en%20venta%20-%20528m2%20-%204%20recamaras%20-%20Ciudad%20Jimenez%20Centro%20-...&en=page_view&dl=https%3A%2F%2Fwww.vivanuncios.com.mx%2Fa-venta-casa%2Fciudad-jimenez-centro%2Fcasa-en-venta-de-una-planta-en-colonia-centro%2F150452392%3Fn_src%3DListado%26n_pg%3D1%26n_pos%3D2%26n_search_id%3Da9f07af8-4a56-401a-81e2-105ae9c7d734&scrsrc=www.googletagmanager.com&rnd=530208485.1786549148&navt=n&npa=0&ep.ads_data_redaction=0&gtm=45He68a1v858857621za200zd858857621xea&gcd=13l3l3l3l1l1&dma=0&tag_exp=115616986~115938466~115938468~118131809~118395335~118897920~118897930~119404701~119527020~119896803~120315584&tft=1786549148065&tfd=1587&fmt=8> (resource type: fetch, referrer: https://www.vivanuncios.com.mx/a-venta-casa/ciudad-jimenez-centro/casa-en-venta-de-una-planta-en-colonia-centro/150452392?n_src=Listado&n_pg=1&n_pos=2&n_search_id=a9f07af8-4a56-401a-81e2-105ae9c7d734)
2026-08-12 09:39:08,071 [scrapy-playwright] DEBUG: [Context=default] Request: <POST https://ad.doubleclick.net/ccm/s/collect?auid=824987680.1786549148&gtm=45He68a1v858857621za200zd858857621xea&fmt=8> (resource type: fetch, referrer: https://www.vivanuncios.com.mx/a-venta-casa/ciudad-jimenez-centro/casa-en-venta-de-una-planta-en-colonia-centro/150452392?n_src=Listado&n_pg=1&n_pos=2&n_search_id=a9f07af8-4a56-401a-81e2-105ae9c7d734)
2026-08-12 09:39:08,079 [scrapy-playwright] DEBUG: [Context=default] Response: <200 https://img10.naventcdn.com/ficha/RPFICv5.427.0-RC3/6.5a558a.css>
2026-08-12 09:39:08,084 [scrapy-playwright] DEBUG: [Context=default] Response: <200 https://img10.naventcdn.com/ficha/RPFICv5.427.0-RC3/17.cf3424.css>
2026-08-12 09:39:08,084 [scrapy-playwright] DEBUG: [Context=default] Response: <200 https://img10.naventcdn.com/ficha/RPFICv5.427.0-RC3/18.c543a2.css>
2026-08-12 09:39:08,085 [scrapy-playwright] DEBUG: [Context=default] Response: <200 https://img10.naventcdn.com/ficha/RPFICv5.427.0-RC3/23.0d50a6.css>
2026-08-12 09:39:08,085 [scrapy-playwright] DEBUG: [Context=default] Response: <200 https://img10.naventcdn.com/ficha/RPFICv5.427.0-RC3/1.6d10b9.js>
2026-08-12 09:39:08,085 [scrapy-playwright] DEBUG: [Context=default] Response: <200 https://img10.naventcdn.com/ficha/RPFICv5.427.0-RC3/0.9cb3ce.js>
2026-08-12 09:39:08,085 [scrapy-playwright] DEBUG: [Context=default] Response: <200 https://img10.naventcdn.com/ficha/RPFICv5.427.0-RC3/4.bfc972.js>
2026-08-12 09:39:08,085 [scrapy-playwright] DEBUG: [Context=default] Response: <200 https://img10.naventcdn.com/ficha/RPFICv5.427.0-RC3/3.33fbb4.js>
2026-08-12 09:39:08,085 [scrapy-playwright] DEBUG: [Context=default] Response: <200 https://img10.naventcdn.com/ficha/RPFICv5.427.0-RC3/2.6444af.js>
2026-08-12 09:39:08,085 [scrapy-playwright] DEBUG: [Context=default] Response: <200 https://img10.naventcdn.com/ficha/RPFICv5.427.0-RC3/20.8205a6.js>
2026-08-12 09:39:08,085 [scrapy-playwright] DEBUG: [Context=default] Request: <GET https://www.googletagmanager.com/gtag/js?id=G-3W0YTSRCK7&cx=c&gtm=4e68a1> (resource type: script, referrer: https://www.vivanuncios.com.mx/a-venta-casa/ciudad-jimenez-centro/casa-en-venta-de-una-planta-en-colonia-centro/150452392?n_src=Listado&n_pg=1&n_pos=2&n_search_id=a9f07af8-4a56-401a-81e2-105ae9c7d734)
2026-08-12 09:39:08,086 [scrapy-playwright] DEBUG: [Context=default] Response: <200 https://www.vivanuncios.com.mx/cdn-cgi/challenge-platform/h/g/jsd/oneshot/aae2b9a1c261/0.5146932117011116:1786546835:StkEKgBXLEvCdI03SLlp2zYcedWuj5LWP0r1YiGUTaY/a2a09226e985ae76>
2026-08-12 09:39:08,086 [scrapy-playwright] DEBUG: [Context=default] Response: <200 https://img10.naventcdn.com/ficha/RPFICv5.427.0-RC3/6.6dab38.js>
2026-08-12 09:39:08,086 [scrapy-playwright] DEBUG: [Context=default] Response: <200 https://img10.naventcdn.com/ficha/RPFICv5.427.0-RC3/18.ddbfee.js>
2026-08-12 09:39:08,086 [scrapy-playwright] DEBUG: [Context=default] Response: <200 https://img10.naventcdn.com/ficha/RPFICv5.427.0-RC3/31.f799ea.js>
2026-08-12 09:39:08,094 [scrapy-playwright] DEBUG: [Context=default] Response: <200 https://img10.naventcdn.com/ficha/RPFICv5.427.0-RC3/30.a450f8.css>
2026-08-12 09:39:08,094 [scrapy-playwright] DEBUG: [Context=default] Response: <200 https://img10.naventcdn.com/ficha/RPFICv5.427.0-RC3/28.dd139c.js>
2026-08-12 09:39:08,094 [scrapy-playwright] DEBUG: [Context=default] Response: <200 https://img10.naventcdn.com/ficha/RPFICv5.427.0-RC3/17.2fc806.js>
2026-08-12 09:39:08,094 [scrapy-playwright] DEBUG: [Context=default] Response: <200 https://img10.naventcdn.com/ficha/RPFICv5.427.0-RC3/12.c4d281.js>
2026-08-12 09:39:08,094 [scrapy-playwright] DEBUG: [Context=default] Response: <200 https://img10.naventcdn.com/ficha/RPFICv5.427.0-RC3/10.9db734.js>
2026-08-12 09:39:08,094 [scrapy-playwright] DEBUG: [Context=default] Response: <200 https://img10.naventcdn.com/ficha/RPFICv5.427.0-RC3/23.7f578a.js>
2026-08-12 09:39:08,102 [scrapy-playwright] DEBUG: [Context=default] Request: <GET https://img10.naventcdn.com/ficha/RPFICv5.427.0-RC3/22.6d0ad8.css> (resource type: stylesheet, referrer: https://www.vivanuncios.com.mx/a-venta-casa/ciudad-jimenez-centro/casa-en-venta-de-una-planta-en-colonia-centro/150452392?n_src=Listado&n_pg=1&n_pos=2&n_search_id=a9f07af8-4a56-401a-81e2-105ae9c7d734)
2026-08-12 09:39:08,103 [scrapy-playwright] DEBUG: [Context=default] Request: <GET https://img10.naventcdn.com/ficha/RPFICv5.427.0-RC3/22.7f305b.js> (resource type: script, referrer: https://www.vivanuncios.com.mx/a-venta-casa/ciudad-jimenez-centro/casa-en-venta-de-una-planta-en-colonia-centro/150452392?n_src=Listado&n_pg=1&n_pos=2&n_search_id=a9f07af8-4a56-401a-81e2-105ae9c7d734)
2026-08-12 09:39:08,104 [scrapy-playwright] DEBUG: [Context=default] Request: <GET https://img10.naventcdn.com/ficha/RPFICv5.427.0-RC3/9.4b30cd.css> (resource type: stylesheet, referrer: https://www.vivanuncios.com.mx/a-venta-casa/ciudad-jimenez-centro/casa-en-venta-de-una-planta-en-colonia-centro/150452392?n_src=Listado&n_pg=1&n_pos=2&n_search_id=a9f07af8-4a56-401a-81e2-105ae9c7d734)
2026-08-12 09:39:08,105 [scrapy-playwright] DEBUG: [Context=default] Request: <GET https://img10.naventcdn.com/ficha/RPFICv5.427.0-RC3/9.8915ff.js> (resource type: script, referrer: https://www.vivanuncios.com.mx/a-venta-casa/ciudad-jimenez-centro/casa-en-venta-de-una-planta-en-colonia-centro/150452392?n_src=Listado&n_pg=1&n_pos=2&n_search_id=a9f07af8-4a56-401a-81e2-105ae9c7d734)
2026-08-12 09:39:08,105 [scrapy-playwright] DEBUG: [Context=default] Request: <GET https://img10.naventcdn.com/ficha/RPFICv5.427.0-RC3/25.ba0c8f.css> (resource type: stylesheet, referrer: https://www.vivanuncios.com.mx/a-venta-casa/ciudad-jimenez-centro/casa-en-venta-de-una-planta-en-colonia-centro/150452392?n_src=Listado&n_pg=1&n_pos=2&n_search_id=a9f07af8-4a56-401a-81e2-105ae9c7d734)
2026-08-12 09:39:08,105 [scrapy-playwright] DEBUG: [Context=default] Request: <GET https://img10.naventcdn.com/ficha/RPFICv5.427.0-RC3/25.3ca9f3.js> (resource type: script, referrer: https://www.vivanuncios.com.mx/a-venta-casa/ciudad-jimenez-centro/casa-en-venta-de-una-planta-en-colonia-centro/150452392?n_src=Listado&n_pg=1&n_pos=2&n_search_id=a9f07af8-4a56-401a-81e2-105ae9c7d734)
2026-08-12 09:39:08,105 [scrapy-playwright] DEBUG: [Context=default] Request: <GET https://img10.naventcdn.com/ficha/RPFICv5.427.0-RC3/send.51f6de.svg> (resource type: image, referrer: https://www.vivanuncios.com.mx/a-venta-casa/ciudad-jimenez-centro/casa-en-venta-de-una-planta-en-colonia-centro/150452392?n_src=Listado&n_pg=1&n_pos=2&n_search_id=a9f07af8-4a56-401a-81e2-105ae9c7d734)
2026-08-12 09:39:08,106 [scrapy-playwright] DEBUG: [Context=default] Request: <GET https://img10.naventcdn.com/empresas/18/00/00/05/12/53/130x70/51253.jpg> (resource type: image, referrer: https://www.vivanuncios.com.mx/a-venta-casa/ciudad-jimenez-centro/casa-en-venta-de-una-planta-en-colonia-centro/150452392?n_src=Listado&n_pg=1&n_pos=2&n_search_id=a9f07af8-4a56-401a-81e2-105ae9c7d734)
2026-08-12 09:39:08,107 [scrapy-playwright] DEBUG: [Context=default] Request: <GET https://img10.naventcdn.com/ficha/RPFICv5.427.0-RC3/icon-share.c86d4f.svg> (resource type: image, referrer: https://img10.naventcdn.com/ficha/RPFICv5.427.0-RC3/18.c543a2.css)
2026-08-12 09:39:08,107 [scrapy-playwright] DEBUG: [Context=default] Response: <200 https://img10.naventcdn.com/ficha/RPFICv5.427.0-RC3/31.78b7dd.css>
2026-08-12 09:39:08,107 [scrapy-playwright] DEBUG: [Context=default] Response: <200 https://img10.naventcdn.com/ficha/RPFICv5.427.0-RC3/28.bb9122.css>
2026-08-12 09:39:08,110 [scrapy-playwright] DEBUG: [Context=default] Request: <GET https://www.vivanuncios.com.mx/rp-api/publisher/323313/statistics> (resource type: fetch, referrer: https://www.vivanuncios.com.mx/a-venta-casa/ciudad-jimenez-centro/casa-en-venta-de-una-planta-en-colonia-centro/150452392?n_src=Listado&n_pg=1&n_pos=2&n_search_id=a9f07af8-4a56-401a-81e2-105ae9c7d734)
2026-08-12 09:39:08,110 [scrapy-playwright] DEBUG: [Context=default] Request: <GET https://www.vivanuncios.com.mx/rp-api/publisher/323313/statistics> (resource type: fetch, referrer: https://www.vivanuncios.com.mx/a-venta-casa/ciudad-jimenez-centro/casa-en-venta-de-una-planta-en-colonia-centro/150452392?n_src=Listado&n_pg=1&n_pos=2&n_search_id=a9f07af8-4a56-401a-81e2-105ae9c7d734)
2026-08-12 09:39:08,110 [scrapy-playwright] DEBUG: [Context=default] Response: <200 https://img10.naventcdn.com/ficha/RPFICv5.427.0-RC3/12.3125fc.css>
2026-08-12 09:39:08,119 [scrapy-playwright] DEBUG: [Context=default] Response: <200 https://img10.naventcdn.com/ficha/RPFICv5.427.0-RC3/30.cb8e20.js>
2026-08-12 09:39:08,120 [scrapy-playwright] DEBUG: [Context=default] Response: <200 https://img10.naventcdn.com/ficha/RPFICv5.427.0-RC3/34.53561f.js>
2026-08-12 09:39:08,123 [scrapy-playwright] DEBUG: [Context=default] Request: <GET https://img10.naventcdn.com/ficha/RPFICv5.427.0-RC3/chevron-down.223450.svg> (resource type: image, referrer: https://www.vivanuncios.com.mx/a-venta-casa/ciudad-jimenez-centro/casa-en-venta-de-una-planta-en-colonia-centro/150452392?n_src=Listado&n_pg=1&n_pos=2&n_search_id=a9f07af8-4a56-401a-81e2-105ae9c7d734)
2026-08-12 09:39:08,123 [scrapy-playwright] DEBUG: [Context=default] Request: <GET https://img10.naventcdn.com/ficha/RPFICv5.427.0-RC3/chat_bubble.6adc18.svg> (resource type: image, referrer: https://www.vivanuncios.com.mx/a-venta-casa/ciudad-jimenez-centro/casa-en-venta-de-una-planta-en-colonia-centro/150452392?n_src=Listado&n_pg=1&n_pos=2&n_search_id=a9f07af8-4a56-401a-81e2-105ae9c7d734)
2026-08-12 09:39:08,135 [scrapy-playwright] DEBUG: [Context=default] Request: <GET https://www.vivanuncios.com.mx/rp-api/publisher/323313/configurations/LeadFormFields> (resource type: fetch, referrer: https://www.vivanuncios.com.mx/a-venta-casa/ciudad-jimenez-centro/casa-en-venta-de-una-planta-en-colonia-centro/150452392?n_src=Listado&n_pg=1&n_pos=2&n_search_id=a9f07af8-4a56-401a-81e2-105ae9c7d734)
2026-08-12 09:39:08,135 [scrapy-playwright] DEBUG: [Context=default] Request: <GET https://img10.naventcdn.com/ficha/RPFICv5.427.0-RC3/favorito.c64fd1.svg> (resource type: image, referrer: https://img10.naventcdn.com/ficha/RPFICv5.427.0-RC3/20.f993b6.css)
2026-08-12 09:39:08,135 [scrapy-playwright] DEBUG: [Context=default] Request: <GET https://img10.naventcdn.com/ficha/RPFICv5.427.0-RC3/alerts.c2f04b.svg> (resource type: image, referrer: https://img10.naventcdn.com/ficha/RPFICv5.427.0-RC3/20.f993b6.css)
2026-08-12 09:39:08,136 [scrapy-playwright] DEBUG: [Context=default] Request: <GET https://img10.naventcdn.com/ficha/RPFICv5.427.0-RC3/eye-visible.117879.svg> (resource type: image, referrer: https://img10.naventcdn.com/ficha/RPFICv5.427.0-RC3/20.f993b6.css)
2026-08-12 09:39:08,136 [scrapy-playwright] DEBUG: [Context=default] Request: <GET https://img10.naventcdn.com/ficha/RPFICv5.427.0-RC3/copy.70cac7.svg> (resource type: image, referrer: https://img10.naventcdn.com/ficha/RPFICv5.427.0-RC3/17.cf3424.css)
2026-08-12 09:39:08,137 [scrapy-playwright] DEBUG: [Context=default] Request: <GET https://www.vivanuncios.com.mx/rp-api/user/posting/150452392/userPreferences/lowprice> (resource type: fetch, referrer: https://www.vivanuncios.com.mx/a-venta-casa/ciudad-jimenez-centro/casa-en-venta-de-una-planta-en-colonia-centro/150452392?n_src=Listado&n_pg=1&n_pos=2&n_search_id=a9f07af8-4a56-401a-81e2-105ae9c7d734)
2026-08-12 09:39:08,138 [scrapy-playwright] DEBUG: [Context=default] Request: <GET https://img10.naventcdn.com/ficha/RPFICv5.427.0-RC3/loader_va.856830.gif> (resource type: image, referrer: https://www.vivanuncios.com.mx/a-venta-casa/ciudad-jimenez-centro/casa-en-venta-de-una-planta-en-colonia-centro/150452392?n_src=Listado&n_pg=1&n_pos=2&n_search_id=a9f07af8-4a56-401a-81e2-105ae9c7d734)
2026-08-12 09:39:08,148 [scrapy-playwright] DEBUG: [Context=default] Request: <POST https://www.vivanuncios.com.mx/aviso_hit.ajax?idAviso=150452392> (resource type: xhr, referrer: https://www.vivanuncios.com.mx/a-venta-casa/ciudad-jimenez-centro/casa-en-venta-de-una-planta-en-colonia-centro/150452392?n_src=Listado&n_pg=1&n_pos=2&n_search_id=a9f07af8-4a56-401a-81e2-105ae9c7d734)
2026-08-12 09:39:08,148 [scrapy-playwright] DEBUG: [Context=default] Request: <GET https://www.vivanuncios.com.mx/rpfic-api/posting/150452392/lowPricePercentage> (resource type: xhr, referrer: https://www.vivanuncios.com.mx/a-venta-casa/ciudad-jimenez-centro/casa-en-venta-de-una-planta-en-colonia-centro/150452392?n_src=Listado&n_pg=1&n_pos=2&n_search_id=a9f07af8-4a56-401a-81e2-105ae9c7d734)
2026-08-12 09:39:08,148 [scrapy-playwright] DEBUG: [Context=default] Request: <GET https://img10.naventcdn.com/ficha/RPFICv5.427.0-RC3/35.345210.js> (resource type: script, referrer: https://www.vivanuncios.com.mx/a-venta-casa/ciudad-jimenez-centro/casa-en-venta-de-una-planta-en-colonia-centro/150452392?n_src=Listado&n_pg=1&n_pos=2&n_search_id=a9f07af8-4a56-401a-81e2-105ae9c7d734)
2026-08-12 09:39:08,149 [scrapy-playwright] DEBUG: [Context=default] Request: <GET https://img10.naventcdn.com/ficha/map/Vivanuncios/150452392E.png> (resource type: image, referrer: https://www.vivanuncios.com.mx/a-venta-casa/ciudad-jimenez-centro/casa-en-venta-de-una-planta-en-colonia-centro/150452392?n_src=Listado&n_pg=1&n_pos=2&n_search_id=a9f07af8-4a56-401a-81e2-105ae9c7d734)
2026-08-12 09:39:08,151 [scrapy-playwright] DEBUG: [Context=default] Response: <200 https://img10.naventcdn.com/ficha/RPFICv5.427.0-RC3/22.6d0ad8.css>
2026-08-12 09:39:08,151 [scrapy-playwright] DEBUG: [Context=default] Response: <200 https://img10.naventcdn.com/ficha/RPFICv5.427.0-RC3/22.7f305b.js>
2026-08-12 09:39:08,152 [scrapy-playwright] DEBUG: [Context=default] Response: <200 https://img10.naventcdn.com/ficha/RPFICv5.427.0-RC3/25.ba0c8f.css>
2026-08-12 09:39:08,152 [scrapy-playwright] DEBUG: [Context=default] Response: <403 https://www.vivanuncios.com.mx/rp-api/publisher/323313/statistics>
2026-08-12 09:39:08,152 [scrapy-playwright] DEBUG: [Context=default] Response: <200 https://img10.naventcdn.com/ficha/RPFICv5.427.0-RC3/25.3ca9f3.js>
2026-08-12 09:39:08,152 [scrapy-playwright] DEBUG: [Context=default] Response: <200 https://img10.naventcdn.com/ficha/RPFICv5.427.0-RC3/9.8915ff.js>
2026-08-12 09:39:08,152 [scrapy-playwright] DEBUG: [Context=default] Request: <GET https://img10.naventcdn.com/ficha/RPFICv5.427.0-RC3/fav-icon-black.d721e0.svg> (resource type: image, referrer: https://www.vivanuncios.com.mx/a-venta-casa/ciudad-jimenez-centro/casa-en-venta-de-una-planta-en-colonia-centro/150452392?n_src=Listado&n_pg=1&n_pos=2&n_search_id=a9f07af8-4a56-401a-81e2-105ae9c7d734)
2026-08-12 09:39:08,152 [scrapy-playwright] DEBUG: [Context=default] Request: <GET https://img10.naventcdn.com/ficha/RPFICv5.427.0-RC3/notesIcon.30e526.svg> (resource type: image, referrer: https://www.vivanuncios.com.mx/a-venta-casa/ciudad-jimenez-centro/casa-en-venta-de-una-planta-en-colonia-centro/150452392?n_src=Listado&n_pg=1&n_pos=2&n_search_id=a9f07af8-4a56-401a-81e2-105ae9c7d734)
2026-08-12 09:39:08,152 [scrapy-playwright] DEBUG: [Context=default] Request: <GET https://img10.naventcdn.com/ficha/RPFICv5.427.0-RC3/eye-not-visible.fd9101.svg> (resource type: image, referrer: https://www.vivanuncios.com.mx/a-venta-casa/ciudad-jimenez-centro/casa-en-venta-de-una-planta-en-colonia-centro/150452392?n_src=Listado&n_pg=1&n_pos=2&n_search_id=a9f07af8-4a56-401a-81e2-105ae9c7d734)
2026-08-12 09:39:08,153 [scrapy-playwright] DEBUG: [Context=default] Response: <400 https://gum.criteo.com/sync?c=undefined&r=2&a=1&j=crto_callback>
2026-08-12 09:39:08,167 [scrapy-playwright] DEBUG: [Context=default] Response: <403 https://www.vivanuncios.com.mx/rp-api/user/posting/150452392/userPreferences/lowprice>
2026-08-12 09:39:08,172 [scrapy-playwright] DEBUG: [Context=default] Response: <200 https://img10.naventcdn.com/ficha/RPFICv5.427.0-RC3/loader_va.856830.gif>
2026-08-12 09:39:08,175 [scrapy-playwright] DEBUG: [Context=default] Response: <200 https://img10.naventcdn.com/ficha/RPFICv5.427.0-RC3/favorito.c64fd1.svg>
2026-08-12 09:39:08,175 [scrapy-playwright] DEBUG: [Context=default] Response: <403 https://www.vivanuncios.com.mx/rp-api/publisher/323313/configurations/LeadFormFields>
2026-08-12 09:39:08,178 [scrapy-playwright] DEBUG: [Context=default] Response: <403 https://www.vivanuncios.com.mx/aviso_hit.ajax?idAviso=150452392>
2026-08-12 09:39:08,179 [scrapy-playwright] DEBUG: [Context=default] Response: <200 https://img10.naventcdn.com/ficha/RPFICv5.427.0-RC3/9.4b30cd.css>
2026-08-12 09:39:08,179 [scrapy-playwright] DEBUG: [Context=default] Response: <403 https://www.vivanuncios.com.mx/rpfic-api/posting/150452392/lowPricePercentage>
2026-08-12 09:39:08,184 [scrapy-playwright] DEBUG: [Context=default] Response: <200 https://img10.naventcdn.com/ficha/RPFICv5.427.0-RC3/send.51f6de.svg>
2026-08-12 09:39:08,184 [scrapy-playwright] DEBUG: [Context=default] Response: <200 https://img10.naventcdn.com/ficha/RPFICv5.427.0-RC3/icon-share.c86d4f.svg>
2026-08-12 09:39:08,184 [scrapy-playwright] DEBUG: [Context=default] Response: <200 https://img10.naventcdn.com/ficha/RPFICv5.427.0-RC3/35.345210.js>
2026-08-12 09:39:08,186 [scrapy-playwright] DEBUG: [Context=default] Response: <403 https://www.vivanuncios.com.mx/rp-api/publisher/323313/statistics>
2026-08-12 09:39:08,186 [scrapy-playwright] DEBUG: [Context=default] Request: <GET https://img10.naventcdn.com/ficha/RPFICv5.427.0-RC3/pictures.5d6caa.svg> (resource type: image, referrer: https://www.vivanuncios.com.mx/a-venta-casa/ciudad-jimenez-centro/casa-en-venta-de-una-planta-en-colonia-centro/150452392?n_src=Listado&n_pg=1&n_pos=2&n_search_id=a9f07af8-4a56-401a-81e2-105ae9c7d734)
2026-08-12 09:39:08,187 [scrapy-playwright] DEBUG: [Context=default] Request: <GET https://img10.naventcdn.com/ficha/RPFICv5.427.0-RC3/img-preview.d35373.svg> (resource type: image, referrer: https://www.vivanuncios.com.mx/a-venta-casa/ciudad-jimenez-centro/casa-en-venta-de-una-planta-en-colonia-centro/150452392?n_src=Listado&n_pg=1&n_pos=2&n_search_id=a9f07af8-4a56-401a-81e2-105ae9c7d734)
2026-08-12 09:39:08,188 [scrapy-playwright] DEBUG: [Context=default] Response: <200 https://img10.naventcdn.com/ficha/RPFICv5.427.0-RC3/eye-not-visible.fd9101.svg>
2026-08-12 09:39:08,189 [scrapy-playwright] DEBUG: [Context=default] Response: <200 https://img10.naventcdn.com/empresas/18/00/00/05/12/53/130x70/51253.jpg>
2026-08-12 09:39:08,196 [scrapy-playwright] DEBUG: [Context=default] Response: <200 https://img10.naventcdn.com/ficha/RPFICv5.427.0-RC3/chevron-down.223450.svg>
2026-08-12 09:39:08,197 [scrapy-playwright] DEBUG: [Context=default] Response: <200 https://img10.naventcdn.com/ficha/RPFICv5.427.0-RC3/chat_bubble.6adc18.svg>
2026-08-12 09:39:08,215 [scrapy-playwright] DEBUG: [Context=default] Response: <200 https://img10.naventcdn.com/ficha/RPFICv5.427.0-RC3/eye-visible.117879.svg>
2026-08-12 09:39:08,215 [scrapy-playwright] DEBUG: [Context=default] Response: <200 https://img10.naventcdn.com/ficha/RPFICv5.427.0-RC3/alerts.c2f04b.svg>
2026-08-12 09:39:08,216 [scrapy-playwright] DEBUG: [Context=default] Response: <200 https://img10.naventcdn.com/ficha/RPFICv5.427.0-RC3/copy.70cac7.svg>
2026-08-12 09:39:08,227 [scrapy-playwright] DEBUG: [Context=default] Response: <200 https://img10.naventcdn.com/ficha/RPFICv5.427.0-RC3/fav-icon-black.d721e0.svg>
2026-08-12 09:39:08,229 [scrapy-playwright] DEBUG: [Context=default] Response: <200 https://img10.naventcdn.com/ficha/RPFICv5.427.0-RC3/notesIcon.30e526.svg>
2026-08-12 09:39:08,232 [scrapy-playwright] DEBUG: [Context=default] Response: <200 https://www.google.com/ccm/collect?rcb=19&frm=0&apvc=1&ae=g&auid=824987680.1786549148&dt=Casas%20en%20venta%20-%20528m2%20-%204%20recamaras%20-%20Ciudad%20Jimenez%20Centro%20-...&en=page_view&dl=https%3A%2F%2Fwww.vivanuncios.com.mx%2Fa-venta-casa%2Fciudad-jimenez-centro%2Fcasa-en-venta-de-una-planta-en-colonia-centro%2F150452392%3Fn_src%3DListado%26n_pg%3D1%26n_pos%3D2%26n_search_id%3Da9f07af8-4a56-401a-81e2-105ae9c7d734&scrsrc=www.googletagmanager.com&rnd=530208485.1786549148&navt=n&npa=0&ep.ads_data_redaction=0&gtm=45He68a1v858857621za200zd858857621xea&gcd=13l3l3l3l1l1&dma=0&tag_exp=115616986~115938466~115938468~118131809~118395335~118897920~118897930~119404701~119527020~119896803~120315584&tft=1786549148065&tfd=1587&fmt=8>
2026-08-12 09:39:08,236 [scrapy-playwright] DEBUG: [Context=default] Response: <200 https://www.googletagmanager.com/gtag/js?id=G-C4HWQQM571&cx=c&gtm=4e68a1>
2026-08-12 09:39:08,265 [scrapy-playwright] DEBUG: [Context=default] Request: <POST https://analytics.google.com/g/collect?v=2&tid=G-C4HWQQM571&gtm=45je68a1v9103994736z8858857621za20gzb858857621zd858857621&_p=1786549147000&_gaz=1&gcd=13l3l3l3l1l1&npa=0&dma=0&_eu=AAAAAGAC&are=1&cid=680368956.1786549148&frm=0&pscdl=noapi&rcb=3&sr=1280x720&uaa=arm&uab=64&uafvl=Not%253DA%253FBrand%3B99.0.0.0%7CHeadlessChrome%3B151.0.7922.34%7CChromium%3B151.0.7922.34&uam=&uamb=0&uap=macOS&uapv=26.6.0&uaw=0&ul=en-us&gaf=2&_s=1&tag_exp=115616985~115938466~115938468~118897920~118897930~119367802~119367810~119404700~119527019~119896803~120315470&sid=1786549148&sct=1&seg=0&dl=https%3A%2F%2Fwww.vivanuncios.com.mx%2Fa-venta-casa%2Fciudad-jimenez-centro%2Fcasa-en-venta-de-una-planta-en-colonia-centro%2F150452392%3Fn_src%3DListado%26n_pg%3D1%26n_pos%3D2%26n_search_id%3Da9f07af8-4a56-401a-81e2-105ae9c7d734&dt=Casas%20en%20venta%20-%20528m2%20-%204%20recamaras%20-%20Ciudad%20Jimenez%20Centro%20-...&en=impression_modal&_fv=1&_nsi=1&_ss=1&ep.is_logged=No&ep.content_group=Ficha&ep.modal_name=Modal_Pol%C3%ADticas&tfd=1783> (resource type: fetch, referrer: https://www.vivanuncios.com.mx/a-venta-casa/ciudad-jimenez-centro/casa-en-venta-de-una-planta-en-colonia-centro/150452392?n_src=Listado&n_pg=1&n_pos=2&n_search_id=a9f07af8-4a56-401a-81e2-105ae9c7d734)
2026-08-12 09:39:08,265 [scrapy-playwright] DEBUG: [Context=default] Request: <POST https://stats.g.doubleclick.net/g/collect?v=2&tid=G-C4HWQQM571&cid=680368956.1786549148&gtm=45je68a1v9103994736z8858857621za20gzb858857621zd858857621&rcb=3&aip=1&dma=0&gcd=13l3l3l3l1l1&npa=0&frm=0&tag_exp=115616985~115938466~115938468~118897920~118897930~119367802~119367810~119404700~119527019~119896803~120315470> (resource type: ping, referrer: https://www.vivanuncios.com.mx/a-venta-casa/ciudad-jimenez-centro/casa-en-venta-de-una-planta-en-colonia-centro/150452392?n_src=Listado&n_pg=1&n_pos=2&n_search_id=a9f07af8-4a56-401a-81e2-105ae9c7d734)
2026-08-12 09:39:08,266 [scrapy-playwright] DEBUG: [Context=default] Request: <GET https://www.google.com.mx/ads/ga-audiences?v=1&t=sr&slf_rd=1&_r=4&tid=G-C4HWQQM571&cid=680368956.1786549148&gtm=45je68a1v9103994736z8858857621za20gzb858857621zd858857621&rcb=3&aip=1&dma=0&gcd=13l3l3l3l1l1&npa=0&frm=0&tag_exp=115616985~115938466~115938468~118897920~118897930~119367802~119367810~119404700~119527019~119896803~120315470&z=1614513248> (resource type: image, referrer: https://www.vivanuncios.com.mx/a-venta-casa/ciudad-jimenez-centro/casa-en-venta-de-una-planta-en-colonia-centro/150452392?n_src=Listado&n_pg=1&n_pos=2&n_search_id=a9f07af8-4a56-401a-81e2-105ae9c7d734)
2026-08-12 09:39:08,266 [scrapy-playwright] DEBUG: [Context=default] Response: <200 https://img10.naventcdn.com/ficha/RPFICv5.427.0-RC3/pictures.5d6caa.svg>
2026-08-12 09:39:08,266 [scrapy-playwright] DEBUG: [Context=default] Response: <200 https://img10.naventcdn.com/ficha/RPFICv5.427.0-RC3/img-preview.d35373.svg>
2026-08-12 09:39:08,268 [scrapy-playwright] DEBUG: [Context=default] Response: <204 https://ad.doubleclick.net/ccm/s/collect?auid=824987680.1786549148&gtm=45He68a1v858857621za200zd858857621xea&fmt=8>
2026-08-12 09:39:08,333 [scrapy-playwright] DEBUG: [Context=default] Response: <200 https://www.vivanuncios.com.mx/metrics/api/v1/events>
2026-08-12 09:39:08,339 [scrapy-playwright] DEBUG: [Context=default] Response: <200 https://www.vivanuncios.com.mx/rp-api/user/session>
2026-08-12 09:39:08,345 [scrapy-playwright] DEBUG: [Context=default] Request: <GET https://accounts.google.com/gsi/style> (resource type: stylesheet, referrer: https://www.vivanuncios.com.mx/a-venta-casa/ciudad-jimenez-centro/casa-en-venta-de-una-planta-en-colonia-centro/150452392?n_src=Listado&n_pg=1&n_pos=2&n_search_id=a9f07af8-4a56-401a-81e2-105ae9c7d734)
2026-08-12 09:39:08,346 [scrapy-playwright] DEBUG: [Context=default] Response: <200 https://www.googletagmanager.com/gtag/js?id=G-3W0YTSRCK7&cx=c&gtm=4e68a1>
2026-08-12 09:39:08,347 [scrapy-playwright] DEBUG: [Context=default] Request: <GET https://finprop-api-content.vivanuncios.com.mx/contents?site=VAMX&page=ficha&section=header_calculator_banner&postingIds=150452392&user.id=&user.name=&user.surname=&user.email=&user.phone=> (resource type: fetch, referrer: https://www.vivanuncios.com.mx/a-venta-casa/ciudad-jimenez-centro/casa-en-venta-de-una-planta-en-colonia-centro/150452392?n_src=Listado&n_pg=1&n_pos=2&n_search_id=a9f07af8-4a56-401a-81e2-105ae9c7d734)
2026-08-12 09:39:08,349 [scrapy-playwright] DEBUG: [Context=default] Response: <200 https://www.vivanuncios.com.mx/rpfic-api/listado/activity>
2026-08-12 09:39:08,377 [scrapy-playwright] DEBUG: [Context=default] Request: <GET https://www.vivanuncios.com.mx/tracking/g/collect?v=2&tid=G-3W0YTSRCK7&gtm=45je68a1v9235587196z8858857621za20gzb858857621zd858857621&_p=1786549147000&gcd=13l3l3l3l1l1&npa=0&dma=0&ecid=1890308647&_eu=AAAAAGA&_fplc=0&are=1&cid=680368956.1786549148&ec_mode=c&frm=0&pscdl=noapi&rcb=10&sr=1280x720&uaa=arm&uab=64&uafvl=Not%253DA%253FBrand%3B99.0.0.0%7CHeadlessChrome%3B151.0.7922.34%7CChromium%3B151.0.7922.34&uam=&uamb=0&uap=macOS&uapv=26.6.0&uaw=0&ul=en-us&ur=MX-CHH&sst.etld=google.com.mx&sst.tft=1786549147000&sst.lpc=65617705&sst.navt=n&sst.ude=0&sst.sw_exp=1&gaf=2&_s=1&tag_exp=115938466~115938469~118897920~118897930~119367802~119367810~119527020~119896802~120125305~120385422&sid=1786549148&sct=1&seg=0&dl=https%3A%2F%2Fwww.vivanuncios.com.mx%2Fa-venta-casa%2Fciudad-jimenez-centro%2Fcasa-en-venta-de-una-planta-en-colonia-centro%2F150452392%3Fn_src%3DListado%26n_pg%3D1%26n_pos%3D2%26n_search_id%3Da9f07af8-4a56-401a-81e2-105ae9c7d734&dt=Casas%20en%20venta%20-%20528m2%20-%204%20recamaras%20-%20Ciudad%20Jimenez%20Centro%20-...&_tu=BA&en=impression_modal&_fv=1&_ss=1&gap.sstd=1&ep.content_group=Ficha&ep.fb_event=true&evnid=1786549148072.672143.179&ep.fb_id=888643211192359&ep.x-fb-ck-fbp=fb.3.1786549148058.9886730104&ep.google_ads_id=11200569259&ep.criteo_user_email=&ep.ecommerce_event=false&ep.isDesarrollo=false&ep.ga4_event=true&ep.modal_name=Modal_Pol%C3%ADticas&ep.user_data._tag_mode=AUTO&ep.user_data.email_address=&ep.user_data.phone_number=&ep.user_data.address.first_name=&ep.user_data.address._tag_metadata.first_name.mode=c&tfd=1897&richsstsse> (resource type: fetch, referrer: https://www.vivanuncios.com.mx/a-venta-casa/ciudad-jimenez-centro/casa-en-venta-de-una-planta-en-colonia-centro/150452392?n_src=Listado&n_pg=1&n_pos=2&n_search_id=a9f07af8-4a56-401a-81e2-105ae9c7d734)
2026-08-12 09:39:08,380 [scrapy-playwright] DEBUG: [Context=default] Request: <GET https://www.vivanuncios.com.mx/tracking/_/service_worker/68a0/sw_iframe.html?origin=https%3A%2F%2Fwww.vivanuncios.com.mx&1p=1&path=%2Ftracking> (resource type: document)
2026-08-12 09:39:08,408 [scrapy-playwright] DEBUG: [Context=default] Response: <200 https://accounts.google.com/gsi/style>
2026-08-12 09:39:08,408 [scrapy-playwright] DEBUG: [Context=default] Response: <403 https://www.vivanuncios.com.mx/tracking/g/collect?v=2&tid=G-3W0YTSRCK7&gtm=45je68a1v9235587196z8858857621za20gzb858857621zd858857621&_p=1786549147000&gcd=13l3l3l3l1l1&npa=0&dma=0&ecid=1890308647&_eu=AAAAAGA&_fplc=0&are=1&cid=680368956.1786549148&ec_mode=c&frm=0&pscdl=noapi&rcb=10&sr=1280x720&uaa=arm&uab=64&uafvl=Not%253DA%253FBrand%3B99.0.0.0%7CHeadlessChrome%3B151.0.7922.34%7CChromium%3B151.0.7922.34&uam=&uamb=0&uap=macOS&uapv=26.6.0&uaw=0&ul=en-us&ur=MX-CHH&sst.etld=google.com.mx&sst.tft=1786549147000&sst.lpc=65617705&sst.navt=n&sst.ude=0&sst.sw_exp=1&gaf=2&_s=1&tag_exp=115938466~115938469~118897920~118897930~119367802~119367810~119527020~119896802~120125305~120385422&sid=1786549148&sct=1&seg=0&dl=https%3A%2F%2Fwww.vivanuncios.com.mx%2Fa-venta-casa%2Fciudad-jimenez-centro%2Fcasa-en-venta-de-una-planta-en-colonia-centro%2F150452392%3Fn_src%3DListado%26n_pg%3D1%26n_pos%3D2%26n_search_id%3Da9f07af8-4a56-401a-81e2-105ae9c7d734&dt=Casas%20en%20venta%20-%20528m2%20-%204%20recamaras%20-%20Ciudad%20Jimenez%20Centro%20-...&_tu=BA&en=impression_modal&_fv=1&_ss=1&gap.sstd=1&ep.content_group=Ficha&ep.fb_event=true&evnid=1786549148072.672143.179&ep.fb_id=888643211192359&ep.x-fb-ck-fbp=fb.3.1786549148058.9886730104&ep.google_ads_id=11200569259&ep.criteo_user_email=&ep.ecommerce_event=false&ep.isDesarrollo=false&ep.ga4_event=true&ep.modal_name=Modal_Pol%C3%ADticas&ep.user_data._tag_mode=AUTO&ep.user_data.email_address=&ep.user_data.phone_number=&ep.user_data.address.first_name=&ep.user_data.address._tag_metadata.first_name.mode=c&tfd=1897&richsstsse>
2026-08-12 09:39:08,412 [scrapy-playwright] DEBUG: [Context=default] Response: <403 https://www.vivanuncios.com.mx/tracking/_/service_worker/68a0/sw_iframe.html?origin=https%3A%2F%2Fwww.vivanuncios.com.mx&1p=1&path=%2Ftracking>
2026-08-12 09:39:08,415 [scrapy-playwright] DEBUG: [Context=default] Request: <GET https://www.vivanuncios.com.mx/cdn-cgi/challenge-platform/h/g/orchestrate/chl_page/v1?ray=a2a092324ec5ae76> (resource type: script, referrer: https://www.vivanuncios.com.mx/tracking/_/service_worker/68a0/sw_iframe.html?origin=https%3A%2F%2Fwww.vivanuncios.com.mx&1p=1&path=%2Ftracking&__cf_chl_rt_tk=EsbpIom9MCdioHD7dGrwWIXFphvISIuXfEhDA5IG8vQ-1786549148-1.0.1.1-1F3uKlqLUwkM4AXa3UHu7Nn0ZQFE7j8Uw2QaU4nmpII)
2026-08-12 09:39:08,416 [scrapy-playwright] DEBUG: [Context=default] Response: <204 https://stats.g.doubleclick.net/g/collect?v=2&tid=G-C4HWQQM571&cid=680368956.1786549148&gtm=45je68a1v9103994736z8858857621za20gzb858857621zd858857621&rcb=3&aip=1&dma=0&gcd=13l3l3l3l1l1&npa=0&frm=0&tag_exp=115616985~115938466~115938468~118897920~118897930~119367802~119367810~119404700~119527019~119896803~120315470>
2026-08-12 09:39:08,421 [scrapy-playwright] DEBUG: [Context=default] Response: <204 https://analytics.google.com/g/collect?v=2&tid=G-C4HWQQM571&gtm=45je68a1v9103994736z8858857621za20gzb858857621zd858857621&_p=1786549147000&_gaz=1&gcd=13l3l3l3l1l1&npa=0&dma=0&_eu=AAAAAGAC&are=1&cid=680368956.1786549148&frm=0&pscdl=noapi&rcb=3&sr=1280x720&uaa=arm&uab=64&uafvl=Not%253DA%253FBrand%3B99.0.0.0%7CHeadlessChrome%3B151.0.7922.34%7CChromium%3B151.0.7922.34&uam=&uamb=0&uap=macOS&uapv=26.6.0&uaw=0&ul=en-us&gaf=2&_s=1&tag_exp=115616985~115938466~115938468~118897920~118897930~119367802~119367810~119404700~119527019~119896803~120315470&sid=1786549148&sct=1&seg=0&dl=https%3A%2F%2Fwww.vivanuncios.com.mx%2Fa-venta-casa%2Fciudad-jimenez-centro%2Fcasa-en-venta-de-una-planta-en-colonia-centro%2F150452392%3Fn_src%3DListado%26n_pg%3D1%26n_pos%3D2%26n_search_id%3Da9f07af8-4a56-401a-81e2-105ae9c7d734&dt=Casas%20en%20venta%20-%20528m2%20-%204%20recamaras%20-%20Ciudad%20Jimenez%20Centro%20-...&en=impression_modal&_fv=1&_nsi=1&_ss=1&ep.is_logged=No&ep.content_group=Ficha&ep.modal_name=Modal_Pol%C3%ADticas&tfd=1783>
2026-08-12 09:39:08,435 [scrapy-playwright] DEBUG: [Context=default] Response: <200 https://www.google.com.mx/ads/ga-audiences?v=1&t=sr&slf_rd=1&_r=4&tid=G-C4HWQQM571&cid=680368956.1786549148&gtm=45je68a1v9103994736z8858857621za20gzb858857621zd858857621&rcb=3&aip=1&dma=0&gcd=13l3l3l3l1l1&npa=0&frm=0&tag_exp=115616985~115938466~115938468~118897920~118897930~119367802~119367810~119404700~119527019~119896803~120315470&z=1614513248>
2026-08-12 09:39:08,467 [scrapy-playwright] DEBUG: [Context=default] Response: <200 https://www.vivanuncios.com.mx/cdn-cgi/challenge-platform/h/g/orchestrate/chl_page/v1?ray=a2a092324ec5ae76>
2026-08-12 09:39:08,479 [scrapy-playwright] DEBUG: [Context=default] Request: <GET https://challenges.cloudflare.com/turnstile/v0/g/aae2b9a1c261/api.js?onload=mlyM5&render=explicit> (resource type: script)
2026-08-12 09:39:08,510 [scrapy-playwright] DEBUG: [Context=default] Response: <204 https://finprop-api-content.vivanuncios.com.mx/contents?site=VAMX&page=ficha&section=header_calculator_banner&postingIds=150452392&user.id=&user.name=&user.surname=&user.email=&user.phone=>
2026-08-12 09:39:08,535 [scrapy-playwright] DEBUG: [Context=default] Response: <200 https://img10.naventcdn.com/ficha/map/Vivanuncios/150452392E.png>
2026-08-12 09:39:08,577 [scrapy-playwright] DEBUG: [Context=default] Response: <200 https://challenges.cloudflare.com/turnstile/v0/g/aae2b9a1c261/api.js?onload=mlyM5&render=explicit>
2026-08-12 09:39:08,590 [scrapy-playwright] DEBUG: [Context=default] Request: <POST https://www.vivanuncios.com.mx/cdn-cgi/challenge-platform/h/g/fo/55142797:1786546830:hPjQn3TfM1VzikT80ijZYjNlRfEvVkJCM03FIaa6Blg/a2a092324ec5ae76/pMzAm_YAhgk19JDckUTj04NME2ChlAQdQeEIuoSDqas-1786549148-1.2.1.1-qA3L5EFbDBdUO58RtalT72Qrmue08ZpzF75gf_95P0LObovrrxb44NGW7jRNdZjk> (resource type: xhr, referrer: https://www.vivanuncios.com.mx/tracking/_/service_worker/68a0/sw_iframe.html?origin=https%3A%2F%2Fwww.vivanuncios.com.mx&1p=1&path=%2Ftracking)
2026-08-12 09:39:08,654 [scrapy-playwright] DEBUG: [Context=default] Response: <200 https://www.vivanuncios.com.mx/cdn-cgi/challenge-platform/h/g/fo/55142797:1786546830:hPjQn3TfM1VzikT80ijZYjNlRfEvVkJCM03FIaa6Blg/a2a092324ec5ae76/pMzAm_YAhgk19JDckUTj04NME2ChlAQdQeEIuoSDqas-1786549148-1.2.1.1-qA3L5EFbDBdUO58RtalT72Qrmue08ZpzF75gf_95P0LObovrrxb44NGW7jRNdZjk>
2026-08-12 09:39:08,655 [scrapy-playwright] DEBUG: [Context=default] Request: <GET https://challenges.cloudflare.com/cdn-cgi/challenge-platform/h/g/turnstile/f/av0/rch/hvcq6/0x4AAAAAAADnPIDROrmt1Wwj/light/fbE/new/normal?lang=auto> (resource type: document)
2026-08-12 09:39:08,734 [scrapy-playwright] DEBUG: [Context=default] Response: <200 https://challenges.cloudflare.com/cdn-cgi/challenge-platform/h/g/turnstile/f/av0/rch/hvcq6/0x4AAAAAAADnPIDROrmt1Wwj/light/fbE/new/normal?lang=auto>
2026-08-12 09:39:08,775 [scrapy-playwright] DEBUG: [Context=default] Request: <GET https://js-agent.newrelic.com/nr-spa-1.296.0.min.js> (resource type: script, referrer: https://www.vivanuncios.com.mx/a-venta-casa/ciudad-jimenez-centro/casa-en-venta-de-una-planta-en-colonia-centro/150452392?n_src=Listado&n_pg=1&n_pos=2&n_search_id=a9f07af8-4a56-401a-81e2-105ae9c7d734)
2026-08-12 09:39:08,778 [scrapy-playwright] DEBUG: [Context=default] Request: <POST https://www.vivanuncios.com.mx/cdn-cgi/rum?> (resource type: xhr, referrer: https://www.vivanuncios.com.mx/a-venta-casa/ciudad-jimenez-centro/casa-en-venta-de-una-planta-en-colonia-centro/150452392?n_src=Listado&n_pg=1&n_pos=2&n_search_id=a9f07af8-4a56-401a-81e2-105ae9c7d734)
2026-08-12 09:39:08,780 [scrapy-playwright] DEBUG: [Context=default] Request: <GET https://securepubads.g.doubleclick.net/tag/js/gpt.js> (resource type: script, referrer: https://www.vivanuncios.com.mx/a-venta-casa/ciudad-jimenez-centro/casa-en-venta-de-una-planta-en-colonia-centro/150452392?n_src=Listado&n_pg=1&n_pos=2&n_search_id=a9f07af8-4a56-401a-81e2-105ae9c7d734)
2026-08-12 09:39:08,805 [scrapy-playwright] DEBUG: [Context=default] Request: <GET https://www.vivanuncios.com.mx/tracking/g/collect?v=2&tid=G-3W0YTSRCK7&gtm=45je68a1v9235587196z8858857621za20gzb858857621zd858857621&_p=1786549147000&gcd=13l3l3l3l1l1&npa=0&dma=0&ecid=1890308647&_eu=AAAAAGQ&_fplc=0&are=1&cid=680368956.1786549148&ec_mode=c&frm=0&pscdl=noapi&rcb=10&sr=1280x720&uaa=arm&uab=64&uafvl=Not%253DA%253FBrand%3B99.0.0.0%7CHeadlessChrome%3B151.0.7922.34%7CChromium%3B151.0.7922.34&uam=&uamb=0&uap=macOS&uapv=26.6.0&uaw=0&ul=en-us&ur=MX-CHH&sst.etld=google.com.mx&sst.tft=1786549147000&sst.lpc=65617705&sst.navt=n&sst.ude=0&sst.sw_exp=1&gaf=2&_s=2&tag_exp=115938466~115938469~118897920~118897930~119367802~119367810~119527020~119896802~120125305~120385422&sid=1786549148&sct=1&seg=1&dl=https%3A%2F%2Fwww.vivanuncios.com.mx%2Fa-venta-casa%2Fciudad-jimenez-centro%2Fcasa-en-venta-de-una-planta-en-colonia-centro%2F150452392%3Fn_src%3DListado%26n_pg%3D1%26n_pos%3D2%26n_search_id%3Da9f07af8-4a56-401a-81e2-105ae9c7d734&dt=Casas%20en%20venta%20-%20528m2%20-%204%20recamaras%20-%20Ciudad%20Jimenez%20Centro%20-...&_tu=BA&en=page_view&gap.sstd=1&ep.content_group=Ficha&ep.fb_event=false&evnid=1786549148072.672143.179&ep.fb_id=888643211192359&ep.x-fb-ck-fbp=fb.3.1786549148058.9886730104&ep.google_ads_id=11200569259&ep.criteo_user_email=&ep.ecommerce_event=false&ep.isDesarrollo=false&ep.ga4_event=true&ep.category_listing=clasificados&ep.operation_type=venta&ep.property_type=Casa&ep.province=Chihuahua&ep.city=Jim%C3%A9nez&ep.posting_id=150452392&ep.bathrooms=4&ep.dorms=4&ep.parking=2&ep.listed_by=ABBA%20Promotores%20Inmobiliarios&ep.is_furnished=false&ep.is_logged=No&ep.aviso_duplicado=No&ep.status=true&ep.variant_id=NA&ep.flow_type=NA&ep.terminoUbicacion=Ciudad%20Jimenez%20Centro&ep.user_reputation=NA&_et=422&ep.user_data._tag_mode=AUTO&ep.user_data.email_address=&ep.user_data.phone_number=&ep.user_data.address.first_name=&ep.user_data.address._tag_metadata.first_name.mode=c&tfd=2321&richsstsse> (resource type: fetch, referrer: https://www.vivanuncios.com.mx/a-venta-casa/ciudad-jimenez-centro/casa-en-venta-de-una-planta-en-colonia-centro/150452392?n_src=Listado&n_pg=1&n_pos=2&n_search_id=a9f07af8-4a56-401a-81e2-105ae9c7d734)
2026-08-12 09:39:08,805 [scrapy-playwright] DEBUG: [Context=default] Request: <GET https://www.vivanuncios.com.mx/tracking/g/collect?v=2&tid=G-3W0YTSRCK7&gtm=45je68a1v9235587196z8858857621za20gzb858857621zd858857621&_p=1786549147000&gcd=13l3l3l3l1l1&npa=0&dma=0&ecid=1890308647&_eu=AAAAAGQ&_fplc=0&are=1&cid=680368956.1786549148&ec_mode=c&frm=0&pscdl=noapi&rcb=10&sr=1280x720&uaa=arm&uab=64&uafvl=Not%253DA%253FBrand%3B99.0.0.0%7CHeadlessChrome%3B151.0.7922.34%7CChromium%3B151.0.7922.34&uam=&uamb=0&uap=macOS&uapv=26.6.0&uaw=0&ul=en-us&ur=MX-CHH&sst.etld=google.com.mx&sst.tft=1786549147000&sst.lpc=65617705&sst.navt=n&sst.ude=0&sst.sw_exp=1&gaf=2&_s=3&tag_exp=115938466~115938469~118897920~118897930~119367802~119367810~119527020~119896802~120125305~120385422&cu=MXN&sid=1786549148&sct=1&seg=1&dl=https%3A%2F%2Fwww.vivanuncios.com.mx%2Fa-venta-casa%2Fciudad-jimenez-centro%2Fcasa-en-venta-de-una-planta-en-colonia-centro%2F150452392%3Fn_src%3DListado%26n_pg%3D1%26n_pos%3D2%26n_search_id%3Da9f07af8-4a56-401a-81e2-105ae9c7d734&dt=Casas%20en%20venta%20-%20528m2%20-%204%20recamaras%20-%20Ciudad%20Jimenez%20Centro%20-...&_tu=BA&en=view_item&gap.sstd=1&ep.content_group=Ficha&ep.fb_event=true&evnid=1786549148072.672143.292&ep.fb_id=888643211192359&ep.x-fb-ck-fbp=fb.3.1786549148058.9886730104&ep.google_ads_id=11200569259&ep.criteo_user_email=&ep.ecommerce_event=false&ep.isDesarrollo=false&ep.ga4_event=false&ep.x-fb-cd-content_type=Ficha&ep.x-fb-cd-content_ids=150452392&epn.value=3250000&ep.x-fb-cd-content_category=venta%20clasificados&ep.custom_properties=%7B%22listing_id%22%3A%22150452392%22%7D&ep.item_id=150452392&_et=1&ep.user_data.email_address=&ep.user_data.phone_number=&ep.user_data.address.first_name=&ep.user_data.address._tag_metadata.first_name.mode=c&ep.user_data._tag_metadata.email_address.mode=c&ep.user_data._tag_metadata.phone_number.mode=c&tfd=2323&richsstsse> (resource type: fetch, referrer: https://www.vivanuncios.com.mx/a-venta-casa/ciudad-jimenez-centro/casa-en-venta-de-una-planta-en-colonia-centro/150452392?n_src=Listado&n_pg=1&n_pos=2&n_search_id=a9f07af8-4a56-401a-81e2-105ae9c7d734)
2026-08-12 09:39:08,805 [scrapy-playwright] DEBUG: [Context=default] Request: <GET https://www.vivanuncios.com.mx/tracking/g/collect?v=2&tid=G-3W0YTSRCK7&gtm=45je68a1v9235587196z8858857621za20gzb858857621zd858857621&_p=1786549147000&gcd=13l3l3l3l1l1&npa=0&dma=0&ecid=1890308647&_eu=AAAAAGQ&_fplc=0&are=1&cid=680368956.1786549148&ec_mode=c&frm=0&pscdl=noapi&rcb=10&sr=1280x720&uaa=arm&uab=64&uafvl=Not%253DA%253FBrand%3B99.0.0.0%7CHeadlessChrome%3B151.0.7922.34%7CChromium%3B151.0.7922.34&uam=&uamb=0&uap=macOS&uapv=26.6.0&uaw=0&ul=en-us&ur=MX-CHH&sst.etld=google.com.mx&sst.tft=1786549147000&sst.lpc=65617705&sst.navt=n&sst.ude=0&sst.sw_exp=1&gaf=2&_s=4&tag_exp=115938466~115938469~118897920~118897930~119367802~119367810~119527020~119896802~120125305~120385422&sid=1786549148&sct=1&seg=1&dl=https%3A%2F%2Fwww.vivanuncios.com.mx%2Fa-venta-casa%2Fciudad-jimenez-centro%2Fcasa-en-venta-de-una-planta-en-colonia-centro%2F150452392%3Fn_src%3DListado%26n_pg%3D1%26n_pos%3D2%26n_search_id%3Da9f07af8-4a56-401a-81e2-105ae9c7d734&dt=Casas%20en%20venta%20-%20528m2%20-%204%20recamaras%20-%20Ciudad%20Jimenez%20Centro%20-...&_tu=BA&en=page_view&gap.sstd=1&ep.content_group=Ficha&ep.fb_event=true&evnid=1786549148072.672143.292&ep.fb_id=888643211192359&ep.x-fb-ck-fbp=fb.3.1786549148058.9886730104&ep.google_ads_id=11200569259&ep.criteo_user_email=&ep.ecommerce_event=false&ep.isDesarrollo=false&ep.ga4_event=false&ep.x-fb-cd-content_type=Ficha&_et=1&ep.user_data.email_address=&ep.user_data.phone_number=&ep.user_data.address.first_name=&ep.user_data.address._tag_metadata.first_name.mode=c&ep.user_data._tag_metadata.email_address.mode=c&ep.user_data._tag_metadata.phone_number.mode=c&tfd=2325&richsstsse> (resource type: fetch, referrer: https://www.vivanuncios.com.mx/a-venta-casa/ciudad-jimenez-centro/casa-en-venta-de-una-planta-en-colonia-centro/150452392?n_src=Listado&n_pg=1&n_pos=2&n_search_id=a9f07af8-4a56-401a-81e2-105ae9c7d734)
2026-08-12 09:39:08,820 [scrapy-playwright] DEBUG: [Context=default] Response: <204 https://www.vivanuncios.com.mx/cdn-cgi/rum?>
2026-08-12 09:39:08,821 [scrapy.core.engine] DEBUG: Crawled (200) <GET https://www.vivanuncios.com.mx/a-venta-casa/ciudad-jimenez-centro/casa-en-venta-de-una-planta-en-colonia-centro/150452392?n_src=Listado&n_pg=1&n_pos=2&n_search_id=a9f07af8-4a56-401a-81e2-105ae9c7d734> (referer: None) ['playwright']
2026-08-12 09:39:08,837 [scrapy-playwright] DEBUG: [Context=default] Response: <403 https://www.vivanuncios.com.mx/tracking/g/collect?v=2&tid=G-3W0YTSRCK7&gtm=45je68a1v9235587196z8858857621za20gzb858857621zd858857621&_p=1786549147000&gcd=13l3l3l3l1l1&npa=0&dma=0&ecid=1890308647&_eu=AAAAAGQ&_fplc=0&are=1&cid=680368956.1786549148&ec_mode=c&frm=0&pscdl=noapi&rcb=10&sr=1280x720&uaa=arm&uab=64&uafvl=Not%253DA%253FBrand%3B99.0.0.0%7CHeadlessChrome%3B151.0.7922.34%7CChromium%3B151.0.7922.34&uam=&uamb=0&uap=macOS&uapv=26.6.0&uaw=0&ul=en-us&ur=MX-CHH&sst.etld=google.com.mx&sst.tft=1786549147000&sst.lpc=65617705&sst.navt=n&sst.ude=0&sst.sw_exp=1&gaf=2&_s=2&tag_exp=115938466~115938469~118897920~118897930~119367802~119367810~119527020~119896802~120125305~120385422&sid=1786549148&sct=1&seg=1&dl=https%3A%2F%2Fwww.vivanuncios.com.mx%2Fa-venta-casa%2Fciudad-jimenez-centro%2Fcasa-en-venta-de-una-planta-en-colonia-centro%2F150452392%3Fn_src%3DListado%26n_pg%3D1%26n_pos%3D2%26n_search_id%3Da9f07af8-4a56-401a-81e2-105ae9c7d734&dt=Casas%20en%20venta%20-%20528m2%20-%204%20recamaras%20-%20Ciudad%20Jimenez%20Centro%20-...&_tu=BA&en=page_view&gap.sstd=1&ep.content_group=Ficha&ep.fb_event=false&evnid=1786549148072.672143.179&ep.fb_id=888643211192359&ep.x-fb-ck-fbp=fb.3.1786549148058.9886730104&ep.google_ads_id=11200569259&ep.criteo_user_email=&ep.ecommerce_event=false&ep.isDesarrollo=false&ep.ga4_event=true&ep.category_listing=clasificados&ep.operation_type=venta&ep.property_type=Casa&ep.province=Chihuahua&ep.city=Jim%C3%A9nez&ep.posting_id=150452392&ep.bathrooms=4&ep.dorms=4&ep.parking=2&ep.listed_by=ABBA%20Promotores%20Inmobiliarios&ep.is_furnished=false&ep.is_logged=No&ep.aviso_duplicado=No&ep.status=true&ep.variant_id=NA&ep.flow_type=NA&ep.terminoUbicacion=Ciudad%20Jimenez%20Centro&ep.user_reputation=NA&_et=422&ep.user_data._tag_mode=AUTO&ep.user_data.email_address=&ep.user_data.phone_number=&ep.user_data.address.first_name=&ep.user_data.address._tag_metadata.first_name.mode=c&tfd=2321&richsstsse>
2026-08-12 09:39:08,837 [scrapy-playwright] DEBUG: [Context=default] Response: <403 https://www.vivanuncios.com.mx/tracking/g/collect?v=2&tid=G-3W0YTSRCK7&gtm=45je68a1v9235587196z8858857621za20gzb858857621zd858857621&_p=1786549147000&gcd=13l3l3l3l1l1&npa=0&dma=0&ecid=1890308647&_eu=AAAAAGQ&_fplc=0&are=1&cid=680368956.1786549148&ec_mode=c&frm=0&pscdl=noapi&rcb=10&sr=1280x720&uaa=arm&uab=64&uafvl=Not%253DA%253FBrand%3B99.0.0.0%7CHeadlessChrome%3B151.0.7922.34%7CChromium%3B151.0.7922.34&uam=&uamb=0&uap=macOS&uapv=26.6.0&uaw=0&ul=en-us&ur=MX-CHH&sst.etld=google.com.mx&sst.tft=1786549147000&sst.lpc=65617705&sst.navt=n&sst.ude=0&sst.sw_exp=1&gaf=2&_s=3&tag_exp=115938466~115938469~118897920~118897930~119367802~119367810~119527020~119896802~120125305~120385422&cu=MXN&sid=1786549148&sct=1&seg=1&dl=https%3A%2F%2Fwww.vivanuncios.com.mx%2Fa-venta-casa%2Fciudad-jimenez-centro%2Fcasa-en-venta-de-una-planta-en-colonia-centro%2F150452392%3Fn_src%3DListado%26n_pg%3D1%26n_pos%3D2%26n_search_id%3Da9f07af8-4a56-401a-81e2-105ae9c7d734&dt=Casas%20en%20venta%20-%20528m2%20-%204%20recamaras%20-%20Ciudad%20Jimenez%20Centro%20-...&_tu=BA&en=view_item&gap.sstd=1&ep.content_group=Ficha&ep.fb_event=true&evnid=1786549148072.672143.292&ep.fb_id=888643211192359&ep.x-fb-ck-fbp=fb.3.1786549148058.9886730104&ep.google_ads_id=11200569259&ep.criteo_user_email=&ep.ecommerce_event=false&ep.isDesarrollo=false&ep.ga4_event=false&ep.x-fb-cd-content_type=Ficha&ep.x-fb-cd-content_ids=150452392&epn.value=3250000&ep.x-fb-cd-content_category=venta%20clasificados&ep.custom_properties=%7B%22listing_id%22%3A%22150452392%22%7D&ep.item_id=150452392&_et=1&ep.user_data.email_address=&ep.user_data.phone_number=&ep.user_data.address.first_name=&ep.user_data.address._tag_metadata.first_name.mode=c&ep.user_data._tag_metadata.email_address.mode=c&ep.user_data._tag_metadata.phone_number.mode=c&tfd=2323&richsstsse>
2026-08-12 09:39:08,840 [scrapy-playwright] DEBUG: [Context=default] Response: <403 https://www.vivanuncios.com.mx/tracking/g/collect?v=2&tid=G-3W0YTSRCK7&gtm=45je68a1v9235587196z8858857621za20gzb858857621zd858857621&_p=1786549147000&gcd=13l3l3l3l1l1&npa=0&dma=0&ecid=1890308647&_eu=AAAAAGQ&_fplc=0&are=1&cid=680368956.1786549148&ec_mode=c&frm=0&pscdl=noapi&rcb=10&sr=1280x720&uaa=arm&uab=64&uafvl=Not%253DA%253FBrand%3B99.0.0.0%7CHeadlessChrome%3B151.0.7922.34%7CChromium%3B151.0.7922.34&uam=&uamb=0&uap=macOS&uapv=26.6.0&uaw=0&ul=en-us&ur=MX-CHH&sst.etld=google.com.mx&sst.tft=1786549147000&sst.lpc=65617705&sst.navt=n&sst.ude=0&sst.sw_exp=1&gaf=2&_s=4&tag_exp=115938466~115938469~118897920~118897930~119367802~119367810~119527020~119896802~120125305~120385422&sid=1786549148&sct=1&seg=1&dl=https%3A%2F%2Fwww.vivanuncios.com.mx%2Fa-venta-casa%2Fciudad-jimenez-centro%2Fcasa-en-venta-de-una-planta-en-colonia-centro%2F150452392%3Fn_src%3DListado%26n_pg%3D1%26n_pos%3D2%26n_search_id%3Da9f07af8-4a56-401a-81e2-105ae9c7d734&dt=Casas%20en%20venta%20-%20528m2%20-%204%20recamaras%20-%20Ciudad%20Jimenez%20Centro%20-...&_tu=BA&en=page_view&gap.sstd=1&ep.content_group=Ficha&ep.fb_event=true&evnid=1786549148072.672143.292&ep.fb_id=888643211192359&ep.x-fb-ck-fbp=fb.3.1786549148058.9886730104&ep.google_ads_id=11200569259&ep.criteo_user_email=&ep.ecommerce_event=false&ep.isDesarrollo=false&ep.ga4_event=false&ep.x-fb-cd-content_type=Ficha&_et=1&ep.user_data.email_address=&ep.user_data.phone_number=&ep.user_data.address.first_name=&ep.user_data.address._tag_metadata.first_name.mode=c&ep.user_data._tag_metadata.email_address.mode=c&ep.user_data._tag_metadata.phone_number.mode=c&tfd=2325&richsstsse>
2026-08-12 09:39:08,908 [scrapy-playwright] DEBUG: [Context=default] Request: <POST https://challenges.cloudflare.com/cdn-cgi/challenge-platform/h/g/fo/2711065059:1786546832:yHHgWXFjB-iYrGeX5iDOfFr3zbWtNgHjzHT3lfA7X5w/a2a092342896d87a/Q16_hPbgBY0BO3qAeAE5UBgXXBAzr_RiTvpzC8tiBUI-1786549148-1.2.1.1-LS3DDgQMLwDpFXpnx4l15kIAoMtR6dP.PZPMBXX51eJFIhzH7sbmCvWOs.m9jN6w> (resource type: xhr, referrer: https://challenges.cloudflare.com/cdn-cgi/challenge-platform/h/g/turnstile/f/av0/rch/hvcq6/0x4AAAAAAADnPIDROrmt1Wwj/light/fbE/new/normal?lang=auto)
2026-08-12 09:39:08,919 [scrapy-playwright] DEBUG: [Context=default] Response: <200 https://js-agent.newrelic.com/nr-spa-1.296.0.min.js>
2026-08-12 09:39:08,924 [scrapy-playwright] DEBUG: [Context=default] Request: <POST https://bam.nr-data.net/1/9e5469c271?a=278689064&sa=1&v=1.296.0&t=Unnamed%20Transaction&rst=2444&ck=0&s=79a0ce62dc9de2d9&ref=https://www.vivanuncios.com.mx/a-venta-casa/ciudad-jimenez-centro/casa-en-venta-de-una-planta-en-colonia-centro/150452392&ptid=858b83d88f525d4a&af=err,spa,xhr,stn,ins&be=512&fe=1783&dc=235&fsh=1&perf=%7B%22timing%22:%7B%22of%22:1786549146478,%22n%22:0,%22f%22:8,%22dn%22:12,%22dne%22:14,%22c%22:14,%22s%22:42,%22ce%22:86,%22rq%22:86,%22rp%22:512,%22rpe%22:537,%22di%22:548,%22ds%22:746,%22de%22:747,%22dc%22:2293,%22l%22:2293,%22le%22:2295%7D,%22navigation%22:%7B%7D%7D&fp=572&fcp=572> (resource type: xhr, referrer: https://www.vivanuncios.com.mx/a-venta-casa/ciudad-jimenez-centro/casa-en-venta-de-una-planta-en-colonia-centro/150452392?n_src=Listado&n_pg=1&n_pos=2&n_search_id=a9f07af8-4a56-401a-81e2-105ae9c7d734)
2026-08-12 09:39:09,000 [scrapy-playwright] DEBUG: [Context=default] Response: <200 https://securepubads.g.doubleclick.net/tag/js/gpt.js>
2026-08-12 09:39:09,008 [scrapy-playwright] DEBUG: [Context=default] Request: <GET https://securepubads.g.doubleclick.net/pagead/managed/js/gpt/m202608070101/pubads_impl.js?cb=122880319> (resource type: script, referrer: https://www.vivanuncios.com.mx/a-venta-casa/ciudad-jimenez-centro/casa-en-venta-de-una-planta-en-colonia-centro/150452392?n_src=Listado&n_pg=1&n_pos=2&n_search_id=a9f07af8-4a56-401a-81e2-105ae9c7d734)
2026-08-12 09:39:09,008 [scrapy-playwright] DEBUG: [Context=default] Request: <GET https://securepubads.g.doubleclick.net/pagead/managed/dict/m202608110101/gpt> (resource type: other)
2026-08-12 09:39:09,052 [scrapy-playwright] DEBUG: [Context=default] Response: <200 https://bam.nr-data.net/1/9e5469c271?a=278689064&sa=1&v=1.296.0&t=Unnamed%20Transaction&rst=2444&ck=0&s=79a0ce62dc9de2d9&ref=https://www.vivanuncios.com.mx/a-venta-casa/ciudad-jimenez-centro/casa-en-venta-de-una-planta-en-colonia-centro/150452392&ptid=858b83d88f525d4a&af=err,spa,xhr,stn,ins&be=512&fe=1783&dc=235&fsh=1&perf=%7B%22timing%22:%7B%22of%22:1786549146478,%22n%22:0,%22f%22:8,%22dn%22:12,%22dne%22:14,%22c%22:14,%22s%22:42,%22ce%22:86,%22rq%22:86,%22rp%22:512,%22rpe%22:537,%22di%22:548,%22ds%22:746,%22de%22:747,%22dc%22:2293,%22l%22:2293,%22le%22:2295%7D,%22navigation%22:%7B%7D%7D&fp=572&fcp=572>
2026-08-12 09:39:09,054 [scrapy-playwright] DEBUG: [Context=default] Request: <POST https://bam.nr-data.net/events/1/9e5469c271?a=278689064&sa=1&v=1.296.0&t=Unnamed%20Transaction&rst=2574&ck=0&s=79a0ce62dc9de2d9&ref=https://www.vivanuncios.com.mx/a-venta-casa/ciudad-jimenez-centro/casa-en-venta-de-una-planta-en-colonia-centro/150452392&ptid=858b83d88f525d4a> (resource type: xhr, referrer: https://www.vivanuncios.com.mx/a-venta-casa/ciudad-jimenez-centro/casa-en-venta-de-una-planta-en-colonia-centro/150452392?n_src=Listado&n_pg=1&n_pos=2&n_search_id=a9f07af8-4a56-401a-81e2-105ae9c7d734)
2026-08-12 09:39:09,087 [scrapy-playwright] DEBUG: [Context=default] Response: <200 https://securepubads.g.doubleclick.net/pagead/managed/dict/m202608110101/gpt>
2026-08-12 09:39:09,116 [scrapy-playwright] DEBUG: [Context=default] Response: <200 https://securepubads.g.doubleclick.net/pagead/managed/js/gpt/m202608070101/pubads_impl.js?cb=122880319>
2026-08-12 09:39:09,152 [scrapy-playwright] DEBUG: [Context=default] Request: <GET https://cm.g.doubleclick.net/partnerpixels?url=https%3A%2F%2Fwww.vivanuncios.com.mx%2Fa-venta-casa%2Fciudad-jimenez-centro%2Fcasa-en-venta-de-una-planta-en-colonia-centro%2F150452392%3Fn_src%3DListado%26n_pg%3D1%26n_pos%3D2%26n_search_id%3Da9f07af8-4a56-401a-81e2-105ae9c7d734> (resource type: document, referrer: https://www.vivanuncios.com.mx/a-venta-casa/ciudad-jimenez-centro/casa-en-venta-de-una-planta-en-colonia-centro/150452392?n_src=Listado&n_pg=1&n_pos=2&n_search_id=a9f07af8-4a56-401a-81e2-105ae9c7d734)
2026-08-12 09:39:09,181 [scrapy-playwright] DEBUG: [Context=default] Request: <GET https://ep1.adtrafficquality.google/getconfig/sodar?sv=200&tid=gpt&tv=m202608070101&st=env&sjk=8342104254437421> (resource type: xhr, referrer: https://www.vivanuncios.com.mx/a-venta-casa/ciudad-jimenez-centro/casa-en-venta-de-una-planta-en-colonia-centro/150452392?n_src=Listado&n_pg=1&n_pos=2&n_search_id=a9f07af8-4a56-401a-81e2-105ae9c7d734)
2026-08-12 09:39:09,182 [scrapy-playwright] DEBUG: [Context=default] Request: <GET https://securepubads.g.doubleclick.net/gampad/ads?pvsid=8342104254437421&correlator=1852066807331321&eid=95397231%2C122880329%2C122880319%2C95398365%2C95398228&output=ldjh&gdfp_req=1&vrg=202608070101&ptt=17&impl=fifs&iu_parts=1026403%2CMX_Vivanuncios%2CMX_Vivanuncios_Detalle_Leaderboard&enc_prev_ius=%2F0%2F1%2F2&prev_iu_szs=728x90&ifi=1&dids=adSlot-0&adfs=3189865424&sfv=1-0-45&sc=1&cookie_enabled=1&abxe=1&dt=1786549149162&lmt=1786549147&adxs=-12245933&adys=-12245933&biw=1280&bih=720&scr_x=0&scr_y=0&btvi=-1&ucis=1&oid=2&u_his=2&u_h=720&u_w=1280&u_ah=720&u_aw=1280&u_cd=24&u_sd=1&u_tz=-360&dmc=16&bc=31&nvt=1&uach=WyJtYWNPUyIsIjI2LjYuMCIsImFybSIsIiIsIjE1MS4wLjc5MjIuMzQiLG51bGwsMCxudWxsLCI2NCIsW1siTm90PUE_QnJhbmQiLCI5OS4wLjAuMCJdLFsiSGVhZGxlc3NDaHJvbWUiLCIxNTEuMC43OTIyLjM0Il0sWyJDaHJvbWl1bSIsIjE1MS4wLjc5MjIuMzQiXV0sMF0.&uas=3&url=https%3A%2F%2Fwww.vivanuncios.com.mx%2Fa-venta-casa%2Fciudad-jimenez-centro%2Fcasa-en-venta-de-una-planta-en-colonia-centro%2F150452392%3Fn_src%3DListado%26n_pg%3D1%26n_pos%3D2%26n_search_id%3Da9f07af8-4a56-401a-81e2-105ae9c7d734&vis=1&psz=0x0&msz=0x0&fws=132&ohw=728&dlt=1786549146993&idt=2123&cust_params=idprovincia%3D8066%26idciudad%3D102000510%26idzonaciudad%3D102121827%26idtipodeoperacion%3D1%26idtipodepropiedad%3D1%26idempresa%3D323313%26idAviso%3D150452392%26idMoneda%3D10%26precio%3D3250000%26portal%3Dvivanuncios%26ambiente%3D3&adks=2377710083&frm=20&eoidce=1&pgls=CAk.> (resource type: fetch, referrer: https://www.vivanuncios.com.mx/a-venta-casa/ciudad-jimenez-centro/casa-en-venta-de-una-planta-en-colonia-centro/150452392?n_src=Listado&n_pg=1&n_pos=2&n_search_id=a9f07af8-4a56-401a-81e2-105ae9c7d734)
2026-08-12 09:39:09,182 [scrapy-playwright] DEBUG: [Context=default] Request: <GET https://securepubads.g.doubleclick.net/gampad/ads?pvsid=8342104254437421&correlator=1852066807331321&eid=95397231%2C122880329%2C122880319%2C95398365%2C95398228&output=ldjh&gdfp_req=1&vrg=202608070101&ptt=17&impl=fifs&iu_parts=1026403%2CMX_Vivanuncios%2CMX_Vivanuncios_Detalle_NativeAd-Desktop&enc_prev_ius=%2F0%2F1%2F2&prev_iu_szs=320x50&fluid=height&ifi=2&dids=adSlot-1&adfs=3878435480&sfv=1-0-45&sc=1&cookie_enabled=1&abxe=1&dt=1786549149165&lmt=1786549147&adxs=-12245933&adys=-12245933&biw=1280&bih=720&scr_x=0&scr_y=0&btvi=-1&ucis=2&oid=2&u_his=2&u_h=720&u_w=1280&u_ah=720&u_aw=1280&u_cd=24&u_sd=1&u_tz=-360&dmc=16&bc=31&nvt=1&uach=WyJtYWNPUyIsIjI2LjYuMCIsImFybSIsIiIsIjE1MS4wLjc5MjIuMzQiLG51bGwsMCxudWxsLCI2NCIsW1siTm90PUE_QnJhbmQiLCI5OS4wLjAuMCJdLFsiSGVhZGxlc3NDaHJvbWUiLCIxNTEuMC43OTIyLjM0Il0sWyJDaHJvbWl1bSIsIjE1MS4wLjc5MjIuMzQiXV0sMF0.&uas=3&url=https%3A%2F%2Fwww.vivanuncios.com.mx%2Fa-venta-casa%2Fciudad-jimenez-centro%2Fcasa-en-venta-de-una-planta-en-colonia-centro%2F150452392%3Fn_src%3DListado%26n_pg%3D1%26n_pos%3D2%26n_search_id%3Da9f07af8-4a56-401a-81e2-105ae9c7d734&vis=1&psz=0x0&msz=0x0&fws=128&ohw=0&dlt=1786549146993&idt=2123&cust_params=idprovincia%3D8066%26idciudad%3D102000510%26idzonaciudad%3D102121827%26idtipodeoperacion%3D1%26idtipodepropiedad%3D1%26idempresa%3D323313%26idAviso%3D150452392%26idMoneda%3D10%26precio%3D3250000%26portal%3Dvivanuncios%26ambiente%3D3&adks=4164049670&frm=20&eoidce=1&pgls=CAk.> (resource type: fetch, referrer: https://www.vivanuncios.com.mx/a-venta-casa/ciudad-jimenez-centro/casa-en-venta-de-una-planta-en-colonia-centro/150452392?n_src=Listado&n_pg=1&n_pos=2&n_search_id=a9f07af8-4a56-401a-81e2-105ae9c7d734)
2026-08-12 09:39:09,182 [scrapy-playwright] DEBUG: [Context=default] Request: <GET https://3a64d5cd83e93d62261c5a35fd368915.safeframe.googlesyndication.com/safeframe/1-0-45/html/container.html> (resource type: document, referrer: https://www.vivanuncios.com.mx/a-venta-casa/ciudad-jimenez-centro/casa-en-venta-de-una-planta-en-colonia-centro/150452392?n_src=Listado&n_pg=1&n_pos=2&n_search_id=a9f07af8-4a56-401a-81e2-105ae9c7d734)
2026-08-12 09:39:09,183 [scrapy-playwright] DEBUG: [Context=default] Response: <200 https://bam.nr-data.net/events/1/9e5469c271?a=278689064&sa=1&v=1.296.0&t=Unnamed%20Transaction&rst=2574&ck=0&s=79a0ce62dc9de2d9&ref=https://www.vivanuncios.com.mx/a-venta-casa/ciudad-jimenez-centro/casa-en-venta-de-una-planta-en-colonia-centro/150452392&ptid=858b83d88f525d4a>
2026-08-12 09:39:09,198 [scrapy-playwright] DEBUG: [Context=default] Response: <200 https://challenges.cloudflare.com/cdn-cgi/challenge-platform/h/g/fo/2711065059:1786546832:yHHgWXFjB-iYrGeX5iDOfFr3zbWtNgHjzHT3lfA7X5w/a2a092342896d87a/Q16_hPbgBY0BO3qAeAE5UBgXXBAzr_RiTvpzC8tiBUI-1786549148-1.2.1.1-LS3DDgQMLwDpFXpnx4l15kIAoMtR6dP.PZPMBXX51eJFIhzH7sbmCvWOs.m9jN6w>
2026-08-12 09:39:09,288 [scrapy-playwright] DEBUG: [Context=default] Response: <200 https://securepubads.g.doubleclick.net/gampad/ads?pvsid=8342104254437421&correlator=1852066807331321&eid=95397231%2C122880329%2C122880319%2C95398365%2C95398228&output=ldjh&gdfp_req=1&vrg=202608070101&ptt=17&impl=fifs&iu_parts=1026403%2CMX_Vivanuncios%2CMX_Vivanuncios_Detalle_NativeAd-Desktop&enc_prev_ius=%2F0%2F1%2F2&prev_iu_szs=320x50&fluid=height&ifi=2&dids=adSlot-1&adfs=3878435480&sfv=1-0-45&sc=1&cookie_enabled=1&abxe=1&dt=1786549149165&lmt=1786549147&adxs=-12245933&adys=-12245933&biw=1280&bih=720&scr_x=0&scr_y=0&btvi=-1&ucis=2&oid=2&u_his=2&u_h=720&u_w=1280&u_ah=720&u_aw=1280&u_cd=24&u_sd=1&u_tz=-360&dmc=16&bc=31&nvt=1&uach=WyJtYWNPUyIsIjI2LjYuMCIsImFybSIsIiIsIjE1MS4wLjc5MjIuMzQiLG51bGwsMCxudWxsLCI2NCIsW1siTm90PUE_QnJhbmQiLCI5OS4wLjAuMCJdLFsiSGVhZGxlc3NDaHJvbWUiLCIxNTEuMC43OTIyLjM0Il0sWyJDaHJvbWl1bSIsIjE1MS4wLjc5MjIuMzQiXV0sMF0.&uas=3&url=https%3A%2F%2Fwww.vivanuncios.com.mx%2Fa-venta-casa%2Fciudad-jimenez-centro%2Fcasa-en-venta-de-una-planta-en-colonia-centro%2F150452392%3Fn_src%3DListado%26n_pg%3D1%26n_pos%3D2%26n_search_id%3Da9f07af8-4a56-401a-81e2-105ae9c7d734&vis=1&psz=0x0&msz=0x0&fws=128&ohw=0&dlt=1786549146993&idt=2123&cust_params=idprovincia%3D8066%26idciudad%3D102000510%26idzonaciudad%3D102121827%26idtipodeoperacion%3D1%26idtipodepropiedad%3D1%26idempresa%3D323313%26idAviso%3D150452392%26idMoneda%3D10%26precio%3D3250000%26portal%3Dvivanuncios%26ambiente%3D3&adks=4164049670&frm=20&eoidce=1&pgls=CAk.>
2026-08-12 09:39:09,289 [scrapy-playwright] DEBUG: [Context=default] Response: <200 https://securepubads.g.doubleclick.net/gampad/ads?pvsid=8342104254437421&correlator=1852066807331321&eid=95397231%2C122880329%2C122880319%2C95398365%2C95398228&output=ldjh&gdfp_req=1&vrg=202608070101&ptt=17&impl=fifs&iu_parts=1026403%2CMX_Vivanuncios%2CMX_Vivanuncios_Detalle_Leaderboard&enc_prev_ius=%2F0%2F1%2F2&prev_iu_szs=728x90&ifi=1&dids=adSlot-0&adfs=3189865424&sfv=1-0-45&sc=1&cookie_enabled=1&abxe=1&dt=1786549149162&lmt=1786549147&adxs=-12245933&adys=-12245933&biw=1280&bih=720&scr_x=0&scr_y=0&btvi=-1&ucis=1&oid=2&u_his=2&u_h=720&u_w=1280&u_ah=720&u_aw=1280&u_cd=24&u_sd=1&u_tz=-360&dmc=16&bc=31&nvt=1&uach=WyJtYWNPUyIsIjI2LjYuMCIsImFybSIsIiIsIjE1MS4wLjc5MjIuMzQiLG51bGwsMCxudWxsLCI2NCIsW1siTm90PUE_QnJhbmQiLCI5OS4wLjAuMCJdLFsiSGVhZGxlc3NDaHJvbWUiLCIxNTEuMC43OTIyLjM0Il0sWyJDaHJvbWl1bSIsIjE1MS4wLjc5MjIuMzQiXV0sMF0.&uas=3&url=https%3A%2F%2Fwww.vivanuncios.com.mx%2Fa-venta-casa%2Fciudad-jimenez-centro%2Fcasa-en-venta-de-una-planta-en-colonia-centro%2F150452392%3Fn_src%3DListado%26n_pg%3D1%26n_pos%3D2%26n_search_id%3Da9f07af8-4a56-401a-81e2-105ae9c7d734&vis=1&psz=0x0&msz=0x0&fws=132&ohw=728&dlt=1786549146993&idt=2123&cust_params=idprovincia%3D8066%26idciudad%3D102000510%26idzonaciudad%3D102121827%26idtipodeoperacion%3D1%26idtipodepropiedad%3D1%26idempresa%3D323313%26idAviso%3D150452392%26idMoneda%3D10%26precio%3D3250000%26portal%3Dvivanuncios%26ambiente%3D3&adks=2377710083&frm=20&eoidce=1&pgls=CAk.>
2026-08-12 09:39:09,303 [scrapy-playwright] DEBUG: [Context=default] Request: <GET https://challenges.cloudflare.com/cdn-cgi/challenge-platform/h/g/pat/a2a092342896d87a/1786549149061/dd7f624466946aa4f0c4224da5a55913066e2593eafb5040eb1f66882c6d1676/l8Nnm4aN.NJvnK3p61BEvYPEllL48aHDmMGk277A5HQ-1786549149-1.3.1.1-Jojrnc_tVJ3mH93MxXpNZBiYrcnlTSxih6LDd1sap1G0E_0FEGuEuAquHJAvG_yhQhVzLHNOCqMC_2D9rF0a2ct48cybagCWYDz6AHed9UBqmLRrhWhGprpZ5K09jgNeCD8su9vftG_Quq9lUp5rd.foNEcuJ5RJPn7HLwLcAjBhs.wDZkTxOb4.t1BTl.CsVp_D_M0OlAYPHmGB0aNtkPoC7qKVzSY.0HkA7imlWuH9J4FfRlPnv1ZOcGTJ7cA9aknvtWrqcyRRibxC6WkdyTOCJ8AS2hdIkEkrnKnC1D.9bYfUsPenYXLXRIKbD3._GS2YaQlhvklQqC_Jhy7gN_mVTMY9CyRdhyzqtUmELfpcs4Xzh_t8j_LOT3H4T0spCqxpZXPO1oh8p3KodjJtBJfLRuEuyj41v_i_Z6jXJIdt0vW0rPH3hgWmgrxvX.40bZcHGJWOXKiZZqM8ExuRlkI5rr9sqG4SAgwDvIoHok0pU3NdqZHT8KaRuU_MyV30yjJdWCesP9Tm1IMyfmNEHWMBl.mdbJKbUzITB_CHFzliahBc.Jh_CfIOCU.GwiYS9v8Vnvs2dsUQQELw4DjyNy.Hz_n0Z0AEXLD9h7r2Kt74UAeHcxnw5DEV8rEYSFERJs4m5__UOOwjYTjSqA8DOZ24L8bLLLiLPjm7AaBTeHAZeRUPqDg_Gu50ilCEedxQqYMOsNElNQARDU_t4yUNcTZ_nIwkJZbpOLc6iNej09PNxyKnFCHPZzoXsOp0o7kK5PRyAELzk4TUEnMnA1siwHEDL4DEuNf8FCc25CoGFF7hdYaL5lYf.nMtEkP8WsgHPKTeJ0BqgRHnLsWiSklgog> (resource type: fetch)
2026-08-12 09:39:09,304 [scrapy-playwright] DEBUG: [Context=default] Request: <GET https://hagen.challenges.cloudflare.com/cdn-cgi/challenge-platform/h/g/i/a2a092342896d87a/Q16_hPbgBY0BO3qAeAE5UBgXXBAzr_RiTvpzC8tiBUI-1786549148-1.2.1.1-LS3DDgQMLwDpFXpnx4l15kIAoMtR6dP.PZPMBXX51eJFIhzH7sbmCvWOs.m9jN6w> (resource type: fetch)
2026-08-12 09:39:09,314 [scrapy-playwright] DEBUG: [Context=default] Response: <200 https://cm.g.doubleclick.net/partnerpixels?url=https%3A%2F%2Fwww.vivanuncios.com.mx%2Fa-venta-casa%2Fciudad-jimenez-centro%2Fcasa-en-venta-de-una-planta-en-colonia-centro%2F150452392%3Fn_src%3DListado%26n_pg%3D1%26n_pos%3D2%26n_search_id%3Da9f07af8-4a56-401a-81e2-105ae9c7d734>
2026-08-12 09:39:09,334 [scrapy-playwright] DEBUG: [Context=default] Response: <401 https://challenges.cloudflare.com/cdn-cgi/challenge-platform/h/g/pat/a2a092342896d87a/1786549149061/dd7f624466946aa4f0c4224da5a55913066e2593eafb5040eb1f66882c6d1676/l8Nnm4aN.NJvnK3p61BEvYPEllL48aHDmMGk277A5HQ-1786549149-1.3.1.1-Jojrnc_tVJ3mH93MxXpNZBiYrcnlTSxih6LDd1sap1G0E_0FEGuEuAquHJAvG_yhQhVzLHNOCqMC_2D9rF0a2ct48cybagCWYDz6AHed9UBqmLRrhWhGprpZ5K09jgNeCD8su9vftG_Quq9lUp5rd.foNEcuJ5RJPn7HLwLcAjBhs.wDZkTxOb4.t1BTl.CsVp_D_M0OlAYPHmGB0aNtkPoC7qKVzSY.0HkA7imlWuH9J4FfRlPnv1ZOcGTJ7cA9aknvtWrqcyRRibxC6WkdyTOCJ8AS2hdIkEkrnKnC1D.9bYfUsPenYXLXRIKbD3._GS2YaQlhvklQqC_Jhy7gN_mVTMY9CyRdhyzqtUmELfpcs4Xzh_t8j_LOT3H4T0spCqxpZXPO1oh8p3KodjJtBJfLRuEuyj41v_i_Z6jXJIdt0vW0rPH3hgWmgrxvX.40bZcHGJWOXKiZZqM8ExuRlkI5rr9sqG4SAgwDvIoHok0pU3NdqZHT8KaRuU_MyV30yjJdWCesP9Tm1IMyfmNEHWMBl.mdbJKbUzITB_CHFzliahBc.Jh_CfIOCU.GwiYS9v8Vnvs2dsUQQELw4DjyNy.Hz_n0Z0AEXLD9h7r2Kt74UAeHcxnw5DEV8rEYSFERJs4m5__UOOwjYTjSqA8DOZ24L8bLLLiLPjm7AaBTeHAZeRUPqDg_Gu50ilCEedxQqYMOsNElNQARDU_t4yUNcTZ_nIwkJZbpOLc6iNej09PNxyKnFCHPZzoXsOp0o7kK5PRyAELzk4TUEnMnA1siwHEDL4DEuNf8FCc25CoGFF7hdYaL5lYf.nMtEkP8WsgHPKTeJ0BqgRHnLsWiSklgog>
2026-08-12 09:39:09,372 [scrapy-playwright] DEBUG: [Context=default] Response: <200 https://ep1.adtrafficquality.google/getconfig/sodar?sv=200&tid=gpt&tv=m202608070101&st=env&sjk=8342104254437421>
2026-08-12 09:39:09,382 [scrapy-playwright] DEBUG: [Context=default] Response: <204 https://hagen.challenges.cloudflare.com/cdn-cgi/challenge-platform/h/g/i/a2a092342896d87a/Q16_hPbgBY0BO3qAeAE5UBgXXBAzr_RiTvpzC8tiBUI-1786549148-1.2.1.1-LS3DDgQMLwDpFXpnx4l15kIAoMtR6dP.PZPMBXX51eJFIhzH7sbmCvWOs.m9jN6w>
2026-08-12 09:39:09,382 [scrapy-playwright] DEBUG: [Context=default] Request: <GET https://ep2.adtrafficquality.google/sodar/sodar2.js> (resource type: script, referrer: https://www.vivanuncios.com.mx/a-venta-casa/ciudad-jimenez-centro/casa-en-venta-de-una-planta-en-colonia-centro/150452392?n_src=Listado&n_pg=1&n_pos=2&n_search_id=a9f07af8-4a56-401a-81e2-105ae9c7d734)
2026-08-12 09:39:09,397 [scrapy-playwright] DEBUG: [Context=default] Response: <200 https://3a64d5cd83e93d62261c5a35fd368915.safeframe.googlesyndication.com/safeframe/1-0-45/html/container.html>
2026-08-12 09:39:09,546 [scrapy-playwright] DEBUG: [Context=default] Response: <200 https://ep2.adtrafficquality.google/sodar/sodar2.js>
2026-08-12 09:39:09,548 [scrapy-playwright] DEBUG: [Context=default] Request: <GET https://ep2.adtrafficquality.google/sodar/sodar2/255/runner.html> (resource type: document, referrer: https://www.vivanuncios.com.mx/a-venta-casa/ciudad-jimenez-centro/casa-en-venta-de-una-planta-en-colonia-centro/150452392?n_src=Listado&n_pg=1&n_pos=2&n_search_id=a9f07af8-4a56-401a-81e2-105ae9c7d734)
2026-08-12 09:39:09,549 [scrapy-playwright] DEBUG: [Context=default] Request: <GET https://www.google.com/recaptcha/api2/aframe> (resource type: document, referrer: https://www.vivanuncios.com.mx/a-venta-casa/ciudad-jimenez-centro/casa-en-venta-de-una-planta-en-colonia-centro/150452392?n_src=Listado&n_pg=1&n_pos=2&n_search_id=a9f07af8-4a56-401a-81e2-105ae9c7d734)
2026-08-12 09:39:09,581 [scrapy-playwright] DEBUG: [Context=default] Response: <200 https://ep2.adtrafficquality.google/sodar/sodar2/255/runner.html>
2026-08-12 09:39:09,585 [scrapy-playwright] DEBUG: [Context=default] Request: <GET https://pagead2.googlesyndication.com/bg/yQ1ZEylnsXIyF7if62X1hSIj7AdytWEYswERqBPOWRU.js> (resource type: script, referrer: https://ep2.adtrafficquality.google/)
2026-08-12 09:39:09,638 [scrapy-playwright] DEBUG: [Context=default] Response: <200 https://www.google.com/recaptcha/api2/aframe>
2026-08-12 09:39:09,641 [scrapy-playwright] DEBUG: [Context=default] Request: <GET https://pagead2.googlesyndication.com/pagead/sodar?id=sodar2&v=255&li=gpt_m202608070101&jk=8342104254437421&rc=> (resource type: image, referrer: https://www.google.com/)
2026-08-12 09:39:09,739 [scrapy-playwright] DEBUG: [Context=default] Response: <200 https://pagead2.googlesyndication.com/bg/yQ1ZEylnsXIyF7if62X1hSIj7AdytWEYswERqBPOWRU.js>
2026-08-12 09:39:09,767 [scrapy-playwright] DEBUG: [Context=default] Response: <204 https://pagead2.googlesyndication.com/pagead/sodar?id=sodar2&v=255&li=gpt_m202608070101&jk=8342104254437421&rc=>
2026-08-12 09:39:09,791 [scrapy-playwright] DEBUG: [Context=default] Request: <GET https://ep2.adtrafficquality.google/generate_204?kfgb4A> (resource type: image, referrer: https://ep2.adtrafficquality.google/sodar/sodar2/255/runner.html)
2026-08-12 09:39:09,796 [scrapy-playwright] DEBUG: [Context=default] Request: <GET https://challenges.cloudflare.com/cdn-cgi/challenge-platform/h/g/ci/a2a092342896d87a/1786549149063/PWvTuICHUqmzF.SX7fYBpFTaABNPCIVfpgsEoHAH.AY-1786549149-1.3.1.1-kzG06tFDwrklUeFDAEPSh8yilwN8DXH7D_961NExDjp0NX6Y02bF.fIkgLpxttMliLSsOVDFUUUgvbRp8ECKcLmpnhw9g_oapR3PWh6aDo5xI7su57z22pNNXMwfrIaTOrIhg0ZGCF6mLesMAO9jEihQ4vIPKLcn31uFebJIkZyDFd25RqNgXdCYAzwtSfbGdTrsd0CHm3Xg4wZg0n7ppbrt9BND6srSVv6rplfaITu5EZ3hVugtQFtRQ1C2XwerUBaCNWAMGSDfihGUTYCCZXZTIKKy6clPpQH8aKVZvLvSYZY9bXFMB4CMwK998PDNHxpMAy8IEh8BCc0gMDO0rcOufCDdTrNOJsyCE4EM1aynahpELyNZEsakR23gjiuupm1rAiS2WW6xYrVYN8ka4KWFj80Y3nJIH4IYdeNXIlPlgpV82ci0Rgw5sFKyN.hhSOmuH4s5AiUYmzFgUKLgSu5.C16SrLiRldOk4Rf1TwhNFpUzAu12M4mYKN.S_HpswH8Z5toFp1NH6UsVe4iKYqc56Hgu8xWLkpEsH6yJcPxqSQTCHi0LqtE.GmuFY2LzbhNIZEM3ob5ceX2YqfJG34b_mEwm4IbhgeRpCPw9I0UilB6oqdM5hlyf0DheAulI.YuPAOECtLUmddCfS.GMzptSKzYzEea070QiIBE6JnDHkGbbRBDPgBwKQ4j9nDvYlDb_jVNJW9qDbr.GlUEo9yENdURrVyn6u1K35Nqw8UQ> (resource type: image, referrer: https://challenges.cloudflare.com/cdn-cgi/challenge-platform/h/g/turnstile/f/av0/rch/hvcq6/0x4AAAAAAADnPIDROrmt1Wwj/light/fbE/new/normal?lang=auto)
2026-08-12 09:39:09,818 [scrapy-playwright] DEBUG: [Context=default] Response: <204 https://ep2.adtrafficquality.google/generate_204?kfgb4A>
2026-08-12 09:39:09,835 [scrapy-playwright] DEBUG: [Context=default] Response: <200 https://challenges.cloudflare.com/cdn-cgi/challenge-platform/h/g/ci/a2a092342896d87a/1786549149063/PWvTuICHUqmzF.SX7fYBpFTaABNPCIVfpgsEoHAH.AY-1786549149-1.3.1.1-kzG06tFDwrklUeFDAEPSh8yilwN8DXH7D_961NExDjp0NX6Y02bF.fIkgLpxttMliLSsOVDFUUUgvbRp8ECKcLmpnhw9g_oapR3PWh6aDo5xI7su57z22pNNXMwfrIaTOrIhg0ZGCF6mLesMAO9jEihQ4vIPKLcn31uFebJIkZyDFd25RqNgXdCYAzwtSfbGdTrsd0CHm3Xg4wZg0n7ppbrt9BND6srSVv6rplfaITu5EZ3hVugtQFtRQ1C2XwerUBaCNWAMGSDfihGUTYCCZXZTIKKy6clPpQH8aKVZvLvSYZY9bXFMB4CMwK998PDNHxpMAy8IEh8BCc0gMDO0rcOufCDdTrNOJsyCE4EM1aynahpELyNZEsakR23gjiuupm1rAiS2WW6xYrVYN8ka4KWFj80Y3nJIH4IYdeNXIlPlgpV82ci0Rgw5sFKyN.hhSOmuH4s5AiUYmzFgUKLgSu5.C16SrLiRldOk4Rf1TwhNFpUzAu12M4mYKN.S_HpswH8Z5toFp1NH6UsVe4iKYqc56Hgu8xWLkpEsH6yJcPxqSQTCHi0LqtE.GmuFY2LzbhNIZEM3ob5ceX2YqfJG34b_mEwm4IbhgeRpCPw9I0UilB6oqdM5hlyf0DheAulI.YuPAOECtLUmddCfS.GMzptSKzYzEea070QiIBE6JnDHkGbbRBDPgBwKQ4j9nDvYlDb_jVNJW9qDbr.GlUEo9yENdURrVyn6u1K35Nqw8UQ>
2026-08-12 09:39:09,873 [scrapy-playwright] DEBUG: [Context=default] Request: <POST https://challenges.cloudflare.com/cdn-cgi/challenge-platform/h/g/fo/2711065059:1786546832:yHHgWXFjB-iYrGeX5iDOfFr3zbWtNgHjzHT3lfA7X5w/a2a092342896d87a/Q16_hPbgBY0BO3qAeAE5UBgXXBAzr_RiTvpzC8tiBUI-1786549148-1.2.1.1-LS3DDgQMLwDpFXpnx4l15kIAoMtR6dP.PZPMBXX51eJFIhzH7sbmCvWOs.m9jN6w> (resource type: xhr, referrer: https://challenges.cloudflare.com/cdn-cgi/challenge-platform/h/g/turnstile/f/av0/rch/hvcq6/0x4AAAAAAADnPIDROrmt1Wwj/light/fbE/new/normal?lang=auto)
2026-08-12 09:39:09,970 [scrapy-playwright] DEBUG: [Context=default] Response: <200 https://challenges.cloudflare.com/cdn-cgi/challenge-platform/h/g/fo/2711065059:1786546832:yHHgWXFjB-iYrGeX5iDOfFr3zbWtNgHjzHT3lfA7X5w/a2a092342896d87a/Q16_hPbgBY0BO3qAeAE5UBgXXBAzr_RiTvpzC8tiBUI-1786549148-1.2.1.1-LS3DDgQMLwDpFXpnx4l15kIAoMtR6dP.PZPMBXX51eJFIhzH7sbmCvWOs.m9jN6w>
2026-08-12 09:39:10,302 [scrapy-playwright] DEBUG: [Context=default] Request: <GET https://ep1.adtrafficquality.google/pagead/sodar?id=sodar2&v=255&t=2&li=gpt_m202608070101&jk=8342104254437421&bg=!PzylPF7NAAYpRUYQCUU7AEcBe5WfOD6J_8CzEe3TR4dITO3ATgOs94FzrfomYjBHnystj6b2nHqN9_h9sLJq89QK7b850eSMpyYfwSCJZY6BHIdoxQDcYgIAAAAuUgAAAAJoAQd-ADcxkk9qGZWrMoVaIEVLhWTWVg7C7pznIMF5vstcRxDK_1R9d4bknS8Cmfp2k-VA_l998U58Ssm9CgCmlzdnFZGmgJaalOno49PcJU_jxN1-efeayseJHI78RbGZE3vsWPbcBw3VeBvFb_UYwprnAgaWQWwbDkoNJGXeHhgBfATUvDpTeGpxe9Wqms15UblR6jLuzP0AgbNVwaRriBvWc098dHr3xGN-yVytxH-SuhobJSM__dYnuD3O0MMlS89MH8-1wVWvY4XGdc7KfOswFD5yfxZNWJHVAqthhBlcGBDQ7pkCmjMrUHPBA0v7PFu--GUCZpINIWGeTiuwW5jM3VV22W_zJDGMNO-sL51O9DDlCbxurayK3qVXGUlinVXUVO40X7ay69GVI-CizO0dJtip9NENUhSXdmsYKqnZkT2m3L8GkvXy09XleNT5xQqEJ1fNPes9vrCU8vtO6y7TgulKxkASHF4OxPzpKfy974kCXk3grcKir7bwHTrA7Ea0XkBFu63XO9gWbCE7wKDq8qwzq7bCvaklRVrl5Xn3pc1g2my7XRwV6AIFNe33JNZmek56J8--YQiHA5wanzCQ-w48-E9X7R7mqfNAPtO5GBalghDMI5aSPVE1O3-O93Qqg1Qc8-PSuEhHwBTPoV9HcOa2T6oEZfi-6fA9r0aHIRQsqd7rVKWL-n-uZ-6IXP6b4BSWIfh4kOnipvGLdKj5i77x3TmD1cunmf5AyYoKXxLHOCUkzRy6fnIGQv4MJPQ2e1tC1w_bWULwnBMT-k9SZI39gB9Rd6S3K8BPtOnGS4uT_F_1gx2dNcXkjQBurm6HnUmqOflHsIf1XNhatPoYi5I8InhRberksctO84k6kK2c80ry4A_iu-leYQ9cOHFCoDaz75RfiWcJ40cP-ubU7EC_6kJt4vTO_uuCSybX0UqCXPUm5CdgjWs63XZmY1gyy0k5hHkFPa60a0GMxnelv4iZqItat8359GIkEaYCE7C-mKVOBVnDxIndafvP9KXx4dJfOXUIy9x-A1PF3zIXubRxiuOQMmyq13mLcSGn98VaLVjrteF9yi_MEqI6dsTaGgrmYh4HHAi00iQIc3SHSPfsXUdY7RzH1tv3qTMdlRSf37per4kzEdnF3jlI3kp-qJwMGuoxob25mKdffOB-ETiAjNO2NFx6LxaNrUzHTQ> (resource type: image, referrer: https://www.vivanuncios.com.mx/a-venta-casa/ciudad-jimenez-centro/casa-en-venta-de-una-planta-en-colonia-centro/150452392?n_src=Listado&n_pg=1&n_pos=2&n_search_id=a9f07af8-4a56-401a-81e2-105ae9c7d734)
2026-08-12 09:39:10,433 [scrapy-playwright] DEBUG: [Context=default] Response: <204 https://ep1.adtrafficquality.google/pagead/sodar?id=sodar2&v=255&t=2&li=gpt_m202608070101&jk=8342104254437421&bg=!PzylPF7NAAYpRUYQCUU7AEcBe5WfOD6J_8CzEe3TR4dITO3ATgOs94FzrfomYjBHnystj6b2nHqN9_h9sLJq89QK7b850eSMpyYfwSCJZY6BHIdoxQDcYgIAAAAuUgAAAAJoAQd-ADcxkk9qGZWrMoVaIEVLhWTWVg7C7pznIMF5vstcRxDK_1R9d4bknS8Cmfp2k-VA_l998U58Ssm9CgCmlzdnFZGmgJaalOno49PcJU_jxN1-efeayseJHI78RbGZE3vsWPbcBw3VeBvFb_UYwprnAgaWQWwbDkoNJGXeHhgBfATUvDpTeGpxe9Wqms15UblR6jLuzP0AgbNVwaRriBvWc098dHr3xGN-yVytxH-SuhobJSM__dYnuD3O0MMlS89MH8-1wVWvY4XGdc7KfOswFD5yfxZNWJHVAqthhBlcGBDQ7pkCmjMrUHPBA0v7PFu--GUCZpINIWGeTiuwW5jM3VV22W_zJDGMNO-sL51O9DDlCbxurayK3qVXGUlinVXUVO40X7ay69GVI-CizO0dJtip9NENUhSXdmsYKqnZkT2m3L8GkvXy09XleNT5xQqEJ1fNPes9vrCU8vtO6y7TgulKxkASHF4OxPzpKfy974kCXk3grcKir7bwHTrA7Ea0XkBFu63XO9gWbCE7wKDq8qwzq7bCvaklRVrl5Xn3pc1g2my7XRwV6AIFNe33JNZmek56J8--YQiHA5wanzCQ-w48-E9X7R7mqfNAPtO5GBalghDMI5aSPVE1O3-O93Qqg1Qc8-PSuEhHwBTPoV9HcOa2T6oEZfi-6fA9r0aHIRQsqd7rVKWL-n-uZ-6IXP6b4BSWIfh4kOnipvGLdKj5i77x3TmD1cunmf5AyYoKXxLHOCUkzRy6fnIGQv4MJPQ2e1tC1w_bWULwnBMT-k9SZI39gB9Rd6S3K8BPtOnGS4uT_F_1gx2dNcXkjQBurm6HnUmqOflHsIf1XNhatPoYi5I8InhRberksctO84k6kK2c80ry4A_iu-leYQ9cOHFCoDaz75RfiWcJ40cP-ubU7EC_6kJt4vTO_uuCSybX0UqCXPUm5CdgjWs63XZmY1gyy0k5hHkFPa60a0GMxnelv4iZqItat8359GIkEaYCE7C-mKVOBVnDxIndafvP9KXx4dJfOXUIy9x-A1PF3zIXubRxiuOQMmyq13mLcSGn98VaLVjrteF9yi_MEqI6dsTaGgrmYh4HHAi00iQIc3SHSPfsXUdY7RzH1tv3qTMdlRSf37per4kzEdnF3jlI3kp-qJwMGuoxob25mKdffOB-ETiAjNO2NFx6LxaNrUzHTQ>
2026-08-12 09:39:13,802 [scrapy-playwright] DEBUG: [Context=default] Request: <POST https://analytics.google.com/g/collect?v=2&tid=G-C4HWQQM571&gtm=45je68a1v9103994736z8858857621za20gzb858857621zd858857621&_p=1786549147000&gcd=13l3l3l3l1l1&npa=0&dma=0&_eu=AAAAAGQC&are=1&cid=680368956.1786549148&frm=0&pscdl=noapi&rcb=3&sr=1280x720&uaa=arm&uab=64&uafvl=Not%253DA%253FBrand%3B99.0.0.0%7CHeadlessChrome%3B151.0.7922.34%7CChromium%3B151.0.7922.34&uam=&uamb=0&uap=macOS&uapv=26.6.0&uaw=0&ul=en-us&gaf=2&_s=2&tag_exp=115616985~115938466~115938468~118897920~118897930~119367802~119367810~119404700~119527019~119896803~120315470&sid=1786549148&sct=1&seg=1&dl=https%3A%2F%2Fwww.vivanuncios.com.mx%2Fa-venta-casa%2Fciudad-jimenez-centro%2Fcasa-en-venta-de-una-planta-en-colonia-centro%2F150452392%3Fn_src%3DListado%26n_pg%3D1%26n_pos%3D2%26n_search_id%3Da9f07af8-4a56-401a-81e2-105ae9c7d734&dt=Casas%20en%20venta%20-%20528m2%20-%204%20recamaras%20-%20Ciudad%20Jimenez%20Centro%20-...&en=page_view&ep.is_logged=No&ep.content_group=Ficha&ep.category_listing=clasificados&ep.operation_type=venta&ep.property_type=Casa&ep.province=Chihuahua&ep.city=Jim%C3%A9nez&ep.posting_id=150452392&ep.bathrooms=4&ep.dorms=4&ep.parking=2&ep.listed_by=ABBA%20Promotores%20Inmobiliarios&ep.is_furnished=false&ep.aviso_duplicado=No&ep.status=true&ep.variant_id=NA&ep.flow_type=NA&ep.terminoUbicacion=Ciudad%20Jimenez%20Centro&ep.user_reputation=NA&ep.fb_event=false&_et=533&tfd=7320> (resource type: fetch, referrer: https://www.vivanuncios.com.mx/a-venta-casa/ciudad-jimenez-centro/casa-en-venta-de-una-planta-en-colonia-centro/150452392?n_src=Listado&n_pg=1&n_pos=2&n_search_id=a9f07af8-4a56-401a-81e2-105ae9c7d734)
2026-08-12 09:39:13,871 [scrapy-playwright] DEBUG: [Context=default] Response: <204 https://analytics.google.com/g/collect?v=2&tid=G-C4HWQQM571&gtm=45je68a1v9103994736z8858857621za20gzb858857621zd858857621&_p=1786549147000&gcd=13l3l3l3l1l1&npa=0&dma=0&_eu=AAAAAGQC&are=1&cid=680368956.1786549148&frm=0&pscdl=noapi&rcb=3&sr=1280x720&uaa=arm&uab=64&uafvl=Not%253DA%253FBrand%3B99.0.0.0%7CHeadlessChrome%3B151.0.7922.34%7CChromium%3B151.0.7922.34&uam=&uamb=0&uap=macOS&uapv=26.6.0&uaw=0&ul=en-us&gaf=2&_s=2&tag_exp=115616985~115938466~115938468~118897920~118897930~119367802~119367810~119404700~119527019~119896803~120315470&sid=1786549148&sct=1&seg=1&dl=https%3A%2F%2Fwww.vivanuncios.com.mx%2Fa-venta-casa%2Fciudad-jimenez-centro%2Fcasa-en-venta-de-una-planta-en-colonia-centro%2F150452392%3Fn_src%3DListado%26n_pg%3D1%26n_pos%3D2%26n_search_id%3Da9f07af8-4a56-401a-81e2-105ae9c7d734&dt=Casas%20en%20venta%20-%20528m2%20-%204%20recamaras%20-%20Ciudad%20Jimenez%20Centro%20-...&en=page_view&ep.is_logged=No&ep.content_group=Ficha&ep.category_listing=clasificados&ep.operation_type=venta&ep.property_type=Casa&ep.province=Chihuahua&ep.city=Jim%C3%A9nez&ep.posting_id=150452392&ep.bathrooms=4&ep.dorms=4&ep.parking=2&ep.listed_by=ABBA%20Promotores%20Inmobiliarios&ep.is_furnished=false&ep.aviso_duplicado=No&ep.status=true&ep.variant_id=NA&ep.flow_type=NA&ep.terminoUbicacion=Ciudad%20Jimenez%20Centro&ep.user_reputation=NA&ep.fb_event=false&_et=533&tfd=7320>
2026-08-12 09:39:19,226 [scrapy-playwright] DEBUG: [Context=default] Request: <GET https://www.vivanuncios.com.mx/tracking/g/collect?v=2&tid=G-3W0YTSRCK7&gtm=45je68a1v9235587196z8858857621za20gzb858857621zd858857621&_p=1786549147000&gcd=13l3l3l3l1l1&npa=0&dma=0&ecid=1890308647&_eu=AAAAAGQ&_fplc=0&are=1&cid=680368956.1786549148&ec_mode=c&frm=0&pscdl=noapi&rcb=10&sr=1280x720&uaa=arm&uab=64&uafvl=Not%253DA%253FBrand%3B99.0.0.0%7CHeadlessChrome%3B151.0.7922.34%7CChromium%3B151.0.7922.34&uam=&uamb=0&uap=macOS&uapv=26.6.0&uaw=0&ul=en-us&ur=MX-CHH&sst.etld=google.com.mx&sst.tft=1786549147000&sst.lpc=65617705&sst.navt=n&sst.ude=0&sst.sw_exp=1&gaf=2&_s=5&tag_exp=115938466~115938469~118897920~118897930~119367802~119367810~119527020~119896802~120125305~120385422&sid=1786549148&sct=1&seg=1&dl=https%3A%2F%2Fwww.vivanuncios.com.mx%2Fa-venta-casa%2Fciudad-jimenez-centro%2Fcasa-en-venta-de-una-planta-en-colonia-centro%2F150452392%3Fn_src%3DListado%26n_pg%3D1%26n_pos%3D2%26n_search_id%3Da9f07af8-4a56-401a-81e2-105ae9c7d734&dt=Casas%20en%20venta%20-%20528m2%20-%204%20recamaras%20-%20Ciudad%20Jimenez%20Centro%20-...&_tu=BA&en=select_content&gap.sstd=1&ep.content_group=Ficha&ep.fb_event=true&evnid=1786549148072.672143.179&ep.fb_id=888643211192359&ep.x-fb-ck-fbp=fb.3.1786549148058.9886730104&ep.google_ads_id=11200569259&ep.criteo_user_email=&ep.ecommerce_event=false&ep.isDesarrollo=false&ep.ga4_event=true&ep.content_type=Modal%20login%20rapido%20Google&ep.item_id=Cerrar%20modal&_et=10419&ep.user_data._tag_mode=AUTO&ep.user_data.email_address=&ep.user_data.phone_number=&ep.user_data.address.first_name=&ep.user_data.address._tag_metadata.first_name.mode=c&tfd=12747&richsstsse> (resource type: fetch, referrer: https://www.vivanuncios.com.mx/a-venta-casa/ciudad-jimenez-centro/casa-en-venta-de-una-planta-en-colonia-centro/150452392?n_src=Listado&n_pg=1&n_pos=2&n_search_id=a9f07af8-4a56-401a-81e2-105ae9c7d734)
2026-08-12 09:39:19,262 [scrapy-playwright] DEBUG: [Context=default] Response: <403 https://www.vivanuncios.com.mx/tracking/g/collect?v=2&tid=G-3W0YTSRCK7&gtm=45je68a1v9235587196z8858857621za20gzb858857621zd858857621&_p=1786549147000&gcd=13l3l3l3l1l1&npa=0&dma=0&ecid=1890308647&_eu=AAAAAGQ&_fplc=0&are=1&cid=680368956.1786549148&ec_mode=c&frm=0&pscdl=noapi&rcb=10&sr=1280x720&uaa=arm&uab=64&uafvl=Not%253DA%253FBrand%3B99.0.0.0%7CHeadlessChrome%3B151.0.7922.34%7CChromium%3B151.0.7922.34&uam=&uamb=0&uap=macOS&uapv=26.6.0&uaw=0&ul=en-us&ur=MX-CHH&sst.etld=google.com.mx&sst.tft=1786549147000&sst.lpc=65617705&sst.navt=n&sst.ude=0&sst.sw_exp=1&gaf=2&_s=5&tag_exp=115938466~115938469~118897920~118897930~119367802~119367810~119527020~119896802~120125305~120385422&sid=1786549148&sct=1&seg=1&dl=https%3A%2F%2Fwww.vivanuncios.com.mx%2Fa-venta-casa%2Fciudad-jimenez-centro%2Fcasa-en-venta-de-una-planta-en-colonia-centro%2F150452392%3Fn_src%3DListado%26n_pg%3D1%26n_pos%3D2%26n_search_id%3Da9f07af8-4a56-401a-81e2-105ae9c7d734&dt=Casas%20en%20venta%20-%20528m2%20-%204%20recamaras%20-%20Ciudad%20Jimenez%20Centro%20-...&_tu=BA&en=select_content&gap.sstd=1&ep.content_group=Ficha&ep.fb_event=true&evnid=1786549148072.672143.179&ep.fb_id=888643211192359&ep.x-fb-ck-fbp=fb.3.1786549148058.9886730104&ep.google_ads_id=11200569259&ep.criteo_user_email=&ep.ecommerce_event=false&ep.isDesarrollo=false&ep.ga4_event=true&ep.content_type=Modal%20login%20rapido%20Google&ep.item_id=Cerrar%20modal&_et=10419&ep.user_data._tag_mode=AUTO&ep.user_data.email_address=&ep.user_data.phone_number=&ep.user_data.address.first_name=&ep.user_data.address._tag_metadata.first_name.mode=c&tfd=12747&richsstsse>
2026-08-12 09:39:24,156 [scrapy.core.engine] INFO: Closing spider (finished)
2026-08-12 09:39:24,159 [scrapy.statscollectors] INFO: Dumping Scrapy stats:
{'downloader/request_bytes': 954,
 'downloader/request_count': 2,
 'downloader/request_method_count/GET': 2,
 'downloader/response_bytes': 477048,
 'downloader/response_count': 2,
 'downloader/response_status_count/200': 1,
 'downloader/response_status_count/403': 1,
 'elapsed_time_seconds': 18.02208362519741,
 'finish_reason': 'finished',
 'finish_time': datetime.datetime(2026, 8, 12, 15, 39, 24, 157068, tzinfo=datetime.timezone.utc),
 'httpcompression/response_bytes': 6489,
 'httpcompression/response_count': 1,
 'items_per_minute': 0.0,
 'log_count/INFO': 13,
 'memusage/max': 83443712,
 'memusage/startup': 83443712,
 'playwright/browser_count': 2,
 'playwright/context_count': 2,
 'playwright/context_count/max_concurrent': 1,
 'playwright/context_count/persistent/False': 2,
 'playwright/context_count/remote/False': 2,
 'playwright/page_count': 1,
 'playwright/page_count/max_concurrent': 1,
 'playwright/request_count': 144,
 'playwright/request_count/method/GET': 129,
 'playwright/request_count/method/POST': 15,
 'playwright/request_count/navigation': 7,
 'playwright/request_count/resource_type/document': 7,
 'playwright/request_count/resource_type/fetch': 21,
 'playwright/request_count/resource_type/font': 4,
 'playwright/request_count/resource_type/image': 40,
 'playwright/request_count/resource_type/other': 1,
 'playwright/request_count/resource_type/ping': 2,
 'playwright/request_count/resource_type/script': 42,
 'playwright/request_count/resource_type/stylesheet': 17,
 'playwright/request_count/resource_type/xhr': 10,
 'playwright/response_count': 144,
 'playwright/response_count/method/GET': 129,
 'playwright/response_count/method/POST': 15,
 'playwright/response_count/resource_type/document': 7,
 'playwright/response_count/resource_type/fetch': 21,
 'playwright/response_count/resource_type/font': 4,
 'playwright/response_count/resource_type/image': 40,
 'playwright/response_count/resource_type/other': 1,
 'playwright/response_count/resource_type/ping': 2,
 'playwright/response_count/resource_type/script': 42,
 'playwright/response_count/resource_type/stylesheet': 17,
 'playwright/response_count/resource_type/xhr': 10,
 'response_received_count': 2,
 'responses_per_minute': 6.666666666666667,
 'scheduler/dequeued': 2,
 'scheduler/dequeued/memory': 2,
 'scheduler/enqueued': 2,
 'scheduler/enqueued/memory': 2,
 'start_time': datetime.datetime(2026, 8, 12, 15, 39, 6, 135092, tzinfo=datetime.timezone.utc)}
2026-08-12 09:39:24,159 [scrapy.core.engine] INFO: Spider closed (finished)
2026-08-12 09:39:24,161 [scrapy-playwright] INFO: Closing download handler
2026-08-12 09:39:24,171 [scrapy-playwright] DEBUG: Browser context closed: 'default' (persistent=False, remote=False)
2026-08-12 09:39:24,172 [scrapy-playwright] INFO: Closing browser
2026-08-12 09:39:24,179 [scrapy-playwright] DEBUG: Browser disconnected
2026-08-12 09:39:24,199 [scrapy-playwright] INFO: Closing download handler
2026-08-12 09:39:24,204 [scrapy-playwright] DEBUG: Browser context closed: 'default' (persistent=False, remote=False)
2026-08-12 09:39:24,205 [scrapy-playwright] INFO: Closing browser
2026-08-12 09:39:24,210 [scrapy-playwright] DEBUG: Browser disconnected
2026-08-12 09:42:25,485 [__main__] INFO: Using Playwright (no Zyte API key found).
2026-08-12 09:42:25,486 [scrapy.utils.log] INFO: Scrapy 2.17.0 started (bot: scrapybot)
2026-08-12 09:42:25,496 [scrapy.utils.log] INFO: Versions:
{'lxml': '6.1.1',
 'libxml2': '2.14.6',
 'cssselect': '1.5.0',
 'parsel': '1.11.0',
 'w3lib': '2.4.1',
 'Twisted': '26.4.0',
 'Python': '3.12.13 (main, Aug  7 2026, 02:15:23) [Clang 22.1.3 ]',
 'pyOpenSSL': '26.4.0 (OpenSSL 4.0.1 9 Jun 2026)',
 'cryptography': '50.0.0',
 'Platform': 'macOS-26.6-arm64-arm-64bit'}
2026-08-12 09:42:25,496 [scrapy.crawler] DEBUG: Using CrawlerProcess
2026-08-12 09:42:25,497 [scrapy.addons] INFO: Enabled addons:
[]
2026-08-12 09:42:25,498 [asyncio] DEBUG: Using selector: KqueueSelector
2026-08-12 09:42:25,498 [scrapy.utils.log] DEBUG: Using reactor: twisted.internet.asyncioreactor.AsyncioSelectorReactor
2026-08-12 09:42:25,498 [scrapy.utils.log] DEBUG: Using asyncio event loop: asyncio.unix_events._UnixSelectorEventLoop
2026-08-12 09:42:25,501 [scrapy.extensions.telnet] INFO: Telnet Password: ac927c995e651666
2026-08-12 09:42:25,503 [scrapy.middleware] INFO: Enabled extensions:
['scrapy.extensions.corestats.CoreStats',
 'scrapy.extensions.logcount.LogCount',
 'scrapy.extensions.telnet.TelnetConsole',
 'scrapy.extensions.memusage.MemoryUsage',
 'scrapy.extensions.logstats.LogStats']
2026-08-12 09:42:25,504 [scrapy.crawler] INFO: Overridden settings:
{'CONCURRENT_REQUESTS': 8,
 'CONCURRENT_REQUESTS_PER_DOMAIN': 4,
 'DOWNLOAD_TIMEOUT': 30,
 'LOG_ENABLED': False,
 'LOG_LEVEL': 'INFO',
 'USER_AGENT': 'Mozilla/5.0 (Macintosh; Intel Mac OS X 10_15_7) '
               'AppleWebKit/537.36 (KHTML, like Gecko) Chrome/131.0.0.0 '
               'Safari/537.36'}
2026-08-12 09:42:25,620 [scrapy.middleware] INFO: Enabled downloader middlewares:
['scrapy.downloadermiddlewares.offsite.OffsiteMiddleware',
 'scrapy.downloadermiddlewares.httpauth.HttpAuthMiddleware',
 'scrapy.downloadermiddlewares.downloadtimeout.DownloadTimeoutMiddleware',
 'scrapy.downloadermiddlewares.defaultheaders.DefaultHeadersMiddleware',
 'scrapy.downloadermiddlewares.useragent.UserAgentMiddleware',
 'scrapy.downloadermiddlewares.retry.RetryMiddleware',
 'scrapy.downloadermiddlewares.redirect.MetaRefreshMiddleware',
 'scrapy.downloadermiddlewares.httpcompression.HttpCompressionMiddleware',
 'scrapy.downloadermiddlewares.redirect.RedirectMiddleware',
 'scrapy.downloadermiddlewares.cookies.CookiesMiddleware',
 'scrapy.downloadermiddlewares.httpproxy.HttpProxyMiddleware',
 'scrapy.downloadermiddlewares.stats.DownloaderStats']
2026-08-12 09:42:25,622 [scrapy.middleware] INFO: Enabled spider middlewares:
['scrapy.spidermiddlewares.start.StartSpiderMiddleware',
 'scrapy.spidermiddlewares.httperror.HttpErrorMiddleware',
 'scrapy.spidermiddlewares.referer.RefererMiddleware',
 'scrapy.spidermiddlewares.urllength.UrlLengthMiddleware',
 'scrapy.spidermiddlewares.depth.DepthMiddleware']
2026-08-12 09:42:25,622 [scrapy.middleware] INFO: Enabled item pipelines:
[]
2026-08-12 09:42:25,622 [scrapy.core.engine] INFO: Spider opened
2026-08-12 09:42:25,625 [scrapy.extensions.logstats] INFO: Crawled 0 pages (at 0 pages/min), scraped 0 items (at 0 items/min)
2026-08-12 09:42:25,625 [scrapy.extensions.telnet] INFO: Telnet console listening on 127.0.0.1:6023
2026-08-12 09:42:25,625 [scrapy-playwright] INFO: Starting download handler. Versions: scrapy-playwright==0.0.48, Playwright==1.62.0
2026-08-12 09:42:25,625 [scrapy-playwright] INFO: Starting download handler. Versions: scrapy-playwright==0.0.48, Playwright==1.62.0
2026-08-12 09:42:25,904 [scrapy-playwright] INFO: Launching 1 startup context(s)
2026-08-12 09:42:25,904 [scrapy-playwright] INFO: Launching 1 startup context(s)
2026-08-12 09:42:25,904 [scrapy-playwright] INFO: Launching browser chromium
2026-08-12 09:42:25,908 [scrapy-playwright] INFO: Launching browser chromium
2026-08-12 09:42:26,147 [scrapy-playwright] INFO: Browser chromium launched
2026-08-12 09:42:26,147 [scrapy-playwright] INFO: Browser chromium launched
2026-08-12 09:42:26,151 [scrapy-playwright] DEBUG: Browser context started: 'default' (persistent=False, remote=False)
2026-08-12 09:42:26,151 [scrapy-playwright] DEBUG: Browser context started: 'default' (persistent=False, remote=False)
2026-08-12 09:42:26,151 [scrapy-playwright] INFO: Startup context(s) launched
2026-08-12 09:42:26,151 [scrapy-playwright] INFO: Startup context(s) launched
2026-08-12 09:42:26,267 [scrapy.core.engine] DEBUG: Crawled (403) <GET https://www.vivanuncios.com.mx/s-venta-inmuebles/chihuahua-chih/v1c1097l10163p1> (referer: None)
2026-08-12 09:42:26,267 [scrapy.core.engine] DEBUG: Crawled (403) <GET https://www.vivanuncios.com.mx/s-venta-inmuebles/chihuahua/v1c1097l1005p2?sort=most_lowered_price> (referer: None)
2026-08-12 09:42:26,327 [scrapy-playwright] DEBUG: [Context=default] New page created, page count is 1 (1 for all contexts)
2026-08-12 09:42:26,329 [scrapy-playwright] DEBUG: [Context=default] New page created, page count is 2 (2 for all contexts)
2026-08-12 09:42:26,330 [scrapy-playwright] DEBUG: [Context=default] New page created, page count is 3 (3 for all contexts)
2026-08-12 09:42:26,340 [scrapy-playwright] DEBUG: [Context=default] Request: <GET https://www.vivanuncios.com.mx/a-venta-casa/fraccionamiento-diamante-reliz/casa-en-venta-fracc-monte-caleres/149315625> (resource type: document)
2026-08-12 09:42:26,340 [scrapy-playwright] DEBUG: [Context=default] Request: <GET https://www.vivanuncios.com.mx/s-venta-inmuebles/chihuahua/v1c1097l1005p2?sort=most_lowered_price> (resource type: document)
2026-08-12 09:42:26,340 [scrapy-playwright] DEBUG: [Context=default] Request: <GET https://www.vivanuncios.com.mx/s-venta-inmuebles/chihuahua-chih/v1c1097l10163p1> (resource type: document)
2026-08-12 09:42:26,343 [scrapy.core.engine] DEBUG: Crawled (403) <GET https://www.vivanuncios.com.mx/a-venta-casa/fraccionamiento-diamante-reliz/casa-en-venta-fracc-monte-caleres/149315625> (referer: None)
2026-08-12 09:42:26,528 [scrapy-playwright] DEBUG: [Context=default] Response: <200 https://www.vivanuncios.com.mx/s-venta-inmuebles/chihuahua-chih/v1c1097l10163p1>
2026-08-12 09:42:26,542 [scrapy-playwright] DEBUG: [Context=default] Request: <GET https://img10.naventcdn.com/avisos/18/01/45/93/77/48/360x266/1519680577.jpg?rapc=bXZhX2ltYWdl?isFirstImage=true> (resource type: image, referrer: https://www.vivanuncios.com.mx/)
2026-08-12 09:42:26,542 [scrapy-playwright] DEBUG: [Context=default] Request: <GET https://img10.naventcdn.com/avisos/18/01/49/58/81/78/360x266/1600719603.jpg?rapc=bXZhX2ltYWdl?isFirstImage=true> (resource type: image, referrer: https://www.vivanuncios.com.mx/)
2026-08-12 09:42:26,542 [scrapy-playwright] DEBUG: [Context=default] Request: <GET https://img10.naventcdn.com/listado/RPLISv8.317.0-RC2/css/fonts.1417bd14db3092d31b51.css> (resource type: stylesheet, referrer: https://www.vivanuncios.com.mx/)
2026-08-12 09:42:26,542 [scrapy-playwright] DEBUG: [Context=default] Request: <GET https://img10.naventcdn.com/listado/RPLISv8.317.0-RC2/assets/fonts/hind-medium-webfont.woff2> (resource type: font, referrer: https://www.vivanuncios.com.mx/)
2026-08-12 09:42:26,542 [scrapy-playwright] DEBUG: [Context=default] Request: <GET https://img10.naventcdn.com/listado/RPLISv8.317.0-RC2/assets/fonts/hind-semibold-webfont.woff2> (resource type: font, referrer: https://www.vivanuncios.com.mx/)
2026-08-12 09:42:26,543 [scrapy-playwright] DEBUG: [Context=default] Request: <GET https://img10.naventcdn.com/listado/RPLISv8.317.0-RC2/assets/fonts/hind-regular-webfont.woff2> (resource type: font, referrer: https://www.vivanuncios.com.mx/)
2026-08-12 09:42:26,543 [scrapy-playwright] DEBUG: [Context=default] Request: <GET https://img10.naventcdn.com/listado/RPLISv8.317.0-RC2/assets/fonts/hind-bold-webfont.woff2> (resource type: font, referrer: https://www.vivanuncios.com.mx/)
2026-08-12 09:42:26,543 [scrapy-playwright] DEBUG: [Context=default] Request: <GET https://img10.naventcdn.com/listado/RPLISv8.317.0-RC2/css/main.ae60ca0cbdd92c220c05.css> (resource type: stylesheet, referrer: https://www.vivanuncios.com.mx/)
2026-08-12 09:42:26,548 [scrapy-playwright] DEBUG: [Context=default] Request: <GET https://img10.naventcdn.com/listado/RPLISv8.317.0-RC2/images/icon-x-white.b1b5e018.svg> (resource type: image, referrer: https://www.vivanuncios.com.mx/)
2026-08-12 09:42:26,549 [scrapy-playwright] DEBUG: [Context=default] Request: <GET https://img10.naventcdn.com/listado/RPLISv8.317.0-RC2/images/icon-search-black.ee46020a.svg> (resource type: image, referrer: https://www.vivanuncios.com.mx/)
2026-08-12 09:42:26,549 [scrapy-playwright] DEBUG: [Context=default] Request: <GET https://img10.naventcdn.com/avisos/18/01/49/96/05/33/360x266/1608436726.jpg?rapc=bXZhX2ltYWdl?isFirstImage=true> (resource type: image, referrer: https://www.vivanuncios.com.mx/)
2026-08-12 09:42:26,554 [scrapy-playwright] DEBUG: [Context=default] Request: <GET https://static.cloudflareinsights.com/beacon.min.js/v4513226cdae34746b4dedf0b4dfa099e1781791509496> (resource type: script, referrer: https://www.vivanuncios.com.mx/)
2026-08-12 09:42:26,636 [scrapy-playwright] DEBUG: [Context=default] Response: <200 https://img10.naventcdn.com/avisos/18/01/49/96/05/33/360x266/1608436726.jpg?rapc=bXZhX2ltYWdl?isFirstImage=true>
2026-08-12 09:42:26,637 [scrapy-playwright] DEBUG: [Context=default] Response: <200 https://img10.naventcdn.com/listado/RPLISv8.317.0-RC2/css/main.ae60ca0cbdd92c220c05.css>
2026-08-12 09:42:26,637 [scrapy-playwright] DEBUG: [Context=default] Response: <200 https://img10.naventcdn.com/avisos/18/01/49/58/81/78/360x266/1600719603.jpg?rapc=bXZhX2ltYWdl?isFirstImage=true>
2026-08-12 09:42:26,638 [scrapy-playwright] DEBUG: [Context=default] Response: <200 https://img10.naventcdn.com/listado/RPLISv8.317.0-RC2/assets/fonts/hind-regular-webfont.woff2>
2026-08-12 09:42:26,638 [scrapy-playwright] DEBUG: [Context=default] Response: <200 https://img10.naventcdn.com/listado/RPLISv8.317.0-RC2/assets/fonts/hind-medium-webfont.woff2>
2026-08-12 09:42:26,639 [scrapy-playwright] DEBUG: [Context=default] Response: <200 https://img10.naventcdn.com/avisos/18/01/45/93/77/48/360x266/1519680577.jpg?rapc=bXZhX2ltYWdl?isFirstImage=true>
2026-08-12 09:42:26,655 [scrapy-playwright] DEBUG: [Context=default] Response: <200 https://img10.naventcdn.com/listado/RPLISv8.317.0-RC2/assets/fonts/hind-semibold-webfont.woff2>
2026-08-12 09:42:26,655 [scrapy-playwright] DEBUG: [Context=default] Response: <200 https://img10.naventcdn.com/listado/RPLISv8.317.0-RC2/assets/fonts/hind-bold-webfont.woff2>
2026-08-12 09:42:26,665 [scrapy-playwright] DEBUG: [Context=default] Response: <200 https://static.cloudflareinsights.com/beacon.min.js/v4513226cdae34746b4dedf0b4dfa099e1781791509496>
2026-08-12 09:42:26,665 [scrapy-playwright] DEBUG: [Context=default] Response: <200 https://img10.naventcdn.com/listado/RPLISv8.317.0-RC2/css/fonts.1417bd14db3092d31b51.css>
2026-08-12 09:42:26,757 [scrapy-playwright] DEBUG: [Context=default] Request: <GET https://img10.naventcdn.com/listado/RPLISv8.317.0-RC2/images/chevron-down-black2.8252f7ce.svg> (resource type: image, referrer: https://www.vivanuncios.com.mx/)
2026-08-12 09:42:26,774 [scrapy-playwright] DEBUG: [Context=default] Request: <GET https://accounts.google.com/gsi/client> (resource type: script, referrer: https://www.vivanuncios.com.mx/)
2026-08-12 09:42:26,774 [scrapy-playwright] DEBUG: [Context=default] Request: <GET https://img10.naventcdn.com/listado/RPLISv8.317.0-RC2/images/brand-refresh-header-vivanuncios.4255c6b4.svg> (resource type: image, referrer: https://www.vivanuncios.com.mx/)
2026-08-12 09:42:26,775 [scrapy-playwright] DEBUG: [Context=default] Request: <GET https://img10.naventcdn.com/listado/RPLISv8.317.0-RC2/images/chevron-down.9f9f3010.svg> (resource type: image, referrer: https://www.vivanuncios.com.mx/)
2026-08-12 09:42:26,775 [scrapy-playwright] DEBUG: [Context=default] Request: <GET https://img10.naventcdn.com/listado/RPLISv8.317.0-RC2/images/chat_bubble.c941ee77.svg> (resource type: image, referrer: https://www.vivanuncios.com.mx/)
2026-08-12 09:42:26,775 [scrapy-playwright] DEBUG: [Context=default] Request: <GET https://img10.naventcdn.com/listado/RPLISv8.317.0-RC2/images/icon-more-filters.af5473e4.svg> (resource type: image, referrer: https://www.vivanuncios.com.mx/)
2026-08-12 09:42:26,775 [scrapy-playwright] DEBUG: [Context=default] Request: <GET https://img10.naventcdn.com/listado/RPLISv8.317.0-RC2/images/updown.487f1160.svg> (resource type: image, referrer: https://www.vivanuncios.com.mx/)
2026-08-12 09:42:26,776 [scrapy-playwright] DEBUG: [Context=default] Request: <GET https://img10.naventcdn.com/listado/RPLISv8.317.0-RC2/images/arrow.a8a0125f.svg> (resource type: image, referrer: https://www.vivanuncios.com.mx/)
2026-08-12 09:42:26,777 [scrapy-playwright] DEBUG: [Context=default] Request: <GET https://img10.naventcdn.com/listado/RPLISv8.317.0-RC2/images/icon_promedio.0032e4b7.svg> (resource type: image, referrer: https://www.vivanuncios.com.mx/)
2026-08-12 09:42:26,777 [scrapy-playwright] DEBUG: [Context=default] Request: <GET https://img10.naventcdn.com/listado/RPLISv8.317.0-RC2/images/vectorStroke.7120d1f1.svg> (resource type: image, referrer: https://www.vivanuncios.com.mx/)
2026-08-12 09:42:26,777 [scrapy-playwright] DEBUG: [Context=default] Request: <GET https://img10.naventcdn.com/listado/RPLISv8.317.0-RC2/images/vectorBlue.3a5fdd13.svg> (resource type: image, referrer: https://www.vivanuncios.com.mx/)
2026-08-12 09:42:26,778 [scrapy-playwright] DEBUG: [Context=default] Request: <GET https://img10.naventcdn.com/listado/RPLISv8.317.0-RC2/images/icon_rango.3092f869.svg> (resource type: image, referrer: https://www.vivanuncios.com.mx/)
2026-08-12 09:42:26,778 [scrapy-playwright] DEBUG: [Context=default] Request: <GET https://img10.naventcdn.com/listado/RPLISv8.317.0-RC2/images/vector_vertical.6914ab7b.svg> (resource type: image, referrer: https://www.vivanuncios.com.mx/)
2026-08-12 09:42:26,778 [scrapy-playwright] DEBUG: [Context=default] Request: <GET https://img10.naventcdn.com/listado/RPLISv8.317.0-RC2/images/icon_promedio_num.f53bbc55.svg> (resource type: image, referrer: https://www.vivanuncios.com.mx/)
2026-08-12 09:42:26,778 [scrapy-playwright] DEBUG: [Context=default] Request: <GET https://img10.naventcdn.com/listado/RPLISv8.317.0-RC2/libphonenumber.js> (resource type: script, referrer: https://www.vivanuncios.com.mx/)
2026-08-12 09:42:26,779 [scrapy-playwright] DEBUG: [Context=default] Request: <GET https://img10.naventcdn.com/listado/RPLISv8.317.0-RC2/react-dom.js> (resource type: script, referrer: https://www.vivanuncios.com.mx/)
2026-08-12 09:42:26,779 [scrapy-playwright] DEBUG: [Context=default] Request: <GET https://img10.naventcdn.com/listado/RPLISv8.317.0-RC2/6545.js> (resource type: script, referrer: https://www.vivanuncios.com.mx/)
2026-08-12 09:42:26,779 [scrapy-playwright] DEBUG: [Context=default] Request: <GET https://img10.naventcdn.com/listado/RPLISv8.317.0-RC2/main.js> (resource type: script, referrer: https://www.vivanuncios.com.mx/)
2026-08-12 09:42:26,780 [scrapy-playwright] DEBUG: [Context=default] Request: <GET https://img10.naventcdn.com/listado/RPLISv8.317.0-RC2/site_provider.js> (resource type: script, referrer: https://www.vivanuncios.com.mx/)
2026-08-12 09:42:26,780 [scrapy-playwright] DEBUG: [Context=default] Request: <GET https://img10.naventcdn.com/listado/RPLISv8.317.0-RC2/site_modal_provider.js> (resource type: script, referrer: https://www.vivanuncios.com.mx/)
2026-08-12 09:42:26,785 [scrapy-playwright] DEBUG: [Context=default] Request: <GET https://img10.naventcdn.com/listado/RPLISv8.317.0-RC2/2092.js> (resource type: script, referrer: https://www.vivanuncios.com.mx/)
2026-08-12 09:42:26,785 [scrapy-playwright] DEBUG: [Context=default] Request: <GET https://img10.naventcdn.com/listado/RPLISv8.317.0-RC2/header_app.js> (resource type: script, referrer: https://www.vivanuncios.com.mx/)
2026-08-12 09:42:26,785 [scrapy-playwright] DEBUG: [Context=default] Request: <GET https://img10.naventcdn.com/listado/RPLISv8.317.0-RC2/header_content.js> (resource type: script, referrer: https://www.vivanuncios.com.mx/)
2026-08-12 09:42:26,785 [scrapy-playwright] DEBUG: [Context=default] Request: <GET https://img10.naventcdn.com/listado/RPLISv8.317.0-RC2/2996.js> (resource type: script, referrer: https://www.vivanuncios.com.mx/)
2026-08-12 09:42:26,785 [scrapy-playwright] DEBUG: [Context=default] Request: <GET https://img10.naventcdn.com/listado/RPLISv8.317.0-RC2/942.js> (resource type: script, referrer: https://www.vivanuncios.com.mx/)
2026-08-12 09:42:26,786 [scrapy-playwright] DEBUG: [Context=default] Request: <GET https://img10.naventcdn.com/listado/RPLISv8.317.0-RC2/9624.js> (resource type: script, referrer: https://www.vivanuncios.com.mx/)
2026-08-12 09:42:26,786 [scrapy-playwright] DEBUG: [Context=default] Request: <GET https://img10.naventcdn.com/listado/RPLISv8.317.0-RC2/header_desktop.js> (resource type: script, referrer: https://www.vivanuncios.com.mx/)
2026-08-12 09:42:26,786 [scrapy-playwright] DEBUG: [Context=default] Request: <GET https://img10.naventcdn.com/listado/RPLISv8.317.0-RC2/nav_menu.js> (resource type: script, referrer: https://www.vivanuncios.com.mx/)
2026-08-12 09:42:26,786 [scrapy-playwright] DEBUG: [Context=default] Request: <GET https://img10.naventcdn.com/listado/RPLISv8.317.0-RC2/operation_nav_desktop.js> (resource type: script, referrer: https://www.vivanuncios.com.mx/)
2026-08-12 09:42:26,786 [scrapy-playwright] DEBUG: [Context=default] Request: <GET https://img10.naventcdn.com/listado/RPLISv8.317.0-RC2/7183.js> (resource type: script, referrer: https://www.vivanuncios.com.mx/)
2026-08-12 09:42:26,787 [scrapy-playwright] DEBUG: [Context=default] Request: <GET https://img10.naventcdn.com/listado/RPLISv8.317.0-RC2/7972.js> (resource type: script, referrer: https://www.vivanuncios.com.mx/)
2026-08-12 09:42:26,787 [scrapy-playwright] DEBUG: [Context=default] Request: <GET https://img10.naventcdn.com/listado/RPLISv8.317.0-RC2/fintech_block.js> (resource type: script, referrer: https://www.vivanuncios.com.mx/)
2026-08-12 09:42:26,787 [scrapy-playwright] DEBUG: [Context=default] Request: <GET https://img10.naventcdn.com/listado/RPLISv8.317.0-RC2/publish_button.js> (resource type: script, referrer: https://www.vivanuncios.com.mx/)
2026-08-12 09:42:26,787 [scrapy-playwright] DEBUG: [Context=default] Request: <GET https://img10.naventcdn.com/listado/RPLISv8.317.0-RC2/login_button.js> (resource type: script, referrer: https://www.vivanuncios.com.mx/)
2026-08-12 09:42:26,788 [scrapy-playwright] DEBUG: [Context=default] Request: <GET https://img10.naventcdn.com/listado/RPLISv8.317.0-RC2/dropdown_user_not_logged.js> (resource type: script, referrer: https://www.vivanuncios.com.mx/)
2026-08-12 09:42:26,788 [scrapy-playwright] DEBUG: [Context=default] Request: <GET https://img10.naventcdn.com/listado/RPLISv8.317.0-RC2/main_layout_container.js> (resource type: script, referrer: https://www.vivanuncios.com.mx/)
2026-08-12 09:42:26,788 [scrapy-playwright] DEBUG: [Context=default] Request: <GET https://img10.naventcdn.com/listado/RPLISv8.317.0-RC2/main_app.js> (resource type: script, referrer: https://www.vivanuncios.com.mx/)
2026-08-12 09:42:26,788 [scrapy-playwright] DEBUG: [Context=default] Request: <GET https://img10.naventcdn.com/listado/RPLISv8.317.0-RC2/main_provider.js> (resource type: script, referrer: https://www.vivanuncios.com.mx/)
2026-08-12 09:42:26,788 [scrapy-playwright] DEBUG: [Context=default] Request: <GET https://img10.naventcdn.com/listado/RPLISv8.317.0-RC2/listing_view_columns.js> (resource type: script, referrer: https://www.vivanuncios.com.mx/)
2026-08-12 09:42:26,789 [scrapy-playwright] DEBUG: [Context=default] Request: <GET https://img10.naventcdn.com/listado/RPLISv8.317.0-RC2/filters_layout.js> (resource type: script, referrer: https://www.vivanuncios.com.mx/)
2026-08-12 09:42:26,789 [scrapy-playwright] DEBUG: [Context=default] Request: <GET https://img10.naventcdn.com/listado/RPLISv8.317.0-RC2/filters_top.js> (resource type: script, referrer: https://www.vivanuncios.com.mx/)
2026-08-12 09:42:26,789 [scrapy-playwright] DEBUG: [Context=default] Request: <GET https://img10.naventcdn.com/listado/RPLISv8.317.0-RC2/9663.js> (resource type: script, referrer: https://www.vivanuncios.com.mx/)
2026-08-12 09:42:26,789 [scrapy-playwright] DEBUG: [Context=default] Request: <GET https://img10.naventcdn.com/listado/RPLISv8.317.0-RC2/1576.js> (resource type: script, referrer: https://www.vivanuncios.com.mx/)
2026-08-12 09:42:26,789 [scrapy-playwright] DEBUG: [Context=default] Request: <GET https://img10.naventcdn.com/listado/RPLISv8.317.0-RC2/new_locations_render_type.js> (resource type: script, referrer: https://www.vivanuncios.com.mx/)
2026-08-12 09:42:26,790 [scrapy-playwright] DEBUG: [Context=default] Request: <GET https://img10.naventcdn.com/listado/RPLISv8.317.0-RC2/3951.js> (resource type: script, referrer: https://www.vivanuncios.com.mx/)
2026-08-12 09:42:26,790 [scrapy-playwright] DEBUG: [Context=default] Request: <GET https://img10.naventcdn.com/listado/RPLISv8.317.0-RC2/operation_render_type.js> (resource type: script, referrer: https://www.vivanuncios.com.mx/)
2026-08-12 09:42:26,790 [scrapy-playwright] DEBUG: [Context=default] Request: <GET https://img10.naventcdn.com/listado/RPLISv8.317.0-RC2/checkbox_render_type.js> (resource type: script, referrer: https://www.vivanuncios.com.mx/)
2026-08-12 09:42:26,790 [scrapy-playwright] DEBUG: [Context=default] Request: <GET https://img10.naventcdn.com/listado/RPLISv8.317.0-RC2/range_render_type.js> (resource type: script, referrer: https://www.vivanuncios.com.mx/)
2026-08-12 09:42:26,791 [scrapy-playwright] DEBUG: [Context=default] Request: <GET https://img10.naventcdn.com/listado/RPLISv8.317.0-RC2/monetary_render_type.js> (resource type: script, referrer: https://www.vivanuncios.com.mx/)
2026-08-12 09:42:26,791 [scrapy-playwright] DEBUG: [Context=default] Request: <GET https://img10.naventcdn.com/listado/RPLISv8.317.0-RC2/more_filters.js> (resource type: script, referrer: https://www.vivanuncios.com.mx/)
2026-08-12 09:42:26,791 [scrapy-playwright] DEBUG: [Context=default] Request: <GET https://img10.naventcdn.com/listado/RPLISv8.317.0-RC2/list_top_section_desktop.js> (resource type: script, referrer: https://www.vivanuncios.com.mx/)
2026-08-12 09:42:26,791 [scrapy-playwright] DEBUG: [Context=default] Request: <GET https://img10.naventcdn.com/listado/RPLISv8.317.0-RC2/postings_title.js> (resource type: script, referrer: https://www.vivanuncios.com.mx/)
2026-08-12 09:42:26,791 [scrapy-playwright] DEBUG: [Context=default] Request: <GET https://img10.naventcdn.com/listado/RPLISv8.317.0-RC2/create_bookmarks.js> (resource type: script, referrer: https://www.vivanuncios.com.mx/)
2026-08-12 09:42:26,792 [scrapy-playwright] DEBUG: [Context=default] Request: <GET https://img10.naventcdn.com/listado/RPLISv8.317.0-RC2/select_render_type_filter.js> (resource type: script, referrer: https://www.vivanuncios.com.mx/)
2026-08-12 09:42:26,792 [scrapy-playwright] DEBUG: [Context=default] Request: <GET https://img10.naventcdn.com/listado/RPLISv8.317.0-RC2/quick_filters.js> (resource type: script, referrer: https://www.vivanuncios.com.mx/)
2026-08-12 09:42:26,792 [scrapy-playwright] DEBUG: [Context=default] Request: <GET https://img10.naventcdn.com/listado/RPLISv8.317.0-RC2/list_view.js> (resource type: script, referrer: https://www.vivanuncios.com.mx/)
2026-08-12 09:42:26,792 [scrapy-playwright] DEBUG: [Context=default] Request: <GET https://img10.naventcdn.com/listado/RPLISv8.317.0-RC2/6975.js> (resource type: script, referrer: https://www.vivanuncios.com.mx/)
2026-08-12 09:42:26,793 [scrapy-playwright] DEBUG: [Context=default] Request: <GET https://img10.naventcdn.com/listado/RPLISv8.317.0-RC2/3281.js> (resource type: script, referrer: https://www.vivanuncios.com.mx/)
2026-08-12 09:42:26,793 [scrapy-playwright] DEBUG: [Context=default] Request: <GET https://img10.naventcdn.com/listado/RPLISv8.317.0-RC2/682.js> (resource type: script, referrer: https://www.vivanuncios.com.mx/)
2026-08-12 09:42:26,793 [scrapy-playwright] DEBUG: [Context=default] Request: <GET https://img10.naventcdn.com/listado/RPLISv8.317.0-RC2/6731.js> (resource type: script, referrer: https://www.vivanuncios.com.mx/)
2026-08-12 09:42:26,793 [scrapy-playwright] DEBUG: [Context=default] Request: <GET https://img10.naventcdn.com/listado/RPLISv8.317.0-RC2/5968.js> (resource type: script, referrer: https://www.vivanuncios.com.mx/)
2026-08-12 09:42:26,794 [scrapy-playwright] DEBUG: [Context=default] Request: <GET https://img10.naventcdn.com/listado/RPLISv8.317.0-RC2/posting_list_provider.js> (resource type: script, referrer: https://www.vivanuncios.com.mx/)
2026-08-12 09:42:26,794 [scrapy-playwright] DEBUG: [Context=default] Request: <GET https://img10.naventcdn.com/listado/RPLISv8.317.0-RC2/2522.js> (resource type: script, referrer: https://www.vivanuncios.com.mx/)
2026-08-12 09:42:26,795 [scrapy-playwright] DEBUG: [Context=default] Request: <GET https://img10.naventcdn.com/listado/RPLISv8.317.0-RC2/7787.js> (resource type: script, referrer: https://www.vivanuncios.com.mx/)
2026-08-12 09:42:26,795 [scrapy-playwright] DEBUG: [Context=default] Request: <GET https://img10.naventcdn.com/listado/RPLISv8.317.0-RC2/8447.js> (resource type: script, referrer: https://www.vivanuncios.com.mx/)
2026-08-12 09:42:26,796 [scrapy-playwright] DEBUG: [Context=default] Request: <GET https://img10.naventcdn.com/listado/RPLISv8.317.0-RC2/7606.js> (resource type: script, referrer: https://www.vivanuncios.com.mx/)
2026-08-12 09:42:26,796 [scrapy-playwright] DEBUG: [Context=default] Request: <GET https://img10.naventcdn.com/listado/RPLISv8.317.0-RC2/3409.js> (resource type: script, referrer: https://www.vivanuncios.com.mx/)
2026-08-12 09:42:26,796 [scrapy-playwright] DEBUG: [Context=default] Request: <GET https://img10.naventcdn.com/listado/RPLISv8.317.0-RC2/8463.js> (resource type: script, referrer: https://www.vivanuncios.com.mx/)
2026-08-12 09:42:26,796 [scrapy-playwright] DEBUG: [Context=default] Request: <GET https://img10.naventcdn.com/listado/RPLISv8.317.0-RC2/5792.js> (resource type: script, referrer: https://www.vivanuncios.com.mx/)
2026-08-12 09:42:26,797 [scrapy-playwright] DEBUG: [Context=default] Request: <GET https://img10.naventcdn.com/listado/RPLISv8.317.0-RC2/posting_card.js> (resource type: script, referrer: https://www.vivanuncios.com.mx/)
2026-08-12 09:42:26,797 [scrapy-playwright] DEBUG: [Context=default] Request: <GET https://img10.naventcdn.com/listado/RPLISv8.317.0-RC2/posting_gallery_fixed_components.js> (resource type: script, referrer: https://www.vivanuncios.com.mx/)
2026-08-12 09:42:26,798 [scrapy-playwright] DEBUG: [Context=default] Request: <GET https://img10.naventcdn.com/listado/RPLISv8.317.0-RC2/9612.js> (resource type: script, referrer: https://www.vivanuncios.com.mx/)
2026-08-12 09:42:26,798 [scrapy-playwright] DEBUG: [Context=default] Request: <GET https://img10.naventcdn.com/listado/RPLISv8.317.0-RC2/3386.js> (resource type: script, referrer: https://www.vivanuncios.com.mx/)
2026-08-12 09:42:26,798 [scrapy-playwright] DEBUG: [Context=default] Request: <GET https://img10.naventcdn.com/listado/RPLISv8.317.0-RC2/3313.js> (resource type: script, referrer: https://www.vivanuncios.com.mx/)
2026-08-12 09:42:26,799 [scrapy-playwright] DEBUG: [Context=default] Request: <GET https://img10.naventcdn.com/listado/RPLISv8.317.0-RC2/3546.js> (resource type: script, referrer: https://www.vivanuncios.com.mx/)
2026-08-12 09:42:26,799 [scrapy-playwright] DEBUG: [Context=default] Request: <GET https://img10.naventcdn.com/listado/RPLISv8.317.0-RC2/6752.js> (resource type: script, referrer: https://www.vivanuncios.com.mx/)
2026-08-12 09:42:26,800 [scrapy-playwright] DEBUG: [Context=default] Request: <GET https://img10.naventcdn.com/listado/RPLISv8.317.0-RC2/postings_call_to_actions.js> (resource type: script, referrer: https://www.vivanuncios.com.mx/)
2026-08-12 09:42:26,800 [scrapy-playwright] DEBUG: [Context=default] Request: <GET https://img10.naventcdn.com/listado/RPLISv8.317.0-RC2/whatsapp_button.js> (resource type: script, referrer: https://www.vivanuncios.com.mx/)
2026-08-12 09:42:26,801 [scrapy-playwright] DEBUG: [Context=default] Request: <GET https://img10.naventcdn.com/listado/RPLISv8.317.0-RC2/contact_button.js> (resource type: script, referrer: https://www.vivanuncios.com.mx/)
2026-08-12 09:42:26,801 [scrapy-playwright] DEBUG: [Context=default] Request: <GET https://img10.naventcdn.com/listado/RPLISv8.317.0-RC2/recommended_container.js> (resource type: script, referrer: https://www.vivanuncios.com.mx/)
2026-08-12 09:42:26,802 [scrapy-playwright] DEBUG: [Context=default] Request: <GET https://img10.naventcdn.com/listado/RPLISv8.317.0-RC2/map_button.js> (resource type: script, referrer: https://www.vivanuncios.com.mx/)
2026-08-12 09:42:26,802 [scrapy-playwright] DEBUG: [Context=default] Request: <GET https://img10.naventcdn.com/listado/RPLISv8.317.0-RC2/side_column_ads_slots.js> (resource type: script, referrer: https://www.vivanuncios.com.mx/)
2026-08-12 09:42:26,803 [scrapy-playwright] DEBUG: [Context=default] Request: <GET https://img10.naventcdn.com/listado/RPLISv8.317.0-RC2/ads_implementation_router.js> (resource type: script, referrer: https://www.vivanuncios.com.mx/)
2026-08-12 09:42:26,803 [scrapy-playwright] DEBUG: [Context=default] Request: <GET https://img10.naventcdn.com/listado/RPLISv8.317.0-RC2/container_ads_slots.js> (resource type: script, referrer: https://www.vivanuncios.com.mx/)
2026-08-12 09:42:26,803 [scrapy-playwright] DEBUG: [Context=default] Request: <GET https://img10.naventcdn.com/listado/RPLISv8.317.0-RC2/memoized_ads_slots.js> (resource type: script, referrer: https://www.vivanuncios.com.mx/)
2026-08-12 09:42:26,804 [scrapy-playwright] DEBUG: [Context=default] Request: <GET https://img10.naventcdn.com/listado/RPLISv8.317.0-RC2/breadcrumb.js> (resource type: script, referrer: https://www.vivanuncios.com.mx/)
2026-08-12 09:42:26,804 [scrapy-playwright] DEBUG: [Context=default] Request: <GET https://img10.naventcdn.com/listado/RPLISv8.317.0-RC2/paging.js> (resource type: script, referrer: https://www.vivanuncios.com.mx/)
2026-08-12 09:42:26,804 [scrapy-playwright] DEBUG: [Context=default] Request: <GET https://img10.naventcdn.com/listado/RPLISv8.317.0-RC2/apostrophe_component.js> (resource type: script, referrer: https://www.vivanuncios.com.mx/)
2026-08-12 09:42:26,804 [scrapy-playwright] DEBUG: [Context=default] Request: <GET https://img10.naventcdn.com/listado/RPLISv8.317.0-RC2/apostrophe_average_sale_price.js> (resource type: script, referrer: https://www.vivanuncios.com.mx/)
2026-08-12 09:42:26,805 [scrapy-playwright] DEBUG: [Context=default] Request: <GET https://img10.naventcdn.com/listado/RPLISv8.317.0-RC2/apostrophe_sale_range_price.js> (resource type: script, referrer: https://www.vivanuncios.com.mx/)
2026-08-12 09:42:26,805 [scrapy-playwright] DEBUG: [Context=default] Request: <GET https://img10.naventcdn.com/listado/RPLISv8.317.0-RC2/7757.js> (resource type: script, referrer: https://www.vivanuncios.com.mx/)
2026-08-12 09:42:26,805 [scrapy-playwright] DEBUG: [Context=default] Request: <GET https://img10.naventcdn.com/listado/RPLISv8.317.0-RC2/apostrophe_average_bedrooms_price.js> (resource type: script, referrer: https://www.vivanuncios.com.mx/)
2026-08-12 09:42:26,805 [scrapy-playwright] DEBUG: [Context=default] Request: <GET https://img10.naventcdn.com/listado/RPLISv8.317.0-RC2/5227.js> (resource type: script, referrer: https://www.vivanuncios.com.mx/)
2026-08-12 09:42:26,806 [scrapy-playwright] DEBUG: [Context=default] Request: <GET https://img10.naventcdn.com/listado/RPLISv8.317.0-RC2/cookies_policy_banner.js> (resource type: script, referrer: https://www.vivanuncios.com.mx/)
2026-08-12 09:42:26,806 [scrapy-playwright] DEBUG: [Context=default] Request: <GET https://www.googletagmanager.com/gtm.js?id=GTM-MC2DBQN> (resource type: script, referrer: https://www.vivanuncios.com.mx/)
2026-08-12 09:42:26,806 [scrapy-playwright] DEBUG: [Context=default] Response: <200 https://img10.naventcdn.com/listado/RPLISv8.317.0-RC2/images/icon-x-white.b1b5e018.svg>
2026-08-12 09:42:26,807 [scrapy-playwright] DEBUG: [Context=default] Response: <200 https://img10.naventcdn.com/listado/RPLISv8.317.0-RC2/images/icon-search-black.ee46020a.svg>
2026-08-12 09:42:26,808 [scrapy-playwright] DEBUG: [Context=default] Request: <GET https://img10.naventcdn.com/listado/RPLISv8.317.0-RC2/images/premier.ff39caf6.svg> (resource type: image, referrer: https://www.vivanuncios.com.mx/)
2026-08-12 09:42:26,808 [scrapy-playwright] DEBUG: [Context=default] Request: <GET https://img10.naventcdn.com/empresas/18/00/51/05/27/29/130x70/logo_century-21-excellence_1785785036942.jpg> (resource type: image, referrer: https://www.vivanuncios.com.mx/)
2026-08-12 09:42:26,808 [scrapy-playwright] DEBUG: [Context=default] Request: <GET https://img10.naventcdn.com/avisos/18/01/50/56/19/92/360x266/1620849341.jpg?rapc=bXZhX2ltYWdl?isFirstImage=true> (resource type: image, referrer: https://www.vivanuncios.com.mx/)
2026-08-12 09:42:26,809 [scrapy-playwright] DEBUG: [Context=default] Request: <GET https://img10.naventcdn.com/avisos/18/01/48/21/02/96/360x266/1572588705.jpg?rapc=bXZhX2ltYWdl?isFirstImage=true> (resource type: image, referrer: https://www.vivanuncios.com.mx/)
2026-08-12 09:42:26,809 [scrapy-playwright] DEBUG: [Context=default] Request: <GET https://img10.naventcdn.com/empresas/18/00/50/23/09/15/130x70/logo_w-real-estate_1717646762663.jpg> (resource type: image, referrer: https://www.vivanuncios.com.mx/)
2026-08-12 09:42:26,809 [scrapy-playwright] DEBUG: [Context=default] Request: <GET https://img10.naventcdn.com/avisos/18/01/50/36/63/99/360x266/1616678005.jpg?rapc=bXZhX2ltYWdl?isFirstImage=true> (resource type: image, referrer: https://www.vivanuncios.com.mx/)
2026-08-12 09:42:26,810 [scrapy-playwright] DEBUG: [Context=default] Request: <GET https://img10.naventcdn.com/avisos/18/01/50/55/88/03/360x266/1620785265.jpg?rapc=bXZhX2ltYWdl?isFirstImage=true> (resource type: image, referrer: https://www.vivanuncios.com.mx/)
2026-08-12 09:42:26,810 [scrapy-playwright] DEBUG: [Context=default] Request: <GET https://img10.naventcdn.com/avisos/18/01/50/51/46/98/360x266/1619935517.jpg?rapc=bXZhX2ltYWdl?isFirstImage=true> (resource type: image, referrer: https://www.vivanuncios.com.mx/)
2026-08-12 09:42:26,810 [scrapy-playwright] DEBUG: [Context=default] Request: <GET https://img10.naventcdn.com/avisos/18/01/49/42/81/57/360x266/1597206452.jpg?rapc=bXZhX2ltYWdl?isFirstImage=true> (resource type: image, referrer: https://www.vivanuncios.com.mx/)
2026-08-12 09:42:26,811 [scrapy-playwright] DEBUG: [Context=default] Request: <GET https://img10.naventcdn.com/avisos/18/01/49/42/81/25/360x266/1597205718.jpg?rapc=bXZhX2ltYWdl?isFirstImage=true> (resource type: image, referrer: https://www.vivanuncios.com.mx/)
2026-08-12 09:42:26,811 [scrapy-playwright] DEBUG: [Context=default] Request: <GET https://img10.naventcdn.com/avisos/18/01/49/42/81/35/360x266/1597205898.jpg?rapc=bXZhX2ltYWdl?isFirstImage=true> (resource type: image, referrer: https://www.vivanuncios.com.mx/)
2026-08-12 09:42:26,812 [scrapy-playwright] DEBUG: [Context=default] Request: <GET https://img10.naventcdn.com/avisos/18/01/49/42/81/50/360x266/1597206287.jpg?rapc=bXZhX2ltYWdl?isFirstImage=true> (resource type: image, referrer: https://www.vivanuncios.com.mx/)
2026-08-12 09:42:26,812 [scrapy-playwright] DEBUG: [Context=default] Request: <GET https://img10.naventcdn.com/avisos/18/01/49/99/47/70/360x266/1609118114.jpg?rapc=bXZhX2ltYWdl?isFirstImage=true> (resource type: image, referrer: https://www.vivanuncios.com.mx/)
2026-08-12 09:42:26,813 [scrapy-playwright] DEBUG: [Context=default] Request: <GET https://img10.naventcdn.com/listado/RPLISv8.317.0-RC2/images/mexico-vamx.0f7e4912.png> (resource type: image, referrer: https://www.vivanuncios.com.mx/)
2026-08-12 09:42:26,814 [scrapy-playwright] DEBUG: [Context=default] Request: <GET https://www.vivanuncios.com.mx/cdn-cgi/challenge-platform/scripts/jsd/main.js> (resource type: script)
2026-08-12 09:42:26,819 [scrapy-playwright] DEBUG: [Context=default] Response: <200 https://img10.naventcdn.com/listado/RPLISv8.317.0-RC2/images/brand-refresh-header-vivanuncios.4255c6b4.svg>
2026-08-12 09:42:26,819 [scrapy-playwright] DEBUG: [Context=default] Response: <200 https://img10.naventcdn.com/listado/RPLISv8.317.0-RC2/images/vectorBlue.3a5fdd13.svg>
2026-08-12 09:42:26,820 [scrapy-playwright] DEBUG: [Context=default] Response: <200 https://img10.naventcdn.com/listado/RPLISv8.317.0-RC2/react-dom.js>
2026-08-12 09:42:26,842 [scrapy-playwright] DEBUG: [Context=default] Response: <200 https://img10.naventcdn.com/listado/RPLISv8.317.0-RC2/images/chevron-down-black2.8252f7ce.svg>
2026-08-12 09:42:26,848 [scrapy-playwright] DEBUG: [Context=default] Response: <302 https://www.vivanuncios.com.mx/cdn-cgi/challenge-platform/scripts/jsd/main.js> (location: /cdn-cgi/challenge-platform/h/g/scripts/jsd/aae2b9a1c261/main.js?)
2026-08-12 09:42:26,854 [scrapy-playwright] DEBUG: [Context=default] Response: <200 https://img10.naventcdn.com/listado/RPLISv8.317.0-RC2/2092.js>
2026-08-12 09:42:26,855 [scrapy-playwright] DEBUG: [Context=default] Response: <200 https://img10.naventcdn.com/listado/RPLISv8.317.0-RC2/site_modal_provider.js>
2026-08-12 09:42:26,855 [scrapy-playwright] DEBUG: [Context=default] Response: <200 https://img10.naventcdn.com/listado/RPLISv8.317.0-RC2/header_app.js>
2026-08-12 09:42:26,856 [scrapy-playwright] DEBUG: [Context=default] Response: <200 https://img10.naventcdn.com/listado/RPLISv8.317.0-RC2/header_content.js>
2026-08-12 09:42:26,856 [scrapy-playwright] DEBUG: [Context=default] Response: <200 https://img10.naventcdn.com/listado/RPLISv8.317.0-RC2/2996.js>
2026-08-12 09:42:26,856 [scrapy-playwright] DEBUG: [Context=default] Response: <200 https://img10.naventcdn.com/listado/RPLISv8.317.0-RC2/6545.js>
2026-08-12 09:42:26,856 [scrapy-playwright] DEBUG: [Context=default] Response: <200 https://img10.naventcdn.com/listado/RPLISv8.317.0-RC2/main.js>
2026-08-12 09:42:26,857 [scrapy-playwright] DEBUG: [Context=default] Response: <200 https://img10.naventcdn.com/listado/RPLISv8.317.0-RC2/images/updown.487f1160.svg>
2026-08-12 09:42:26,858 [scrapy-playwright] DEBUG: [Context=default] Response: <200 https://img10.naventcdn.com/listado/RPLISv8.317.0-RC2/images/icon-more-filters.af5473e4.svg>
2026-08-12 09:42:26,858 [scrapy-playwright] DEBUG: [Context=default] Response: <200 https://img10.naventcdn.com/avisos/18/01/50/56/19/92/360x266/1620849341.jpg?rapc=bXZhX2ltYWdl?isFirstImage=true>
2026-08-12 09:42:26,858 [scrapy-playwright] DEBUG: [Context=default] Response: <200 https://img10.naventcdn.com/avisos/18/01/48/21/02/96/360x266/1572588705.jpg?rapc=bXZhX2ltYWdl?isFirstImage=true>
2026-08-12 09:42:26,858 [scrapy-playwright] DEBUG: [Context=default] Response: <200 https://img10.naventcdn.com/listado/RPLISv8.317.0-RC2/site_provider.js>
2026-08-12 09:42:26,858 [scrapy-playwright] DEBUG: [Context=default] Response: <200 https://img10.naventcdn.com/listado/RPLISv8.317.0-RC2/header_desktop.js>
2026-08-12 09:42:26,858 [scrapy-playwright] DEBUG: [Context=default] Response: <200 https://img10.naventcdn.com/listado/RPLISv8.317.0-RC2/7183.js>
2026-08-12 09:42:26,858 [scrapy-playwright] DEBUG: [Context=default] Response: <200 https://img10.naventcdn.com/listado/RPLISv8.317.0-RC2/9624.js>
2026-08-12 09:42:26,871 [scrapy-playwright] DEBUG: [Context=default] Response: <200 https://img10.naventcdn.com/listado/RPLISv8.317.0-RC2/images/chevron-down.9f9f3010.svg>
2026-08-12 09:42:26,871 [scrapy-playwright] DEBUG: [Context=default] Response: <200 https://img10.naventcdn.com/listado/RPLISv8.317.0-RC2/images/icon_promedio.0032e4b7.svg>
2026-08-12 09:42:26,871 [scrapy-playwright] DEBUG: [Context=default] Response: <200 https://img10.naventcdn.com/listado/RPLISv8.317.0-RC2/images/vectorStroke.7120d1f1.svg>
2026-08-12 09:42:26,871 [scrapy-playwright] DEBUG: [Context=default] Response: <200 https://img10.naventcdn.com/listado/RPLISv8.317.0-RC2/images/arrow.a8a0125f.svg>
2026-08-12 09:42:26,871 [scrapy-playwright] DEBUG: [Context=default] Response: <200 https://img10.naventcdn.com/listado/RPLISv8.317.0-RC2/images/chat_bubble.c941ee77.svg>
2026-08-12 09:42:26,872 [scrapy-playwright] DEBUG: [Context=default] Response: <200 https://img10.naventcdn.com/listado/RPLISv8.317.0-RC2/images/icon_rango.3092f869.svg>
2026-08-12 09:42:26,872 [scrapy-playwright] DEBUG: [Context=default] Response: <200 https://img10.naventcdn.com/listado/RPLISv8.317.0-RC2/images/icon_promedio_num.f53bbc55.svg>
2026-08-12 09:42:26,872 [scrapy-playwright] DEBUG: [Context=default] Response: <200 https://img10.naventcdn.com/listado/RPLISv8.317.0-RC2/images/vector_vertical.6914ab7b.svg>
2026-08-12 09:42:26,875 [scrapy-playwright] DEBUG: [Context=default] Response: <200 https://img10.naventcdn.com/avisos/18/01/50/36/63/99/360x266/1616678005.jpg?rapc=bXZhX2ltYWdl?isFirstImage=true>
2026-08-12 09:42:26,875 [scrapy-playwright] DEBUG: [Context=default] Response: <200 https://img10.naventcdn.com/avisos/18/01/50/55/88/03/360x266/1620785265.jpg?rapc=bXZhX2ltYWdl?isFirstImage=true>
2026-08-12 09:42:26,875 [scrapy-playwright] DEBUG: [Context=default] Response: <200 https://img10.naventcdn.com/listado/RPLISv8.317.0-RC2/libphonenumber.js>
2026-08-12 09:42:26,875 [scrapy-playwright] DEBUG: [Context=default] Response: <200 https://img10.naventcdn.com/listado/RPLISv8.317.0-RC2/fintech_block.js>
2026-08-12 09:42:26,875 [scrapy-playwright] DEBUG: [Context=default] Response: <200 https://img10.naventcdn.com/listado/RPLISv8.317.0-RC2/942.js>
2026-08-12 09:42:26,875 [scrapy-playwright] DEBUG: [Context=default] Response: <200 https://img10.naventcdn.com/listado/RPLISv8.317.0-RC2/login_button.js>
2026-08-12 09:42:26,875 [scrapy-playwright] DEBUG: [Context=default] Response: <200 https://img10.naventcdn.com/listado/RPLISv8.317.0-RC2/dropdown_user_not_logged.js>
2026-08-12 09:42:26,889 [scrapy-playwright] DEBUG: [Context=default] Response: <200 https://img10.naventcdn.com/avisos/18/01/50/51/46/98/360x266/1619935517.jpg?rapc=bXZhX2ltYWdl?isFirstImage=true>
2026-08-12 09:42:26,889 [scrapy-playwright] DEBUG: [Context=default] Response: <200 https://img10.naventcdn.com/avisos/18/01/49/42/81/25/360x266/1597205718.jpg?rapc=bXZhX2ltYWdl?isFirstImage=true>
2026-08-12 09:42:26,897 [scrapy-playwright] DEBUG: [Context=default] Response: <200 https://img10.naventcdn.com/avisos/18/01/49/42/81/57/360x266/1597206452.jpg?rapc=bXZhX2ltYWdl?isFirstImage=true>
2026-08-12 09:42:26,898 [scrapy-playwright] DEBUG: [Context=default] Response: <200 https://img10.naventcdn.com/listado/RPLISv8.317.0-RC2/listing_view_columns.js>
2026-08-12 09:42:26,898 [scrapy-playwright] DEBUG: [Context=default] Response: <200 https://img10.naventcdn.com/listado/RPLISv8.317.0-RC2/operation_nav_desktop.js>
2026-08-12 09:42:26,898 [scrapy-playwright] DEBUG: [Context=default] Response: <200 https://img10.naventcdn.com/listado/RPLISv8.317.0-RC2/publish_button.js>
2026-08-12 09:42:26,902 [scrapy-playwright] DEBUG: [Context=default] Request: <GET https://www.vivanuncios.com.mx/cdn-cgi/challenge-platform/h/g/scripts/jsd/aae2b9a1c261/main.js?> (resource type: script)
2026-08-12 09:42:26,908 [scrapy-playwright] DEBUG: [Context=default] Response: <200 https://img10.naventcdn.com/listado/RPLISv8.317.0-RC2/main_app.js>
2026-08-12 09:42:26,910 [scrapy-playwright] DEBUG: [Context=default] Response: <200 https://img10.naventcdn.com/listado/RPLISv8.317.0-RC2/filters_top.js>
2026-08-12 09:42:26,910 [scrapy-playwright] DEBUG: [Context=default] Response: <200 https://img10.naventcdn.com/listado/RPLISv8.317.0-RC2/7972.js>
2026-08-12 09:42:26,910 [scrapy-playwright] DEBUG: [Context=default] Response: <200 https://img10.naventcdn.com/listado/RPLISv8.317.0-RC2/main_provider.js>
2026-08-12 09:42:26,910 [scrapy-playwright] DEBUG: [Context=default] Response: <200 https://img10.naventcdn.com/listado/RPLISv8.317.0-RC2/9663.js>
2026-08-12 09:42:26,910 [scrapy-playwright] DEBUG: [Context=default] Response: <200 https://img10.naventcdn.com/listado/RPLISv8.317.0-RC2/nav_menu.js>
2026-08-12 09:42:26,910 [scrapy-playwright] DEBUG: [Context=default] Response: <200 https://img10.naventcdn.com/listado/RPLISv8.317.0-RC2/filters_layout.js>
2026-08-12 09:42:26,910 [scrapy-playwright] DEBUG: [Context=default] Response: <200 https://img10.naventcdn.com/listado/RPLISv8.317.0-RC2/1576.js>
2026-08-12 09:42:26,910 [scrapy-playwright] DEBUG: [Context=default] Response: <200 https://img10.naventcdn.com/listado/RPLISv8.317.0-RC2/new_locations_render_type.js>
2026-08-12 09:42:26,911 [scrapy-playwright] DEBUG: [Context=default] Response: <200 https://www.vivanuncios.com.mx/cdn-cgi/challenge-platform/h/g/scripts/jsd/aae2b9a1c261/main.js?>
2026-08-12 09:42:26,911 [scrapy-playwright] DEBUG: [Context=default] Response: <200 https://img10.naventcdn.com/listado/RPLISv8.317.0-RC2/main_layout_container.js>
2026-08-12 09:42:26,911 [scrapy-playwright] DEBUG: [Context=default] Response: <200 https://img10.naventcdn.com/listado/RPLISv8.317.0-RC2/checkbox_render_type.js>
2026-08-12 09:42:26,911 [scrapy-playwright] DEBUG: [Context=default] Response: <200 https://img10.naventcdn.com/listado/RPLISv8.317.0-RC2/operation_render_type.js>
2026-08-12 09:42:26,911 [scrapy-playwright] DEBUG: [Context=default] Response: <200 https://img10.naventcdn.com/listado/RPLISv8.317.0-RC2/range_render_type.js>
2026-08-12 09:42:26,911 [scrapy-playwright] DEBUG: [Context=default] Response: <200 https://img10.naventcdn.com/listado/RPLISv8.317.0-RC2/3951.js>
2026-08-12 09:42:26,911 [scrapy-playwright] DEBUG: [Context=default] Response: <200 https://img10.naventcdn.com/listado/RPLISv8.317.0-RC2/monetary_render_type.js>
2026-08-12 09:42:26,911 [scrapy-playwright] DEBUG: [Context=default] Response: <200 https://img10.naventcdn.com/listado/RPLISv8.317.0-RC2/more_filters.js>
2026-08-12 09:42:26,911 [scrapy-playwright] DEBUG: [Context=default] Response: <200 https://img10.naventcdn.com/listado/RPLISv8.317.0-RC2/list_top_section_desktop.js>
2026-08-12 09:42:26,911 [scrapy-playwright] DEBUG: [Context=default] Response: <200 https://img10.naventcdn.com/listado/RPLISv8.317.0-RC2/create_bookmarks.js>
2026-08-12 09:42:26,911 [scrapy-playwright] DEBUG: [Context=default] Response: <200 https://img10.naventcdn.com/listado/RPLISv8.317.0-RC2/select_render_type_filter.js>
2026-08-12 09:42:26,912 [scrapy-playwright] DEBUG: [Context=default] Response: <200 https://img10.naventcdn.com/listado/RPLISv8.317.0-RC2/quick_filters.js>
2026-08-12 09:42:26,912 [scrapy-playwright] DEBUG: [Context=default] Response: <200 https://img10.naventcdn.com/listado/RPLISv8.317.0-RC2/list_view.js>
2026-08-12 09:42:26,912 [scrapy-playwright] DEBUG: [Context=default] Response: <200 https://img10.naventcdn.com/listado/RPLISv8.317.0-RC2/6975.js>
2026-08-12 09:42:26,912 [scrapy-playwright] DEBUG: [Context=default] Response: <200 https://img10.naventcdn.com/listado/RPLISv8.317.0-RC2/3281.js>
2026-08-12 09:42:26,912 [scrapy-playwright] DEBUG: [Context=default] Response: <200 https://img10.naventcdn.com/listado/RPLISv8.317.0-RC2/682.js>
2026-08-12 09:42:26,912 [scrapy-playwright] DEBUG: [Context=default] Response: <200 https://img10.naventcdn.com/listado/RPLISv8.317.0-RC2/6731.js>
2026-08-12 09:42:26,912 [scrapy-playwright] DEBUG: [Context=default] Response: <200 https://img10.naventcdn.com/listado/RPLISv8.317.0-RC2/5968.js>
2026-08-12 09:42:26,912 [scrapy-playwright] DEBUG: [Context=default] Response: <200 https://img10.naventcdn.com/listado/RPLISv8.317.0-RC2/posting_list_provider.js>
2026-08-12 09:42:26,912 [scrapy-playwright] DEBUG: [Context=default] Response: <200 https://img10.naventcdn.com/listado/RPLISv8.317.0-RC2/postings_title.js>
2026-08-12 09:42:26,912 [scrapy-playwright] DEBUG: [Context=default] Response: <200 https://img10.naventcdn.com/listado/RPLISv8.317.0-RC2/2522.js>
2026-08-12 09:42:26,912 [scrapy-playwright] DEBUG: [Context=default] Response: <200 https://img10.naventcdn.com/listado/RPLISv8.317.0-RC2/images/mexico-vamx.0f7e4912.png>
2026-08-12 09:42:26,912 [scrapy-playwright] DEBUG: [Context=default] Response: <200 https://img10.naventcdn.com/empresas/18/00/51/05/27/29/130x70/logo_century-21-excellence_1785785036942.jpg>
2026-08-12 09:42:26,912 [scrapy-playwright] DEBUG: [Context=default] Response: <200 https://img10.naventcdn.com/listado/RPLISv8.317.0-RC2/7787.js>
2026-08-12 09:42:26,913 [scrapy-playwright] DEBUG: [Context=default] Response: <200 https://img10.naventcdn.com/listado/RPLISv8.317.0-RC2/8447.js>
2026-08-12 09:42:26,913 [scrapy-playwright] DEBUG: [Context=default] Response: <200 https://img10.naventcdn.com/listado/RPLISv8.317.0-RC2/7606.js>
2026-08-12 09:42:26,913 [scrapy-playwright] DEBUG: [Context=default] Response: <200 https://img10.naventcdn.com/listado/RPLISv8.317.0-RC2/3409.js>
2026-08-12 09:42:26,913 [scrapy-playwright] DEBUG: [Context=default] Response: <200 https://img10.naventcdn.com/listado/RPLISv8.317.0-RC2/8463.js>
2026-08-12 09:42:26,913 [scrapy-playwright] DEBUG: [Context=default] Response: <200 https://img10.naventcdn.com/listado/RPLISv8.317.0-RC2/5792.js>
2026-08-12 09:42:26,913 [scrapy-playwright] DEBUG: [Context=default] Response: <200 https://img10.naventcdn.com/listado/RPLISv8.317.0-RC2/posting_card.js>
2026-08-12 09:42:27,604 [scrapy-playwright] DEBUG: [Context=default] Response: <200 https://www.vivanuncios.com.mx/a-venta-casa/fraccionamiento-diamante-reliz/casa-en-venta-fracc-monte-caleres/149315625>
2026-08-12 09:42:27,607 [scrapy-playwright] DEBUG: [Context=default] Response: <301 https://www.vivanuncios.com.mx/s-venta-inmuebles/chihuahua/v1c1097l1005p2?sort=most_lowered_price> (location: https://www.vivanuncios.com.mx/s-venta-inmuebles/chihuahua/v1c1097l1005p1?sort=most_lowered_price)
2026-08-12 09:42:27,610 [scrapy-playwright] DEBUG: [Context=default] Request: <GET https://img10.naventcdn.com/avisos/resize/18/01/49/31/56/19/1200x1200/1594934860.jpg?rapc=bXZhX2ltYWdl?isFirstImage=true> (resource type: image, referrer: https://www.vivanuncios.com.mx/)
2026-08-12 09:42:27,610 [scrapy-playwright] DEBUG: [Context=default] Request: <GET https://img10.naventcdn.com/avisos/18/01/49/31/56/19/360x266/1594934875.jpg?rapc=bXZhX2ltYWdl> (resource type: image, referrer: https://www.vivanuncios.com.mx/)
2026-08-12 09:42:27,611 [scrapy-playwright] DEBUG: [Context=default] Request: <GET https://img10.naventcdn.com/avisos/18/01/49/31/56/19/360x266/1594934864.jpg?rapc=bXZhX2ltYWdl> (resource type: image, referrer: https://www.vivanuncios.com.mx/)
2026-08-12 09:42:27,611 [scrapy-playwright] DEBUG: [Context=default] Request: <GET https://img10.naventcdn.com/avisos/18/01/49/31/56/19/360x266/1594934871.jpg?rapc=bXZhX2ltYWdl> (resource type: image, referrer: https://www.vivanuncios.com.mx/)
2026-08-12 09:42:27,612 [scrapy-playwright] DEBUG: [Context=default] Request: <GET https://img10.naventcdn.com/avisos/18/01/49/31/56/19/360x266/1594934862.jpg?rapc=bXZhX2ltYWdl> (resource type: image, referrer: https://www.vivanuncios.com.mx/)
2026-08-12 09:42:27,612 [scrapy-playwright] DEBUG: [Context=default] Request: <GET https://img10.naventcdn.com/ficha/RPFICv5.427.0-RC3/images/logo-r-vivanuncios.svg> (resource type: image, referrer: https://www.vivanuncios.com.mx/a-venta-casa/fraccionamiento-diamante-reliz/casa-en-venta-fracc-monte-caleres/149315625)
2026-08-12 09:42:27,613 [scrapy-playwright] DEBUG: [Context=default] Request: <GET https://static.cloudflareinsights.com/beacon.min.js/v4513226cdae34746b4dedf0b4dfa099e1781791509496> (resource type: script, referrer: https://www.vivanuncios.com.mx/a-venta-casa/fraccionamiento-diamante-reliz/casa-en-venta-fracc-monte-caleres/149315625)
2026-08-12 09:42:27,623 [scrapy-playwright] DEBUG: [Context=default] Request: <GET https://storage.googleapis.com/ssx-api-content-public/VAMX/Creditaria/ICONO%20CREDITARIA.png> (resource type: image, referrer: https://www.vivanuncios.com.mx/a-venta-casa/fraccionamiento-diamante-reliz/casa-en-venta-fracc-monte-caleres/149315625)
2026-08-12 09:42:27,624 [scrapy-playwright] DEBUG: [Context=default] Request: <GET https://storage.googleapis.com/guarantee-mails/api-content/arrow-right.png> (resource type: image, referrer: https://www.vivanuncios.com.mx/a-venta-casa/fraccionamiento-diamante-reliz/casa-en-venta-fracc-monte-caleres/149315625)
2026-08-12 09:42:27,624 [scrapy-playwright] DEBUG: [Context=default] Request: <GET https://storage.googleapis.com/ssx-api-content-public/VAMX/Creditaria/ICONO%20CREDITARIA%20WHITE.png> (resource type: image, referrer: https://www.vivanuncios.com.mx/a-venta-casa/fraccionamiento-diamante-reliz/casa-en-venta-fracc-monte-caleres/149315625)
2026-08-12 09:42:27,625 [scrapy-playwright] DEBUG: [Context=default] Request: <GET https://img10.naventcdn.com/ficha/RPFICv5.427.0-RC3/images/no-location-map.png> (resource type: image, referrer: https://www.vivanuncios.com.mx/a-venta-casa/fraccionamiento-diamante-reliz/casa-en-venta-fracc-monte-caleres/149315625)
2026-08-12 09:42:27,627 [scrapy-playwright] DEBUG: [Context=default] Request: <GET https://img10.naventcdn.com/ficha/RPFICv5.427.0-RC3/images/chevron_down.svg> (resource type: image, referrer: https://www.vivanuncios.com.mx/a-venta-casa/fraccionamiento-diamante-reliz/casa-en-venta-fracc-monte-caleres/149315625)
2026-08-12 09:42:27,628 [scrapy-playwright] DEBUG: [Context=default] Request: <GET https://img10.naventcdn.com/ficha/RPFICv5.427.0-RC3/mainapp.f05aaf.js> (resource type: script, referrer: https://www.vivanuncios.com.mx/a-venta-casa/fraccionamiento-diamante-reliz/casa-en-venta-fracc-monte-caleres/149315625)
2026-08-12 09:42:27,629 [scrapy-playwright] DEBUG: [Context=default] Request: <GET https://img10.naventcdn.com/ficha/RPFICv5.427.0-RC3/libs.50b4d7.js> (resource type: script, referrer: https://www.vivanuncios.com.mx/a-venta-casa/fraccionamiento-diamante-reliz/casa-en-venta-fracc-monte-caleres/149315625)
2026-08-12 09:42:27,630 [scrapy-playwright] DEBUG: [Context=default] Request: <GET https://img10.naventcdn.com/ficha/RPFICv5.427.0-RC3/react-libs.917c9a.js> (resource type: script, referrer: https://www.vivanuncios.com.mx/a-venta-casa/fraccionamiento-diamante-reliz/casa-en-venta-fracc-monte-caleres/149315625)
2026-08-12 09:42:27,631 [scrapy-playwright] DEBUG: [Context=default] Request: <GET https://img10.naventcdn.com/ficha/RPFICv5.427.0-RC3/runtime.d41d8c.js> (resource type: script, referrer: https://www.vivanuncios.com.mx/a-venta-casa/fraccionamiento-diamante-reliz/casa-en-venta-fracc-monte-caleres/149315625)
2026-08-12 09:42:27,632 [scrapy-playwright] DEBUG: [Context=default] Request: <GET https://accounts.google.com/gsi/client> (resource type: script, referrer: https://www.vivanuncios.com.mx/a-venta-casa/fraccionamiento-diamante-reliz/casa-en-venta-fracc-monte-caleres/149315625)
2026-08-12 09:42:27,633 [scrapy-playwright] DEBUG: [Context=default] Request: <GET https://www.googletagmanager.com/gtm.js?id=GTM-MC2DBQN> (resource type: script, referrer: https://www.vivanuncios.com.mx/a-venta-casa/fraccionamiento-diamante-reliz/casa-en-venta-fracc-monte-caleres/149315625)
2026-08-12 09:42:27,650 [scrapy-playwright] DEBUG: [Context=default] Response: <200 https://img10.naventcdn.com/avisos/18/01/49/42/81/35/360x266/1597205898.jpg?rapc=bXZhX2ltYWdl?isFirstImage=true>
2026-08-12 09:42:27,650 [scrapy-playwright] DEBUG: [Context=default] Response: <200 https://img10.naventcdn.com/avisos/18/01/49/99/47/70/360x266/1609118114.jpg?rapc=bXZhX2ltYWdl?isFirstImage=true>
2026-08-12 09:42:27,651 [scrapy-playwright] DEBUG: [Context=default] Response: <200 https://img10.naventcdn.com/empresas/18/00/50/23/09/15/130x70/logo_w-real-estate_1717646762663.jpg>
2026-08-12 09:42:27,651 [scrapy-playwright] DEBUG: [Context=default] Request: <POST https://www.vivanuncios.com.mx/cdn-cgi/challenge-platform/h/g/jsd/oneshot/aae2b9a1c261/0.5146932117011116:1786546835:StkEKgBXLEvCdI03SLlp2zYcedWuj5LWP0r1YiGUTaY/a2a097080895c8bf> (resource type: xhr)
2026-08-12 09:42:27,651 [scrapy-playwright] DEBUG: [Context=default] Response: <200 https://img10.naventcdn.com/avisos/18/01/49/42/81/50/360x266/1597206287.jpg?rapc=bXZhX2ltYWdl?isFirstImage=true>
2026-08-12 09:42:27,651 [scrapy-playwright] DEBUG: [Context=default] Response: <200 https://img10.naventcdn.com/listado/RPLISv8.317.0-RC2/images/premier.ff39caf6.svg>
2026-08-12 09:42:27,651 [scrapy-playwright] DEBUG: [Context=default] Response: <200 https://img10.naventcdn.com/listado/RPLISv8.317.0-RC2/9612.js>
2026-08-12 09:42:27,654 [scrapy-playwright] DEBUG: [Context=default] Response: <200 https://img10.naventcdn.com/listado/RPLISv8.317.0-RC2/3313.js>
2026-08-12 09:42:27,654 [scrapy-playwright] DEBUG: [Context=default] Response: <200 https://img10.naventcdn.com/listado/RPLISv8.317.0-RC2/3386.js>
2026-08-12 09:42:27,654 [scrapy-playwright] DEBUG: [Context=default] Response: <200 https://img10.naventcdn.com/listado/RPLISv8.317.0-RC2/3546.js>
2026-08-12 09:42:27,655 [scrapy-playwright] DEBUG: [Context=default] Response: <200 https://img10.naventcdn.com/listado/RPLISv8.317.0-RC2/whatsapp_button.js>
2026-08-12 09:42:27,655 [scrapy-playwright] DEBUG: [Context=default] Response: <200 https://img10.naventcdn.com/listado/RPLISv8.317.0-RC2/postings_call_to_actions.js>
2026-08-12 09:42:27,655 [scrapy-playwright] DEBUG: [Context=default] Response: <200 https://img10.naventcdn.com/listado/RPLISv8.317.0-RC2/contact_button.js>
2026-08-12 09:42:27,655 [scrapy-playwright] DEBUG: [Context=default] Response: <200 https://img10.naventcdn.com/listado/RPLISv8.317.0-RC2/6752.js>
2026-08-12 09:42:27,655 [scrapy-playwright] DEBUG: [Context=default] Response: <200 https://img10.naventcdn.com/listado/RPLISv8.317.0-RC2/recommended_container.js>
2026-08-12 09:42:27,655 [scrapy-playwright] DEBUG: [Context=default] Response: <200 https://img10.naventcdn.com/listado/RPLISv8.317.0-RC2/map_button.js>
2026-08-12 09:42:27,655 [scrapy-playwright] DEBUG: [Context=default] Response: <200 https://img10.naventcdn.com/listado/RPLISv8.317.0-RC2/side_column_ads_slots.js>
2026-08-12 09:42:27,655 [scrapy-playwright] DEBUG: [Context=default] Response: <200 https://img10.naventcdn.com/listado/RPLISv8.317.0-RC2/ads_implementation_router.js>
2026-08-12 09:42:27,655 [scrapy-playwright] DEBUG: [Context=default] Response: <200 https://img10.naventcdn.com/listado/RPLISv8.317.0-RC2/memoized_ads_slots.js>
2026-08-12 09:42:27,655 [scrapy-playwright] DEBUG: [Context=default] Response: <200 https://img10.naventcdn.com/listado/RPLISv8.317.0-RC2/breadcrumb.js>
2026-08-12 09:42:27,655 [scrapy-playwright] DEBUG: [Context=default] Response: <200 https://img10.naventcdn.com/listado/RPLISv8.317.0-RC2/container_ads_slots.js>
2026-08-12 09:42:27,656 [scrapy-playwright] DEBUG: [Context=default] Response: <200 https://img10.naventcdn.com/listado/RPLISv8.317.0-RC2/apostrophe_average_sale_price.js>
2026-08-12 09:42:27,656 [scrapy-playwright] DEBUG: [Context=default] Response: <200 https://img10.naventcdn.com/listado/RPLISv8.317.0-RC2/paging.js>
2026-08-12 09:42:27,656 [scrapy-playwright] DEBUG: [Context=default] Response: <200 https://img10.naventcdn.com/listado/RPLISv8.317.0-RC2/apostrophe_sale_range_price.js>
2026-08-12 09:42:27,656 [scrapy-playwright] DEBUG: [Context=default] Response: <200 https://img10.naventcdn.com/listado/RPLISv8.317.0-RC2/apostrophe_component.js>
2026-08-12 09:42:27,656 [scrapy-playwright] DEBUG: [Context=default] Response: <200 https://img10.naventcdn.com/listado/RPLISv8.317.0-RC2/apostrophe_average_bedrooms_price.js>
2026-08-12 09:42:27,656 [scrapy-playwright] DEBUG: [Context=default] Response: <200 https://img10.naventcdn.com/listado/RPLISv8.317.0-RC2/5227.js>
2026-08-12 09:42:27,656 [scrapy-playwright] DEBUG: [Context=default] Response: <200 https://img10.naventcdn.com/listado/RPLISv8.317.0-RC2/7757.js>
2026-08-12 09:42:27,656 [scrapy-playwright] DEBUG: [Context=default] Response: <200 https://img10.naventcdn.com/listado/RPLISv8.317.0-RC2/posting_gallery_fixed_components.js>
2026-08-12 09:42:27,656 [scrapy-playwright] DEBUG: [Context=default] Response: <200 https://img10.naventcdn.com/listado/RPLISv8.317.0-RC2/cookies_policy_banner.js>
2026-08-12 09:42:27,656 [scrapy-playwright] DEBUG: [Context=default] Response: <200 https://accounts.google.com/gsi/client>
2026-08-12 09:42:27,656 [scrapy-playwright] DEBUG: [Context=default] Response: <200 https://www.googletagmanager.com/gtm.js?id=GTM-MC2DBQN>
2026-08-12 09:42:27,656 [scrapy-playwright] DEBUG: [Context=default] Request: <GET https://img10.naventcdn.com/ficha/RPFICv5.427.0-RC3/stotal.38e4f4.svg> (resource type: image, referrer: https://www.vivanuncios.com.mx/)
2026-08-12 09:42:27,657 [scrapy-playwright] DEBUG: [Context=default] Request: <GET https://img10.naventcdn.com/ficha/RPFICv5.427.0-RC3/scubierta.695fb2.svg> (resource type: image, referrer: https://www.vivanuncios.com.mx/)
2026-08-12 09:42:27,657 [scrapy-playwright] DEBUG: [Context=default] Request: <GET https://img10.naventcdn.com/ficha/RPFICv5.427.0-RC3/banos.827612.svg> (resource type: image, referrer: https://www.vivanuncios.com.mx/)
2026-08-12 09:42:27,657 [scrapy-playwright] DEBUG: [Context=default] Request: <GET https://img10.naventcdn.com/ficha/RPFICv5.427.0-RC3/cochera.30335f.svg> (resource type: image, referrer: https://www.vivanuncios.com.mx/)
2026-08-12 09:42:27,657 [scrapy-playwright] DEBUG: [Context=default] Request: <GET https://img10.naventcdn.com/ficha/RPFICv5.427.0-RC3/dormitorio.349d35.svg> (resource type: image, referrer: https://www.vivanuncios.com.mx/)
2026-08-12 09:42:27,657 [scrapy-playwright] DEBUG: [Context=default] Request: <GET https://img10.naventcdn.com/ficha/RPFICv5.427.0-RC3/toilete.f725dc.svg> (resource type: image, referrer: https://www.vivanuncios.com.mx/)
2026-08-12 09:42:27,658 [scrapy-playwright] DEBUG: [Context=default] Request: <GET https://img10.naventcdn.com/ficha/RPFICv5.427.0-RC3/antiguedad.eb15bc.svg> (resource type: image, referrer: https://www.vivanuncios.com.mx/)
2026-08-12 09:42:27,658 [scrapy-playwright] DEBUG: [Context=default] Request: <GET https://img10.naventcdn.com/ficha/RPFICv5.427.0-RC3/chevron-right.f84462.svg> (resource type: image, referrer: https://www.vivanuncios.com.mx/)
2026-08-12 09:42:27,658 [scrapy-playwright] DEBUG: [Context=default] Request: <GET https://img10.naventcdn.com/ficha/RPFICv5.427.0-RC3/hind-regular-webfont.b13372.woff2> (resource type: font, referrer: https://www.vivanuncios.com.mx/)
2026-08-12 09:42:27,659 [scrapy-playwright] DEBUG: [Context=default] Request: <GET https://img10.naventcdn.com/ficha/RPFICv5.427.0-RC3/hind-medium-webfont.59f616.woff2> (resource type: font, referrer: https://www.vivanuncios.com.mx/)
2026-08-12 09:42:27,659 [scrapy-playwright] DEBUG: [Context=default] Request: <GET https://img10.naventcdn.com/ficha/RPFICv5.427.0-RC3/hind-semibold-webfont.55081e.woff2> (resource type: font, referrer: https://www.vivanuncios.com.mx/)
2026-08-12 09:42:27,659 [scrapy-playwright] DEBUG: [Context=default] Request: <GET https://img10.naventcdn.com/ficha/RPFICv5.427.0-RC3/004bbc06c26c7cad8b70-icon-generals.woff> (resource type: font, referrer: https://www.vivanuncios.com.mx/)
2026-08-12 09:42:27,659 [scrapy-playwright] DEBUG: [Context=default] Response: <200 https://img10.naventcdn.com/ficha/RPFICv5.427.0-RC3/images/logo-r-vivanuncios.svg>
2026-08-12 09:42:27,659 [scrapy-playwright] DEBUG: [Context=default] Response: <200 https://static.cloudflareinsights.com/beacon.min.js/v4513226cdae34746b4dedf0b4dfa099e1781791509496>
2026-08-12 09:42:27,660 [scrapy-playwright] DEBUG: [Context=default] Response: <200 https://img10.naventcdn.com/avisos/18/01/49/31/56/19/360x266/1594934875.jpg?rapc=bXZhX2ltYWdl>
2026-08-12 09:42:27,664 [scrapy-playwright] DEBUG: [Context=default] Request: <GET https://www.vivanuncios.com.mx/s-venta-inmuebles/chihuahua/v1c1097l1005p1?sort=most_lowered_price> (resource type: document)
2026-08-12 09:42:27,665 [scrapy-playwright] DEBUG: [Context=default] Response: <200 https://www.vivanuncios.com.mx/s-venta-inmuebles/chihuahua/v1c1097l1005p1?sort=most_lowered_price>
2026-08-12 09:42:27,669 [scrapy-playwright] DEBUG: [Context=default] Response: <200 https://img10.naventcdn.com/ficha/RPFICv5.427.0-RC3/images/no-location-map.png>
2026-08-12 09:42:27,669 [scrapy-playwright] DEBUG: [Context=default] Request: <GET https://img10.naventcdn.com/listado/RPLISv8.317.0-RC2/assets/fonts/hind-medium-webfont.woff2> (resource type: font, referrer: https://www.vivanuncios.com.mx/)
2026-08-12 09:42:27,669 [scrapy-playwright] DEBUG: [Context=default] Request: <GET https://img10.naventcdn.com/listado/RPLISv8.317.0-RC2/assets/fonts/hind-semibold-webfont.woff2> (resource type: font, referrer: https://www.vivanuncios.com.mx/)
2026-08-12 09:42:27,669 [scrapy-playwright] DEBUG: [Context=default] Request: <GET https://img10.naventcdn.com/listado/RPLISv8.317.0-RC2/assets/fonts/hind-regular-webfont.woff2> (resource type: font, referrer: https://www.vivanuncios.com.mx/)
2026-08-12 09:42:27,670 [scrapy-playwright] DEBUG: [Context=default] Request: <GET https://img10.naventcdn.com/listado/RPLISv8.317.0-RC2/assets/fonts/hind-bold-webfont.woff2> (resource type: font, referrer: https://www.vivanuncios.com.mx/)
2026-08-12 09:42:27,670 [scrapy-playwright] DEBUG: [Context=default] Request: <GET https://img10.naventcdn.com/avisos/18/01/50/31/54/00/360x266/1615530232.jpg?rapc=bXZhX2ltYWdl?isFirstImage=true> (resource type: image, referrer: https://www.vivanuncios.com.mx/)
2026-08-12 09:42:27,671 [scrapy-playwright] DEBUG: [Context=default] Request: <GET https://img10.naventcdn.com/avisos/18/01/50/32/37/99/360x266/1615795330.jpg?rapc=bXZhX2ltYWdl?isFirstImage=true> (resource type: image, referrer: https://www.vivanuncios.com.mx/)
2026-08-12 09:42:27,671 [scrapy-playwright] DEBUG: [Context=default] Request: <GET https://img10.naventcdn.com/listado/RPLISv8.317.0-RC2/css/fonts.1417bd14db3092d31b51.css> (resource type: stylesheet, referrer: https://www.vivanuncios.com.mx/)
2026-08-12 09:42:27,673 [scrapy-playwright] DEBUG: [Context=default] Request: <GET https://img10.naventcdn.com/listado/RPLISv8.317.0-RC2/css/main.ae60ca0cbdd92c220c05.css> (resource type: stylesheet, referrer: https://www.vivanuncios.com.mx/)
2026-08-12 09:42:27,673 [scrapy-playwright] DEBUG: [Context=default] Request: <GET https://img10.naventcdn.com/listado/RPLISv8.317.0-RC2/images/icon-x-white.b1b5e018.svg> (resource type: image, referrer: https://www.vivanuncios.com.mx/)
2026-08-12 09:42:27,673 [scrapy-playwright] DEBUG: [Context=default] Request: <GET https://img10.naventcdn.com/listado/RPLISv8.317.0-RC2/images/icon-search-black.ee46020a.svg> (resource type: image, referrer: https://www.vivanuncios.com.mx/)
2026-08-12 09:42:27,673 [scrapy-playwright] DEBUG: [Context=default] Request: <GET https://img10.naventcdn.com/avisos/18/01/49/31/56/19/360x266/1594934860.jpg?rapc=bXZhX2ltYWdl?isFirstImage=true> (resource type: image, referrer: https://www.vivanuncios.com.mx/)
2026-08-12 09:42:27,681 [scrapy-playwright] DEBUG: [Context=default] Request: <GET https://static.cloudflareinsights.com/beacon.min.js/v4513226cdae34746b4dedf0b4dfa099e1781791509496> (resource type: script, referrer: https://www.vivanuncios.com.mx/)
2026-08-12 09:42:27,682 [scrapy-playwright] DEBUG: [Context=default] Response: <200 https://img10.naventcdn.com/ficha/RPFICv5.427.0-RC3/mainapp.f05aaf.js>
2026-08-12 09:42:27,682 [scrapy-playwright] DEBUG: [Context=default] Response: <200 https://img10.naventcdn.com/ficha/RPFICv5.427.0-RC3/runtime.d41d8c.js>
2026-08-12 09:42:27,683 [scrapy-playwright] DEBUG: [Context=default] Response: <200 https://img10.naventcdn.com/ficha/RPFICv5.427.0-RC3/libs.50b4d7.js>
2026-08-12 09:42:27,683 [scrapy-playwright] DEBUG: [Context=default] Response: <200 https://img10.naventcdn.com/ficha/RPFICv5.427.0-RC3/react-libs.917c9a.js>
2026-08-12 09:42:27,700 [scrapy-playwright] DEBUG: [Context=default] Response: <200 https://img10.naventcdn.com/avisos/resize/18/01/49/31/56/19/1200x1200/1594934860.jpg?rapc=bXZhX2ltYWdl?isFirstImage=true>
2026-08-12 09:42:27,700 [scrapy-playwright] DEBUG: [Context=default] Response: <200 https://img10.naventcdn.com/ficha/RPFICv5.427.0-RC3/hind-medium-webfont.59f616.woff2>
2026-08-12 09:42:27,700 [scrapy-playwright] DEBUG: [Context=default] Response: <200 https://img10.naventcdn.com/ficha/RPFICv5.427.0-RC3/hind-semibold-webfont.55081e.woff2>
2026-08-12 09:42:27,701 [scrapy-playwright] DEBUG: [Context=default] Request: <GET https://www.vivanuncios.com.mx/cdn-cgi/challenge-platform/scripts/jsd/main.js> (resource type: script)
2026-08-12 09:42:27,706 [scrapy-playwright] DEBUG: [Context=default] Response: <200 https://img10.naventcdn.com/ficha/RPFICv5.427.0-RC3/hind-regular-webfont.b13372.woff2>
2026-08-12 09:42:27,707 [scrapy-playwright] DEBUG: [Context=default] Response: <200 https://img10.naventcdn.com/ficha/RPFICv5.427.0-RC3/004bbc06c26c7cad8b70-icon-generals.woff>
2026-08-12 09:42:27,707 [scrapy-playwright] DEBUG: [Context=default] Response: <200 https://img10.naventcdn.com/listado/RPLISv8.317.0-RC2/css/main.ae60ca0cbdd92c220c05.css>
2026-08-12 09:42:27,708 [scrapy-playwright] DEBUG: [Context=default] Response: <200 https://img10.naventcdn.com/listado/RPLISv8.317.0-RC2/assets/fonts/hind-medium-webfont.woff2>
2026-08-12 09:42:27,716 [scrapy-playwright] DEBUG: [Context=default] Request: <GET https://img10.naventcdn.com/ficha/RPFICv5.427.0-RC3/11.53f096.js> (resource type: script, referrer: https://www.vivanuncios.com.mx/a-venta-casa/fraccionamiento-diamante-reliz/casa-en-venta-fracc-monte-caleres/149315625)
2026-08-12 09:42:27,717 [scrapy-playwright] DEBUG: [Context=default] Request: <GET https://img10.naventcdn.com/ficha/RPFICv5.427.0-RC3/29.e47df8.css> (resource type: stylesheet, referrer: https://www.vivanuncios.com.mx/a-venta-casa/fraccionamiento-diamante-reliz/casa-en-venta-fracc-monte-caleres/149315625)
2026-08-12 09:42:27,719 [scrapy-playwright] DEBUG: [Context=default] Request: <GET https://img10.naventcdn.com/ficha/RPFICv5.427.0-RC3/29.12f56d.js> (resource type: script, referrer: https://www.vivanuncios.com.mx/a-venta-casa/fraccionamiento-diamante-reliz/casa-en-venta-fracc-monte-caleres/149315625)
2026-08-12 09:42:27,720 [scrapy-playwright] DEBUG: [Context=default] Request: <GET https://img10.naventcdn.com/ficha/RPFICv5.427.0-RC3/32.b61092.js> (resource type: script, referrer: https://www.vivanuncios.com.mx/a-venta-casa/fraccionamiento-diamante-reliz/casa-en-venta-fracc-monte-caleres/149315625)
2026-08-12 09:42:27,721 [scrapy-playwright] DEBUG: [Context=default] Request: <GET https://www.vivanuncios.com.mx/rplis-api/user/activity?postingsIds=149315625> (resource type: fetch, referrer: https://www.vivanuncios.com.mx/a-venta-casa/fraccionamiento-diamante-reliz/casa-en-venta-fracc-monte-caleres/149315625)
2026-08-12 09:42:27,721 [scrapy-playwright] DEBUG: [Context=default] Response: <200 https://img10.naventcdn.com/ficha/RPFICv5.427.0-RC3/images/chevron_down.svg>
2026-08-12 09:42:27,722 [scrapy-playwright] DEBUG: [Context=default] Response: <200 https://img10.naventcdn.com/listado/RPLISv8.317.0-RC2/assets/fonts/hind-regular-webfont.woff2>
2026-08-12 09:42:27,722 [scrapy-playwright] DEBUG: [Context=default] Response: <200 https://img10.naventcdn.com/avisos/18/01/50/31/54/00/360x266/1615530232.jpg?rapc=bXZhX2ltYWdl?isFirstImage=true>
2026-08-12 09:42:27,722 [scrapy-playwright] DEBUG: [Context=default] Response: <200 https://img10.naventcdn.com/avisos/18/01/49/31/56/19/360x266/1594934864.jpg?rapc=bXZhX2ltYWdl>
2026-08-12 09:42:27,722 [scrapy-playwright] DEBUG: [Context=default] Response: <200 https://img10.naventcdn.com/listado/RPLISv8.317.0-RC2/assets/fonts/hind-bold-webfont.woff2>
2026-08-12 09:42:27,722 [scrapy-playwright] DEBUG: [Context=default] Response: <200 https://img10.naventcdn.com/avisos/18/01/49/31/56/19/360x266/1594934860.jpg?rapc=bXZhX2ltYWdl?isFirstImage=true>
2026-08-12 09:42:27,722 [scrapy-playwright] DEBUG: [Context=default] Response: <200 https://img10.naventcdn.com/avisos/18/01/50/32/37/99/360x266/1615795330.jpg?rapc=bXZhX2ltYWdl?isFirstImage=true>
2026-08-12 09:42:27,723 [scrapy-playwright] DEBUG: [Context=default] Response: <200 https://img10.naventcdn.com/listado/RPLISv8.317.0-RC2/assets/fonts/hind-semibold-webfont.woff2>
2026-08-12 09:42:27,723 [scrapy-playwright] DEBUG: [Context=default] Response: <200 https://static.cloudflareinsights.com/beacon.min.js/v4513226cdae34746b4dedf0b4dfa099e1781791509496>
2026-08-12 09:42:27,726 [scrapy-playwright] DEBUG: [Context=default] Response: <200 https://accounts.google.com/gsi/client>
2026-08-12 09:42:27,729 [scrapy-playwright] DEBUG: [Context=default] Response: <200 https://img10.naventcdn.com/ficha/RPFICv5.427.0-RC3/cochera.30335f.svg>
2026-08-12 09:42:27,729 [scrapy-playwright] DEBUG: [Context=default] Response: <302 https://www.vivanuncios.com.mx/cdn-cgi/challenge-platform/scripts/jsd/main.js> (location: /cdn-cgi/challenge-platform/h/g/scripts/jsd/aae2b9a1c261/main.js?)
2026-08-12 09:42:27,735 [scrapy-playwright] DEBUG: [Context=default] Response: <200 https://img10.naventcdn.com/ficha/RPFICv5.427.0-RC3/banos.827612.svg>
2026-08-12 09:42:27,735 [scrapy-playwright] DEBUG: [Context=default] Response: <200 https://img10.naventcdn.com/ficha/RPFICv5.427.0-RC3/scubierta.695fb2.svg>
2026-08-12 09:42:27,735 [scrapy-playwright] DEBUG: [Context=default] Response: <200 https://img10.naventcdn.com/ficha/RPFICv5.427.0-RC3/toilete.f725dc.svg>
2026-08-12 09:42:27,735 [scrapy-playwright] DEBUG: [Context=default] Response: <200 https://img10.naventcdn.com/ficha/RPFICv5.427.0-RC3/dormitorio.349d35.svg>
2026-08-12 09:42:27,735 [scrapy-playwright] DEBUG: [Context=default] Response: <200 https://img10.naventcdn.com/ficha/RPFICv5.427.0-RC3/chevron-right.f84462.svg>
2026-08-12 09:42:27,736 [scrapy-playwright] DEBUG: [Context=default] Response: <200 https://img10.naventcdn.com/ficha/RPFICv5.427.0-RC3/antiguedad.eb15bc.svg>
2026-08-12 09:42:27,747 [scrapy-playwright] DEBUG: [Context=default] Request: <GET https://img10.naventcdn.com/listado/RPLISv8.317.0-RC2/css/8447.f7b753072c14bf89ae80.css> (resource type: stylesheet, referrer: https://www.vivanuncios.com.mx/)
2026-08-12 09:42:27,747 [scrapy-playwright] DEBUG: [Context=default] Request: <GET https://img10.naventcdn.com/listado/RPLISv8.317.0-RC2/css/recommended_gallery.bf1abec856b24ace8279.css> (resource type: stylesheet, referrer: https://www.vivanuncios.com.mx/)
2026-08-12 09:42:27,751 [scrapy-playwright] DEBUG: [Context=default] Request: <GET https://finprop-api-content.vivanuncios.com.mx/contents?site=VAMX&page=listado&section=header_calculator_banner&user.id=&user.name=&user.surname=&user.email=&user.phone=> (resource type: fetch, referrer: https://www.vivanuncios.com.mx/)
2026-08-12 09:42:27,754 [scrapy-playwright] DEBUG: [Context=default] Request: <GET https://www.vivanuncios.com.mx/rp-api/user/session> (resource type: fetch, referrer: https://www.vivanuncios.com.mx/s-venta-inmuebles/chihuahua-chih/v1c1097l10163p1)
2026-08-12 09:42:27,754 [scrapy-playwright] DEBUG: [Context=default] Request: <GET https://www.vivanuncios.com.mx/rplis-api/user/activity?postingsIds=145938066,149588204,150519613,150562005,148210307,150366400,150562048,150514714,149428159,149428128,149428139,149428154,149994776,150210841,150683487,150551090,150327646,149604380,150728028,149614173,149521801,149428158,148007848,150027483,149241975,150562009,150573183,150205615,148308913,147861369> (resource type: fetch, referrer: https://www.vivanuncios.com.mx/s-venta-inmuebles/chihuahua-chih/v1c1097l10163p1)
2026-08-12 09:42:27,758 [scrapy-playwright] DEBUG: [Context=default] Request: <GET https://us.creativecdn.com/tags?id=pr_uBSmHTMIe51S3ztqdTkn_listing_{{145938066,149588204,150519613,150562005,148210307}}> (resource type: document, referrer: https://www.vivanuncios.com.mx/)
2026-08-12 09:42:27,759 [scrapy-playwright] DEBUG: [Context=default] Response: <200 https://img10.naventcdn.com/ficha/RPFICv5.427.0-RC3/stotal.38e4f4.svg>
2026-08-12 09:42:27,760 [scrapy-playwright] DEBUG: [Context=default] Response: <200 https://img10.naventcdn.com/avisos/18/01/49/31/56/19/360x266/1594934862.jpg?rapc=bXZhX2ltYWdl>
2026-08-12 09:42:27,760 [scrapy-playwright] DEBUG: [Context=default] Response: <200 https://storage.googleapis.com/ssx-api-content-public/VAMX/Creditaria/ICONO%20CREDITARIA%20WHITE.png>
2026-08-12 09:42:27,762 [scrapy-playwright] DEBUG: [Context=default] Response: <200 https://storage.googleapis.com/guarantee-mails/api-content/arrow-right.png>
2026-08-12 09:42:27,764 [scrapy-playwright] DEBUG: [Context=default] Response: <200 https://storage.googleapis.com/ssx-api-content-public/VAMX/Creditaria/ICONO%20CREDITARIA.png>
2026-08-12 09:42:27,764 [scrapy-playwright] DEBUG: [Context=default] Response: <200 https://img10.naventcdn.com/listado/RPLISv8.317.0-RC2/css/fonts.1417bd14db3092d31b51.css>
2026-08-12 09:42:27,773 [scrapy-playwright] DEBUG: [Context=default] Request: <GET https://img10.naventcdn.com/listado/RPLISv8.317.0-RC2/images/chevron-down-black2.8252f7ce.svg> (resource type: image, referrer: https://www.vivanuncios.com.mx/)
2026-08-12 09:42:27,791 [scrapy-playwright] DEBUG: [Context=default] Response: <200 https://img10.naventcdn.com/listado/RPLISv8.317.0-RC2/images/icon-search-black.ee46020a.svg>
2026-08-12 09:42:27,809 [scrapy-playwright] DEBUG: [Context=default] Response: <403 https://www.vivanuncios.com.mx/rplis-api/user/activity?postingsIds=149315625>
2026-08-12 09:42:27,810 [scrapy-playwright] DEBUG: [Context=default] Response: <200 https://img10.naventcdn.com/ficha/RPFICv5.427.0-RC3/11.53f096.js>
2026-08-12 09:42:27,813 [scrapy-playwright] DEBUG: [Context=default] Request: <GET https://securepubads.g.doubleclick.net/tag/js/gpt.js> (resource type: script, referrer: https://www.vivanuncios.com.mx/)
2026-08-12 09:42:27,815 [scrapy-playwright] DEBUG: [Context=default] Request: <GET https://img10.naventcdn.com/listado/RPLISv8.317.0-RC2/images/right-arrow.5c51420c.svg> (resource type: image, referrer: https://www.vivanuncios.com.mx/)
2026-08-12 09:42:27,822 [scrapy-playwright] DEBUG: [Context=default] Response: <200 https://www.vivanuncios.com.mx/cdn-cgi/challenge-platform/h/g/jsd/oneshot/aae2b9a1c261/0.5146932117011116:1786546835:StkEKgBXLEvCdI03SLlp2zYcedWuj5LWP0r1YiGUTaY/a2a097080895c8bf>
2026-08-12 09:42:27,824 [scrapy-playwright] DEBUG: [Context=default] Request: <GET https://www.vivanuncios.com.mx/cdn-cgi/challenge-platform/h/g/scripts/jsd/aae2b9a1c261/main.js?> (resource type: script)
2026-08-12 09:42:27,837 [scrapy-playwright] DEBUG: [Context=default] Request: <GET https://img10.naventcdn.com/avisos/18/01/45/93/77/48/360x266/1519681336.jpg?rapc=bXZhX2ltYWdl> (resource type: image, referrer: https://www.vivanuncios.com.mx/)
2026-08-12 09:42:27,850 [scrapy-playwright] DEBUG: [Context=default] Request: <GET https://img10.naventcdn.com/avisos/18/01/49/58/81/78/360x266/1600719597.jpg?rapc=bXZhX2ltYWdl> (resource type: image, referrer: https://www.vivanuncios.com.mx/)
2026-08-12 09:42:27,850 [scrapy-playwright] DEBUG: [Context=default] Response: <200 https://img10.naventcdn.com/ficha/RPFICv5.427.0-RC3/29.12f56d.js>
2026-08-12 09:42:27,850 [scrapy-playwright] DEBUG: [Context=default] Response: <200 https://img10.naventcdn.com/ficha/RPFICv5.427.0-RC3/32.b61092.js>
2026-08-12 09:42:27,851 [scrapy-playwright] DEBUG: [Context=default] Request: <GET https://accounts.google.com/gsi/client> (resource type: script, referrer: https://www.vivanuncios.com.mx/)
2026-08-12 09:42:27,851 [scrapy-playwright] DEBUG: [Context=default] Response: <200 https://img10.naventcdn.com/listado/RPLISv8.317.0-RC2/images/icon-x-white.b1b5e018.svg>
2026-08-12 09:42:27,852 [scrapy-playwright] DEBUG: [Context=default] Request: <GET https://img10.naventcdn.com/listado/RPLISv8.317.0-RC2/images/brand-refresh-header-vivanuncios.4255c6b4.svg> (resource type: image, referrer: https://www.vivanuncios.com.mx/)
2026-08-12 09:42:27,853 [scrapy-playwright] DEBUG: [Context=default] Request: <GET https://img10.naventcdn.com/listado/RPLISv8.317.0-RC2/images/chevron-down.9f9f3010.svg> (resource type: image, referrer: https://www.vivanuncios.com.mx/)
2026-08-12 09:42:27,858 [scrapy-playwright] DEBUG: [Context=default] Request: <GET https://img10.naventcdn.com/listado/RPLISv8.317.0-RC2/images/chat_bubble.c941ee77.svg> (resource type: image, referrer: https://www.vivanuncios.com.mx/)
2026-08-12 09:42:27,859 [scrapy-playwright] DEBUG: [Context=default] Request: <GET https://img10.naventcdn.com/listado/RPLISv8.317.0-RC2/images/icon-more-filters.af5473e4.svg> (resource type: image, referrer: https://www.vivanuncios.com.mx/)
2026-08-12 09:42:27,859 [scrapy-playwright] DEBUG: [Context=default] Request: <GET https://img10.naventcdn.com/listado/RPLISv8.317.0-RC2/images/updown.487f1160.svg> (resource type: image, referrer: https://www.vivanuncios.com.mx/)
2026-08-12 09:42:27,859 [scrapy-playwright] DEBUG: [Context=default] Request: <GET https://img10.naventcdn.com/listado/RPLISv8.317.0-RC2/images/discountArrow.6a9f69eb.svg> (resource type: image, referrer: https://www.vivanuncios.com.mx/)
2026-08-12 09:42:27,864 [scrapy-playwright] DEBUG: [Context=default] Request: <GET https://img10.naventcdn.com/listado/RPLISv8.317.0-RC2/images/arrow.a8a0125f.svg> (resource type: image, referrer: https://www.vivanuncios.com.mx/)
2026-08-12 09:42:27,874 [scrapy-playwright] DEBUG: [Context=default] Request: <GET https://img10.naventcdn.com/listado/RPLISv8.317.0-RC2/images/icon_promedio.0032e4b7.svg> (resource type: image, referrer: https://www.vivanuncios.com.mx/)
2026-08-12 09:42:27,874 [scrapy-playwright] DEBUG: [Context=default] Request: <GET https://img10.naventcdn.com/listado/RPLISv8.317.0-RC2/images/vectorStroke.7120d1f1.svg> (resource type: image, referrer: https://www.vivanuncios.com.mx/)
2026-08-12 09:42:27,882 [scrapy-playwright] DEBUG: [Context=default] Request: <GET https://img10.naventcdn.com/listado/RPLISv8.317.0-RC2/images/vectorBlue.3a5fdd13.svg> (resource type: image, referrer: https://www.vivanuncios.com.mx/)
2026-08-12 09:42:27,885 [scrapy-playwright] DEBUG: [Context=default] Request: <GET https://img10.naventcdn.com/listado/RPLISv8.317.0-RC2/images/icon_rango.3092f869.svg> (resource type: image, referrer: https://www.vivanuncios.com.mx/)
2026-08-12 09:42:27,889 [scrapy-playwright] DEBUG: [Context=default] Request: <GET https://img10.naventcdn.com/listado/RPLISv8.317.0-RC2/images/vector_vertical.6914ab7b.svg> (resource type: image, referrer: https://www.vivanuncios.com.mx/)
2026-08-12 09:42:27,889 [scrapy-playwright] DEBUG: [Context=default] Request: <GET https://img10.naventcdn.com/listado/RPLISv8.317.0-RC2/images/icon_promedio_num.f53bbc55.svg> (resource type: image, referrer: https://www.vivanuncios.com.mx/)
2026-08-12 09:42:27,889 [scrapy-playwright] DEBUG: [Context=default] Request: <GET https://img10.naventcdn.com/listado/RPLISv8.317.0-RC2/libphonenumber.js> (resource type: script, referrer: https://www.vivanuncios.com.mx/)
2026-08-12 09:42:27,889 [scrapy-playwright] DEBUG: [Context=default] Request: <GET https://img10.naventcdn.com/listado/RPLISv8.317.0-RC2/react-dom.js> (resource type: script, referrer: https://www.vivanuncios.com.mx/)
2026-08-12 09:42:27,890 [scrapy-playwright] DEBUG: [Context=default] Request: <GET https://img10.naventcdn.com/listado/RPLISv8.317.0-RC2/6545.js> (resource type: script, referrer: https://www.vivanuncios.com.mx/)
2026-08-12 09:42:27,890 [scrapy-playwright] DEBUG: [Context=default] Request: <GET https://img10.naventcdn.com/listado/RPLISv8.317.0-RC2/main.js> (resource type: script, referrer: https://www.vivanuncios.com.mx/)
2026-08-12 09:42:27,890 [scrapy-playwright] DEBUG: [Context=default] Request: <GET https://img10.naventcdn.com/listado/RPLISv8.317.0-RC2/site_provider.js> (resource type: script, referrer: https://www.vivanuncios.com.mx/)
2026-08-12 09:42:27,890 [scrapy-playwright] DEBUG: [Context=default] Request: <GET https://img10.naventcdn.com/listado/RPLISv8.317.0-RC2/site_modal_provider.js> (resource type: script, referrer: https://www.vivanuncios.com.mx/)
2026-08-12 09:42:27,891 [scrapy-playwright] DEBUG: [Context=default] Request: <GET https://img10.naventcdn.com/listado/RPLISv8.317.0-RC2/2092.js> (resource type: script, referrer: https://www.vivanuncios.com.mx/)
2026-08-12 09:42:27,891 [scrapy-playwright] DEBUG: [Context=default] Request: <GET https://img10.naventcdn.com/listado/RPLISv8.317.0-RC2/header_app.js> (resource type: script, referrer: https://www.vivanuncios.com.mx/)
2026-08-12 09:42:27,891 [scrapy-playwright] DEBUG: [Context=default] Request: <GET https://img10.naventcdn.com/listado/RPLISv8.317.0-RC2/header_content.js> (resource type: script, referrer: https://www.vivanuncios.com.mx/)
2026-08-12 09:42:27,891 [scrapy-playwright] DEBUG: [Context=default] Request: <GET https://img10.naventcdn.com/listado/RPLISv8.317.0-RC2/2996.js> (resource type: script, referrer: https://www.vivanuncios.com.mx/)
2026-08-12 09:42:27,892 [scrapy-playwright] DEBUG: [Context=default] Request: <GET https://img10.naventcdn.com/listado/RPLISv8.317.0-RC2/942.js> (resource type: script, referrer: https://www.vivanuncios.com.mx/)
2026-08-12 09:42:27,892 [scrapy-playwright] DEBUG: [Context=default] Request: <GET https://img10.naventcdn.com/listado/RPLISv8.317.0-RC2/9624.js> (resource type: script, referrer: https://www.vivanuncios.com.mx/)
2026-08-12 09:42:27,892 [scrapy-playwright] DEBUG: [Context=default] Request: <GET https://img10.naventcdn.com/listado/RPLISv8.317.0-RC2/header_desktop.js> (resource type: script, referrer: https://www.vivanuncios.com.mx/)
2026-08-12 09:42:27,892 [scrapy-playwright] DEBUG: [Context=default] Request: <GET https://img10.naventcdn.com/listado/RPLISv8.317.0-RC2/nav_menu.js> (resource type: script, referrer: https://www.vivanuncios.com.mx/)
2026-08-12 09:42:27,892 [scrapy-playwright] DEBUG: [Context=default] Request: <GET https://img10.naventcdn.com/listado/RPLISv8.317.0-RC2/operation_nav_desktop.js> (resource type: script, referrer: https://www.vivanuncios.com.mx/)
2026-08-12 09:42:27,893 [scrapy-playwright] DEBUG: [Context=default] Request: <GET https://img10.naventcdn.com/listado/RPLISv8.317.0-RC2/7183.js> (resource type: script, referrer: https://www.vivanuncios.com.mx/)
2026-08-12 09:42:27,893 [scrapy-playwright] DEBUG: [Context=default] Request: <GET https://img10.naventcdn.com/listado/RPLISv8.317.0-RC2/7972.js> (resource type: script, referrer: https://www.vivanuncios.com.mx/)
2026-08-12 09:42:27,893 [scrapy-playwright] DEBUG: [Context=default] Request: <GET https://img10.naventcdn.com/listado/RPLISv8.317.0-RC2/fintech_block.js> (resource type: script, referrer: https://www.vivanuncios.com.mx/)
2026-08-12 09:42:27,893 [scrapy-playwright] DEBUG: [Context=default] Request: <GET https://img10.naventcdn.com/listado/RPLISv8.317.0-RC2/publish_button.js> (resource type: script, referrer: https://www.vivanuncios.com.mx/)
2026-08-12 09:42:27,894 [scrapy-playwright] DEBUG: [Context=default] Request: <GET https://img10.naventcdn.com/listado/RPLISv8.317.0-RC2/login_button.js> (resource type: script, referrer: https://www.vivanuncios.com.mx/)
2026-08-12 09:42:27,895 [scrapy-playwright] DEBUG: [Context=default] Request: <GET https://img10.naventcdn.com/listado/RPLISv8.317.0-RC2/dropdown_user_not_logged.js> (resource type: script, referrer: https://www.vivanuncios.com.mx/)
2026-08-12 09:42:27,895 [scrapy-playwright] DEBUG: [Context=default] Request: <GET https://img10.naventcdn.com/listado/RPLISv8.317.0-RC2/main_layout_container.js> (resource type: script, referrer: https://www.vivanuncios.com.mx/)
2026-08-12 09:42:27,896 [scrapy-playwright] DEBUG: [Context=default] Request: <GET https://img10.naventcdn.com/listado/RPLISv8.317.0-RC2/main_app.js> (resource type: script, referrer: https://www.vivanuncios.com.mx/)
2026-08-12 09:42:27,896 [scrapy-playwright] DEBUG: [Context=default] Request: <GET https://img10.naventcdn.com/listado/RPLISv8.317.0-RC2/main_provider.js> (resource type: script, referrer: https://www.vivanuncios.com.mx/)
2026-08-12 09:42:27,896 [scrapy-playwright] DEBUG: [Context=default] Request: <GET https://img10.naventcdn.com/listado/RPLISv8.317.0-RC2/listing_view_columns.js> (resource type: script, referrer: https://www.vivanuncios.com.mx/)
2026-08-12 09:42:27,896 [scrapy-playwright] DEBUG: [Context=default] Request: <GET https://img10.naventcdn.com/listado/RPLISv8.317.0-RC2/filters_layout.js> (resource type: script, referrer: https://www.vivanuncios.com.mx/)
2026-08-12 09:42:27,896 [scrapy-playwright] DEBUG: [Context=default] Request: <GET https://img10.naventcdn.com/listado/RPLISv8.317.0-RC2/filters_top.js> (resource type: script, referrer: https://www.vivanuncios.com.mx/)
2026-08-12 09:42:27,897 [scrapy-playwright] DEBUG: [Context=default] Request: <GET https://img10.naventcdn.com/listado/RPLISv8.317.0-RC2/9663.js> (resource type: script, referrer: https://www.vivanuncios.com.mx/)
2026-08-12 09:42:27,897 [scrapy-playwright] DEBUG: [Context=default] Request: <GET https://img10.naventcdn.com/listado/RPLISv8.317.0-RC2/1576.js> (resource type: script, referrer: https://www.vivanuncios.com.mx/)
2026-08-12 09:42:27,897 [scrapy-playwright] DEBUG: [Context=default] Request: <GET https://img10.naventcdn.com/listado/RPLISv8.317.0-RC2/new_locations_render_type.js> (resource type: script, referrer: https://www.vivanuncios.com.mx/)
2026-08-12 09:42:27,898 [scrapy-playwright] DEBUG: [Context=default] Request: <GET https://img10.naventcdn.com/listado/RPLISv8.317.0-RC2/3951.js> (resource type: script, referrer: https://www.vivanuncios.com.mx/)
2026-08-12 09:42:27,898 [scrapy-playwright] DEBUG: [Context=default] Request: <GET https://img10.naventcdn.com/listado/RPLISv8.317.0-RC2/operation_render_type.js> (resource type: script, referrer: https://www.vivanuncios.com.mx/)
2026-08-12 09:42:27,898 [scrapy-playwright] DEBUG: [Context=default] Request: <GET https://img10.naventcdn.com/listado/RPLISv8.317.0-RC2/checkbox_render_type.js> (resource type: script, referrer: https://www.vivanuncios.com.mx/)
2026-08-12 09:42:27,898 [scrapy-playwright] DEBUG: [Context=default] Response: <200 https://www.vivanuncios.com.mx/cdn-cgi/challenge-platform/h/g/scripts/jsd/aae2b9a1c261/main.js?>
2026-08-12 09:42:27,899 [scrapy-playwright] DEBUG: [Context=default] Request: <GET https://img10.naventcdn.com/listado/RPLISv8.317.0-RC2/range_render_type.js> (resource type: script, referrer: https://www.vivanuncios.com.mx/)
2026-08-12 09:42:27,899 [scrapy-playwright] DEBUG: [Context=default] Request: <GET https://img10.naventcdn.com/listado/RPLISv8.317.0-RC2/monetary_render_type.js> (resource type: script, referrer: https://www.vivanuncios.com.mx/)
2026-08-12 09:42:27,899 [scrapy-playwright] DEBUG: [Context=default] Request: <GET https://img10.naventcdn.com/listado/RPLISv8.317.0-RC2/more_filters.js> (resource type: script, referrer: https://www.vivanuncios.com.mx/)
2026-08-12 09:42:27,899 [scrapy-playwright] DEBUG: [Context=default] Request: <GET https://img10.naventcdn.com/listado/RPLISv8.317.0-RC2/list_top_section_desktop.js> (resource type: script, referrer: https://www.vivanuncios.com.mx/)
2026-08-12 09:42:27,900 [scrapy-playwright] DEBUG: [Context=default] Request: <GET https://img10.naventcdn.com/listado/RPLISv8.317.0-RC2/postings_title.js> (resource type: script, referrer: https://www.vivanuncios.com.mx/)
2026-08-12 09:42:27,900 [scrapy-playwright] DEBUG: [Context=default] Request: <GET https://img10.naventcdn.com/listado/RPLISv8.317.0-RC2/create_bookmarks.js> (resource type: script, referrer: https://www.vivanuncios.com.mx/)
2026-08-12 09:42:27,900 [scrapy-playwright] DEBUG: [Context=default] Request: <GET https://img10.naventcdn.com/listado/RPLISv8.317.0-RC2/select_render_type_filter.js> (resource type: script, referrer: https://www.vivanuncios.com.mx/)
2026-08-12 09:42:27,900 [scrapy-playwright] DEBUG: [Context=default] Request: <GET https://img10.naventcdn.com/listado/RPLISv8.317.0-RC2/quick_filters.js> (resource type: script, referrer: https://www.vivanuncios.com.mx/)
2026-08-12 09:42:27,900 [scrapy-playwright] DEBUG: [Context=default] Request: <GET https://img10.naventcdn.com/listado/RPLISv8.317.0-RC2/list_view.js> (resource type: script, referrer: https://www.vivanuncios.com.mx/)
2026-08-12 09:42:27,901 [scrapy-playwright] DEBUG: [Context=default] Request: <GET https://img10.naventcdn.com/listado/RPLISv8.317.0-RC2/6975.js> (resource type: script, referrer: https://www.vivanuncios.com.mx/)
2026-08-12 09:42:27,901 [scrapy-playwright] DEBUG: [Context=default] Request: <GET https://img10.naventcdn.com/listado/RPLISv8.317.0-RC2/3281.js> (resource type: script, referrer: https://www.vivanuncios.com.mx/)
2026-08-12 09:42:27,901 [scrapy-playwright] DEBUG: [Context=default] Request: <GET https://img10.naventcdn.com/listado/RPLISv8.317.0-RC2/682.js> (resource type: script, referrer: https://www.vivanuncios.com.mx/)
2026-08-12 09:42:27,901 [scrapy-playwright] DEBUG: [Context=default] Request: <GET https://img10.naventcdn.com/listado/RPLISv8.317.0-RC2/6731.js> (resource type: script, referrer: https://www.vivanuncios.com.mx/)
2026-08-12 09:42:27,902 [scrapy-playwright] DEBUG: [Context=default] Request: <GET https://img10.naventcdn.com/listado/RPLISv8.317.0-RC2/5968.js> (resource type: script, referrer: https://www.vivanuncios.com.mx/)
2026-08-12 09:42:27,902 [scrapy-playwright] DEBUG: [Context=default] Request: <GET https://img10.naventcdn.com/listado/RPLISv8.317.0-RC2/posting_list_provider.js> (resource type: script, referrer: https://www.vivanuncios.com.mx/)
2026-08-12 09:42:27,902 [scrapy-playwright] DEBUG: [Context=default] Request: <GET https://img10.naventcdn.com/listado/RPLISv8.317.0-RC2/2522.js> (resource type: script, referrer: https://www.vivanuncios.com.mx/)
2026-08-12 09:42:27,902 [scrapy-playwright] DEBUG: [Context=default] Request: <GET https://img10.naventcdn.com/listado/RPLISv8.317.0-RC2/7787.js> (resource type: script, referrer: https://www.vivanuncios.com.mx/)
2026-08-12 09:42:27,903 [scrapy-playwright] DEBUG: [Context=default] Request: <GET https://img10.naventcdn.com/listado/RPLISv8.317.0-RC2/8447.js> (resource type: script, referrer: https://www.vivanuncios.com.mx/)
2026-08-12 09:42:27,903 [scrapy-playwright] DEBUG: [Context=default] Request: <GET https://img10.naventcdn.com/listado/RPLISv8.317.0-RC2/7606.js> (resource type: script, referrer: https://www.vivanuncios.com.mx/)
2026-08-12 09:42:27,904 [scrapy-playwright] DEBUG: [Context=default] Request: <GET https://img10.naventcdn.com/listado/RPLISv8.317.0-RC2/3409.js> (resource type: script, referrer: https://www.vivanuncios.com.mx/)
2026-08-12 09:42:27,905 [scrapy-playwright] DEBUG: [Context=default] Request: <GET https://img10.naventcdn.com/listado/RPLISv8.317.0-RC2/8463.js> (resource type: script, referrer: https://www.vivanuncios.com.mx/)
2026-08-12 09:42:27,905 [scrapy-playwright] DEBUG: [Context=default] Request: <GET https://img10.naventcdn.com/listado/RPLISv8.317.0-RC2/5792.js> (resource type: script, referrer: https://www.vivanuncios.com.mx/)
2026-08-12 09:42:27,906 [scrapy-playwright] DEBUG: [Context=default] Request: <GET https://img10.naventcdn.com/listado/RPLISv8.317.0-RC2/posting_card.js> (resource type: script, referrer: https://www.vivanuncios.com.mx/)
2026-08-12 09:42:27,906 [scrapy-playwright] DEBUG: [Context=default] Request: <GET https://img10.naventcdn.com/listado/RPLISv8.317.0-RC2/posting_gallery_fixed_components.js> (resource type: script, referrer: https://www.vivanuncios.com.mx/)
2026-08-12 09:42:27,906 [scrapy-playwright] DEBUG: [Context=default] Request: <GET https://img10.naventcdn.com/listado/RPLISv8.317.0-RC2/9612.js> (resource type: script, referrer: https://www.vivanuncios.com.mx/)
2026-08-12 09:42:27,907 [scrapy-playwright] DEBUG: [Context=default] Request: <GET https://img10.naventcdn.com/listado/RPLISv8.317.0-RC2/3386.js> (resource type: script, referrer: https://www.vivanuncios.com.mx/)
2026-08-12 09:42:27,907 [scrapy-playwright] DEBUG: [Context=default] Request: <GET https://img10.naventcdn.com/listado/RPLISv8.317.0-RC2/3313.js> (resource type: script, referrer: https://www.vivanuncios.com.mx/)
2026-08-12 09:42:27,907 [scrapy-playwright] DEBUG: [Context=default] Request: <GET https://img10.naventcdn.com/listado/RPLISv8.317.0-RC2/3546.js> (resource type: script, referrer: https://www.vivanuncios.com.mx/)
2026-08-12 09:42:27,907 [scrapy-playwright] DEBUG: [Context=default] Request: <GET https://img10.naventcdn.com/listado/RPLISv8.317.0-RC2/6752.js> (resource type: script, referrer: https://www.vivanuncios.com.mx/)
2026-08-12 09:42:27,908 [scrapy-playwright] DEBUG: [Context=default] Request: <GET https://img10.naventcdn.com/listado/RPLISv8.317.0-RC2/postings_call_to_actions.js> (resource type: script, referrer: https://www.vivanuncios.com.mx/)
2026-08-12 09:42:27,908 [scrapy-playwright] DEBUG: [Context=default] Request: <GET https://img10.naventcdn.com/listado/RPLISv8.317.0-RC2/whatsapp_button.js> (resource type: script, referrer: https://www.vivanuncios.com.mx/)
2026-08-12 09:42:27,908 [scrapy-playwright] DEBUG: [Context=default] Request: <GET https://img10.naventcdn.com/listado/RPLISv8.317.0-RC2/contact_button.js> (resource type: script, referrer: https://www.vivanuncios.com.mx/)
2026-08-12 09:42:27,909 [scrapy-playwright] DEBUG: [Context=default] Request: <GET https://img10.naventcdn.com/listado/RPLISv8.317.0-RC2/recommended_container.js> (resource type: script, referrer: https://www.vivanuncios.com.mx/)
2026-08-12 09:42:27,909 [scrapy-playwright] DEBUG: [Context=default] Request: <GET https://img10.naventcdn.com/listado/RPLISv8.317.0-RC2/map_button.js> (resource type: script, referrer: https://www.vivanuncios.com.mx/)
2026-08-12 09:42:27,909 [scrapy-playwright] DEBUG: [Context=default] Request: <GET https://img10.naventcdn.com/listado/RPLISv8.317.0-RC2/side_column_ads_slots.js> (resource type: script, referrer: https://www.vivanuncios.com.mx/)
2026-08-12 09:42:27,909 [scrapy-playwright] DEBUG: [Context=default] Request: <GET https://img10.naventcdn.com/listado/RPLISv8.317.0-RC2/ads_implementation_router.js> (resource type: script, referrer: https://www.vivanuncios.com.mx/)
2026-08-12 09:42:27,909 [scrapy-playwright] DEBUG: [Context=default] Request: <GET https://img10.naventcdn.com/listado/RPLISv8.317.0-RC2/container_ads_slots.js> (resource type: script, referrer: https://www.vivanuncios.com.mx/)
2026-08-12 09:42:27,909 [scrapy-playwright] DEBUG: [Context=default] Request: <GET https://img10.naventcdn.com/listado/RPLISv8.317.0-RC2/memoized_ads_slots.js> (resource type: script, referrer: https://www.vivanuncios.com.mx/)
2026-08-12 09:42:27,910 [scrapy-playwright] DEBUG: [Context=default] Request: <GET https://img10.naventcdn.com/listado/RPLISv8.317.0-RC2/breadcrumb.js> (resource type: script, referrer: https://www.vivanuncios.com.mx/)
2026-08-12 09:42:27,910 [scrapy-playwright] DEBUG: [Context=default] Request: <GET https://img10.naventcdn.com/listado/RPLISv8.317.0-RC2/paging.js> (resource type: script, referrer: https://www.vivanuncios.com.mx/)
2026-08-12 09:42:27,910 [scrapy-playwright] DEBUG: [Context=default] Request: <GET https://img10.naventcdn.com/listado/RPLISv8.317.0-RC2/apostrophe_component.js> (resource type: script, referrer: https://www.vivanuncios.com.mx/)
2026-08-12 09:42:27,912 [scrapy-playwright] DEBUG: [Context=default] Request: <GET https://img10.naventcdn.com/listado/RPLISv8.317.0-RC2/apostrophe_description.js> (resource type: script, referrer: https://www.vivanuncios.com.mx/)
2026-08-12 09:42:27,912 [scrapy-playwright] DEBUG: [Context=default] Request: <GET https://img10.naventcdn.com/listado/RPLISv8.317.0-RC2/apostrophe_average_sale_price.js> (resource type: script, referrer: https://www.vivanuncios.com.mx/)
2026-08-12 09:42:27,912 [scrapy-playwright] DEBUG: [Context=default] Request: <GET https://img10.naventcdn.com/listado/RPLISv8.317.0-RC2/apostrophe_sale_range_price.js> (resource type: script, referrer: https://www.vivanuncios.com.mx/)
2026-08-12 09:42:27,913 [scrapy-playwright] DEBUG: [Context=default] Request: <GET https://img10.naventcdn.com/listado/RPLISv8.317.0-RC2/7757.js> (resource type: script, referrer: https://www.vivanuncios.com.mx/)
2026-08-12 09:42:27,913 [scrapy-playwright] DEBUG: [Context=default] Request: <GET https://img10.naventcdn.com/listado/RPLISv8.317.0-RC2/apostrophe_average_bedrooms_price.js> (resource type: script, referrer: https://www.vivanuncios.com.mx/)
2026-08-12 09:42:27,913 [scrapy-playwright] DEBUG: [Context=default] Request: <GET https://img10.naventcdn.com/listado/RPLISv8.317.0-RC2/5227.js> (resource type: script, referrer: https://www.vivanuncios.com.mx/)
2026-08-12 09:42:27,914 [scrapy-playwright] DEBUG: [Context=default] Request: <GET https://img10.naventcdn.com/listado/RPLISv8.317.0-RC2/cookies_policy_banner.js> (resource type: script, referrer: https://www.vivanuncios.com.mx/)
2026-08-12 09:42:27,914 [scrapy-playwright] DEBUG: [Context=default] Request: <GET https://www.googletagmanager.com/gtm.js?id=GTM-MC2DBQN> (resource type: script, referrer: https://www.vivanuncios.com.mx/)
2026-08-12 09:42:27,914 [scrapy-playwright] DEBUG: [Context=default] Request: <GET https://img10.naventcdn.com/empresas/18/00/00/05/12/53/130x70/51253.jpg> (resource type: image, referrer: https://www.vivanuncios.com.mx/)
2026-08-12 09:42:27,914 [scrapy-playwright] DEBUG: [Context=default] Request: <GET https://img10.naventcdn.com/empresas/18/00/50/22/98/44/130x70/logo_century-21-robles-herrera_1562166716192.jpg> (resource type: image, referrer: https://www.vivanuncios.com.mx/)
2026-08-12 09:42:27,915 [scrapy-playwright] DEBUG: [Context=default] Request: <GET https://img10.naventcdn.com/avisos/18/01/49/30/86/31/360x266/1594793333.jpg?rapc=bXZhX2ltYWdl?isFirstImage=true> (resource type: image, referrer: https://www.vivanuncios.com.mx/)
2026-08-12 09:42:27,915 [scrapy-playwright] DEBUG: [Context=default] Request: <GET https://img10.naventcdn.com/avisos/18/01/49/62/08/42/360x266/1601430689.jpg?rapc=bXZhX2ltYWdl?isFirstImage=true> (resource type: image, referrer: https://www.vivanuncios.com.mx/)
2026-08-12 09:42:27,915 [scrapy-playwright] DEBUG: [Context=default] Request: <GET https://img10.naventcdn.com/avisos/18/01/49/61/95/64/360x266/1601408534.jpg?rapc=bXZhX2ltYWdl?isFirstImage=true> (resource type: image, referrer: https://www.vivanuncios.com.mx/)
2026-08-12 09:42:27,916 [scrapy-playwright] DEBUG: [Context=default] Request: <GET https://img10.naventcdn.com/avisos/18/01/50/59/76/43/360x266/1621564029.jpg?rapc=bXZhX2ltYWdl?isFirstImage=true> (resource type: image, referrer: https://www.vivanuncios.com.mx/)
2026-08-12 09:42:27,916 [scrapy-playwright] DEBUG: [Context=default] Request: <GET https://img10.naventcdn.com/empresas/18/00/50/21/19/47/130x70/logo_espacior-bienes-raices_1554835797067.jpg> (resource type: image, referrer: https://www.vivanuncios.com.mx/)
2026-08-12 09:42:27,916 [scrapy-playwright] DEBUG: [Context=default] Request: <GET https://img10.naventcdn.com/avisos/18/01/49/67/09/19/360x266/1602401087.jpg?rapc=bXZhX2ltYWdl?isFirstImage=true> (resource type: image, referrer: https://www.vivanuncios.com.mx/)
2026-08-12 09:42:27,917 [scrapy-playwright] DEBUG: [Context=default] Request: <GET https://img10.naventcdn.com/empresas/18/00/50/20/91/91/130x70/logo_beall-bienes-raices_1701107763300.jpg> (resource type: image, referrer: https://www.vivanuncios.com.mx/)
2026-08-12 09:42:27,917 [scrapy-playwright] DEBUG: [Context=default] Request: <GET https://img10.naventcdn.com/avisos/18/01/49/62/08/37/360x266/1601744665.jpg?rapc=bXZhX2ltYWdl?isFirstImage=true> (resource type: image, referrer: https://www.vivanuncios.com.mx/)
2026-08-12 09:42:27,918 [scrapy-playwright] DEBUG: [Context=default] Request: <GET https://img10.naventcdn.com/listado/RPLISv8.317.0-RC2/images/premier.ff39caf6.svg> (resource type: image, referrer: https://www.vivanuncios.com.mx/)
2026-08-12 09:42:27,918 [scrapy-playwright] DEBUG: [Context=default] Request: <GET https://img10.naventcdn.com/avisos/18/01/50/13/92/86/360x266/1611972505.jpg?rapc=bXZhX2ltYWdl?isFirstImage=true> (resource type: image, referrer: https://www.vivanuncios.com.mx/)
2026-08-12 09:42:27,918 [scrapy-playwright] DEBUG: [Context=default] Request: <GET https://img10.naventcdn.com/empresas/18/00/50/23/09/15/130x70/logo_w-real-estate_1717646762663.jpg> (resource type: image, referrer: https://www.vivanuncios.com.mx/)
2026-08-12 09:42:27,918 [scrapy-playwright] DEBUG: [Context=default] Request: <GET https://img10.naventcdn.com/avisos/18/01/50/46/07/97/360x266/1618570366.jpg?rapc=bXZhX2ltYWdl?isFirstImage=true> (resource type: image, referrer: https://www.vivanuncios.com.mx/)
2026-08-12 09:42:27,919 [scrapy-playwright] DEBUG: [Context=default] Request: <GET https://img10.naventcdn.com/avisos/18/01/50/66/38/25/360x266/1622903236.jpg?rapc=bXZhX2ltYWdl?isFirstImage=true> (resource type: image, referrer: https://www.vivanuncios.com.mx/)
2026-08-12 09:42:27,919 [scrapy-playwright] DEBUG: [Context=default] Request: <GET https://img10.naventcdn.com/empresas/18/00/51/08/67/97/130x70/logo_renacer-asesores-inmobiliarios-s-de-rl-de-cv_1785354236589.jpg> (resource type: image, referrer: https://www.vivanuncios.com.mx/)
2026-08-12 09:42:27,919 [scrapy-playwright] DEBUG: [Context=default] Request: <GET https://img10.naventcdn.com/avisos/18/01/50/57/31/60/360x266/1621081704.jpg?rapc=bXZhX2ltYWdl?isFirstImage=true> (resource type: image, referrer: https://www.vivanuncios.com.mx/)
2026-08-12 09:42:27,919 [scrapy-playwright] DEBUG: [Context=default] Request: <GET https://img10.naventcdn.com/listado/RPLISv8.317.0-RC2/images/mexico-vamx.0f7e4912.png> (resource type: image, referrer: https://www.vivanuncios.com.mx/)
2026-08-12 09:42:27,919 [scrapy-playwright] DEBUG: [Context=default] Request: <GET https://www.vivanuncios.com.mx/cdn-cgi/challenge-platform/scripts/jsd/main.js> (resource type: script)
2026-08-12 09:42:27,919 [scrapy-playwright] DEBUG: [Context=default] Request: <POST https://www.vivanuncios.com.mx/cdn-cgi/challenge-platform/h/g/jsd/oneshot/aae2b9a1c261/0.5146932117011116:1786546835:StkEKgBXLEvCdI03SLlp2zYcedWuj5LWP0r1YiGUTaY/a2a09708088fc8bf> (resource type: xhr)
2026-08-12 09:42:27,920 [scrapy-playwright] DEBUG: [Context=default] Response: <200 https://img10.naventcdn.com/ficha/RPFICv5.427.0-RC3/29.e47df8.css>
2026-08-12 09:42:27,920 [scrapy-playwright] DEBUG: [Context=default] Request: <GET https://img10.naventcdn.com/empresas/18/00/50/22/98/44/130x70/logo_century-21-robles-herrera_1562166716192.jpg> (resource type: image, referrer: https://www.vivanuncios.com.mx/)
2026-08-12 09:42:27,921 [scrapy-playwright] DEBUG: [Context=default] Request: <GET https://img10.naventcdn.com/empresas/18/00/50/22/64/16/130x70/logo_gl-bienes-raices_9.jpg> (resource type: image, referrer: https://www.vivanuncios.com.mx/)
2026-08-12 09:42:27,922 [scrapy-playwright] DEBUG: [Context=default] Response: <200 https://img10.naventcdn.com/listado/RPLISv8.317.0-RC2/css/8447.f7b753072c14bf89ae80.css>
2026-08-12 09:42:27,922 [scrapy-playwright] DEBUG: [Context=default] Response: <200 https://img10.naventcdn.com/listado/RPLISv8.317.0-RC2/css/recommended_gallery.bf1abec856b24ace8279.css>
2026-08-12 09:42:27,922 [scrapy-playwright] DEBUG: [Context=default] Response: <403 https://www.vivanuncios.com.mx/rplis-api/user/activity?postingsIds=145938066,149588204,150519613,150562005,148210307,150366400,150562048,150514714,149428159,149428128,149428139,149428154,149994776,150210841,150683487,150551090,150327646,149604380,150728028,149614173,149521801,149428158,148007848,150027483,149241975,150562009,150573183,150205615,148308913,147861369>
2026-08-12 09:42:27,922 [scrapy-playwright] DEBUG: [Context=default] Request: <GET https://img10.naventcdn.com/ficha/RPFICv5.427.0-RC3/0.3a73f1.css> (resource type: stylesheet, referrer: https://www.vivanuncios.com.mx/a-venta-casa/fraccionamiento-diamante-reliz/casa-en-venta-fracc-monte-caleres/149315625)
2026-08-12 09:42:27,922 [scrapy-playwright] DEBUG: [Context=default] Request: <GET https://img10.naventcdn.com/ficha/RPFICv5.427.0-RC3/0.9cb3ce.js> (resource type: script, referrer: https://www.vivanuncios.com.mx/a-venta-casa/fraccionamiento-diamante-reliz/casa-en-venta-fracc-monte-caleres/149315625)
2026-08-12 09:42:27,922 [scrapy-playwright] DEBUG: [Context=default] Request: <GET https://img10.naventcdn.com/ficha/RPFICv5.427.0-RC3/1.6bf0d2.css> (resource type: stylesheet, referrer: https://www.vivanuncios.com.mx/a-venta-casa/fraccionamiento-diamante-reliz/casa-en-venta-fracc-monte-caleres/149315625)
2026-08-12 09:42:27,922 [scrapy-playwright] DEBUG: [Context=default] Request: <GET https://img10.naventcdn.com/ficha/RPFICv5.427.0-RC3/1.6d10b9.js> (resource type: script, referrer: https://www.vivanuncios.com.mx/a-venta-casa/fraccionamiento-diamante-reliz/casa-en-venta-fracc-monte-caleres/149315625)
2026-08-12 09:42:27,922 [scrapy-playwright] DEBUG: [Context=default] Request: <GET https://img10.naventcdn.com/ficha/RPFICv5.427.0-RC3/4.bfc972.js> (resource type: script, referrer: https://www.vivanuncios.com.mx/a-venta-casa/fraccionamiento-diamante-reliz/casa-en-venta-fracc-monte-caleres/149315625)
2026-08-12 09:42:27,923 [scrapy-playwright] DEBUG: [Context=default] Request: <GET https://img10.naventcdn.com/ficha/RPFICv5.427.0-RC3/3.156996.css> (resource type: stylesheet, referrer: https://www.vivanuncios.com.mx/a-venta-casa/fraccionamiento-diamante-reliz/casa-en-venta-fracc-monte-caleres/149315625)
2026-08-12 09:42:27,923 [scrapy-playwright] DEBUG: [Context=default] Request: <GET https://img10.naventcdn.com/ficha/RPFICv5.427.0-RC3/3.33fbb4.js> (resource type: script, referrer: https://www.vivanuncios.com.mx/a-venta-casa/fraccionamiento-diamante-reliz/casa-en-venta-fracc-monte-caleres/149315625)
2026-08-12 09:42:27,923 [scrapy-playwright] DEBUG: [Context=default] Request: <GET https://img10.naventcdn.com/ficha/RPFICv5.427.0-RC3/20.f993b6.css> (resource type: stylesheet, referrer: https://www.vivanuncios.com.mx/a-venta-casa/fraccionamiento-diamante-reliz/casa-en-venta-fracc-monte-caleres/149315625)
2026-08-12 09:42:27,923 [scrapy-playwright] DEBUG: [Context=default] Request: <GET https://img10.naventcdn.com/ficha/RPFICv5.427.0-RC3/20.8205a6.js> (resource type: script, referrer: https://www.vivanuncios.com.mx/a-venta-casa/fraccionamiento-diamante-reliz/casa-en-venta-fracc-monte-caleres/149315625)
2026-08-12 09:42:27,924 [scrapy-playwright] DEBUG: [Context=default] Request: <GET https://img10.naventcdn.com/ficha/RPFICv5.427.0-RC3/2.6444af.js> (resource type: script, referrer: https://www.vivanuncios.com.mx/a-venta-casa/fraccionamiento-diamante-reliz/casa-en-venta-fracc-monte-caleres/149315625)
2026-08-12 09:42:27,925 [scrapy-playwright] DEBUG: [Context=default] Request: <GET https://img10.naventcdn.com/ficha/RPFICv5.427.0-RC3/6.5a558a.css> (resource type: stylesheet, referrer: https://www.vivanuncios.com.mx/a-venta-casa/fraccionamiento-diamante-reliz/casa-en-venta-fracc-monte-caleres/149315625)
2026-08-12 09:42:27,925 [scrapy-playwright] DEBUG: [Context=default] Request: <GET https://img10.naventcdn.com/ficha/RPFICv5.427.0-RC3/6.6dab38.js> (resource type: script, referrer: https://www.vivanuncios.com.mx/a-venta-casa/fraccionamiento-diamante-reliz/casa-en-venta-fracc-monte-caleres/149315625)
2026-08-12 09:42:27,925 [scrapy-playwright] DEBUG: [Context=default] Request: <GET https://img10.naventcdn.com/ficha/RPFICv5.427.0-RC3/18.c543a2.css> (resource type: stylesheet, referrer: https://www.vivanuncios.com.mx/a-venta-casa/fraccionamiento-diamante-reliz/casa-en-venta-fracc-monte-caleres/149315625)
2026-08-12 09:42:27,925 [scrapy-playwright] DEBUG: [Context=default] Request: <GET https://img10.naventcdn.com/ficha/RPFICv5.427.0-RC3/18.ddbfee.js> (resource type: script, referrer: https://www.vivanuncios.com.mx/a-venta-casa/fraccionamiento-diamante-reliz/casa-en-venta-fracc-monte-caleres/149315625)
2026-08-12 09:42:27,925 [scrapy-playwright] DEBUG: [Context=default] Request: <GET https://img10.naventcdn.com/ficha/RPFICv5.427.0-RC3/30.a450f8.css> (resource type: stylesheet, referrer: https://www.vivanuncios.com.mx/a-venta-casa/fraccionamiento-diamante-reliz/casa-en-venta-fracc-monte-caleres/149315625)
2026-08-12 09:42:27,926 [scrapy-playwright] DEBUG: [Context=default] Request: <GET https://img10.naventcdn.com/ficha/RPFICv5.427.0-RC3/30.cb8e20.js> (resource type: script, referrer: https://www.vivanuncios.com.mx/a-venta-casa/fraccionamiento-diamante-reliz/casa-en-venta-fracc-monte-caleres/149315625)
2026-08-12 09:42:27,926 [scrapy-playwright] DEBUG: [Context=default] Request: <GET https://img10.naventcdn.com/ficha/RPFICv5.427.0-RC3/31.78b7dd.css> (resource type: stylesheet, referrer: https://www.vivanuncios.com.mx/a-venta-casa/fraccionamiento-diamante-reliz/casa-en-venta-fracc-monte-caleres/149315625)
2026-08-12 09:42:27,926 [scrapy-playwright] DEBUG: [Context=default] Request: <GET https://img10.naventcdn.com/ficha/RPFICv5.427.0-RC3/31.f799ea.js> (resource type: script, referrer: https://www.vivanuncios.com.mx/a-venta-casa/fraccionamiento-diamante-reliz/casa-en-venta-fracc-monte-caleres/149315625)
2026-08-12 09:42:27,926 [scrapy-playwright] DEBUG: [Context=default] Request: <GET https://img10.naventcdn.com/ficha/RPFICv5.427.0-RC3/17.cf3424.css> (resource type: stylesheet, referrer: https://www.vivanuncios.com.mx/a-venta-casa/fraccionamiento-diamante-reliz/casa-en-venta-fracc-monte-caleres/149315625)
2026-08-12 09:42:27,926 [scrapy-playwright] DEBUG: [Context=default] Request: <GET https://img10.naventcdn.com/ficha/RPFICv5.427.0-RC3/17.2fc806.js> (resource type: script, referrer: https://www.vivanuncios.com.mx/a-venta-casa/fraccionamiento-diamante-reliz/casa-en-venta-fracc-monte-caleres/149315625)
2026-08-12 09:42:27,928 [scrapy-playwright] DEBUG: [Context=default] Request: <GET https://img10.naventcdn.com/ficha/RPFICv5.427.0-RC3/28.bb9122.css> (resource type: stylesheet, referrer: https://www.vivanuncios.com.mx/a-venta-casa/fraccionamiento-diamante-reliz/casa-en-venta-fracc-monte-caleres/149315625)
2026-08-12 09:42:27,929 [scrapy-playwright] DEBUG: [Context=default] Request: <GET https://img10.naventcdn.com/ficha/RPFICv5.427.0-RC3/28.dd139c.js> (resource type: script, referrer: https://www.vivanuncios.com.mx/a-venta-casa/fraccionamiento-diamante-reliz/casa-en-venta-fracc-monte-caleres/149315625)
2026-08-12 09:42:27,929 [scrapy-playwright] DEBUG: [Context=default] Request: <GET https://img10.naventcdn.com/ficha/RPFICv5.427.0-RC3/23.0d50a6.css> (resource type: stylesheet, referrer: https://www.vivanuncios.com.mx/a-venta-casa/fraccionamiento-diamante-reliz/casa-en-venta-fracc-monte-caleres/149315625)
2026-08-12 09:42:27,930 [scrapy-playwright] DEBUG: [Context=default] Request: <GET https://img10.naventcdn.com/ficha/RPFICv5.427.0-RC3/23.7f578a.js> (resource type: script, referrer: https://www.vivanuncios.com.mx/a-venta-casa/fraccionamiento-diamante-reliz/casa-en-venta-fracc-monte-caleres/149315625)
2026-08-12 09:42:27,931 [scrapy-playwright] DEBUG: [Context=default] Request: <GET https://img10.naventcdn.com/ficha/RPFICv5.427.0-RC3/34.53561f.js> (resource type: script, referrer: https://www.vivanuncios.com.mx/a-venta-casa/fraccionamiento-diamante-reliz/casa-en-venta-fracc-monte-caleres/149315625)
2026-08-12 09:42:27,931 [scrapy-playwright] DEBUG: [Context=default] Request: <POST https://www.vivanuncios.com.mx/analytics/avisos_countImpressions.ajax> (resource type: fetch, referrer: https://www.vivanuncios.com.mx/s-venta-inmuebles/chihuahua-chih/v1c1097l10163p1)
2026-08-12 09:42:27,931 [scrapy-playwright] DEBUG: [Context=default] Request: <GET https://www.vivanuncios.com.mx/rp-api/user/session> (resource type: fetch, referrer: https://www.vivanuncios.com.mx/a-venta-casa/fraccionamiento-diamante-reliz/casa-en-venta-fracc-monte-caleres/149315625)
2026-08-12 09:42:27,933 [scrapy-playwright] DEBUG: [Context=default] Request: <GET https://img10.naventcdn.com/ficha/RPFICv5.427.0-RC3/12.3125fc.css> (resource type: stylesheet, referrer: https://www.vivanuncios.com.mx/a-venta-casa/fraccionamiento-diamante-reliz/casa-en-venta-fracc-monte-caleres/149315625)
2026-08-12 09:42:27,934 [scrapy-playwright] DEBUG: [Context=default] Request: <GET https://img10.naventcdn.com/ficha/RPFICv5.427.0-RC3/12.c4d281.js> (resource type: script, referrer: https://www.vivanuncios.com.mx/a-venta-casa/fraccionamiento-diamante-reliz/casa-en-venta-fracc-monte-caleres/149315625)
2026-08-12 09:42:27,934 [scrapy-playwright] DEBUG: [Context=default] Request: <GET https://www.vivanuncios.com.mx/rp-api/labs/v1/recommended?isMobile=false&page=listado&limit=20&action=&isDevelop=false&idsPostingView=145938066%2C149588204%2C150519613%2C150562005%2C148210307%2C150366400%2C150562048%2C150514714%2C149428159%2C149428128%2C149428139%2C149428154%2C149994776%2C150210841%2C150683487%2C150551090%2C150327646%2C149604380%2C150728028%2C149614173%2C149521801%2C149428158%2C148007848%2C150027483%2C149241975%2C150562009%2C150573183%2C150205615%2C148308913%2C147861369&recommendName=personalizedRecommended> (resource type: fetch, referrer: https://www.vivanuncios.com.mx/s-venta-inmuebles/chihuahua-chih/v1c1097l10163p1)
2026-08-12 09:42:27,934 [scrapy-playwright] DEBUG: [Context=default] Request: <POST https://www.vivanuncios.com.mx/metrics/api/v1/events> (resource type: ping, referrer: https://www.vivanuncios.com.mx/a-venta-casa/fraccionamiento-diamante-reliz/casa-en-venta-fracc-monte-caleres/149315625)
2026-08-12 09:42:27,934 [scrapy-playwright] DEBUG: [Context=default] Request: <GET https://img10.naventcdn.com/ficha/RPFICv5.427.0-RC3/10.9db734.js> (resource type: script, referrer: https://www.vivanuncios.com.mx/a-venta-casa/fraccionamiento-diamante-reliz/casa-en-venta-fracc-monte-caleres/149315625)
2026-08-12 09:42:27,934 [scrapy-playwright] DEBUG: [Context=default] Request: <POST https://www.vivanuncios.com.mx/rpfic-api/listado/activity> (resource type: fetch, referrer: https://www.vivanuncios.com.mx/a-venta-casa/fraccionamiento-diamante-reliz/casa-en-venta-fracc-monte-caleres/149315625)
2026-08-12 09:42:27,936 [scrapy-playwright] DEBUG: [Context=default] Response: <200 https://www.googletagmanager.com/gtm.js?id=GTM-MC2DBQN>
2026-08-12 09:42:27,945 [scrapy-playwright] DEBUG: [Context=default] Response: <200 https://img10.naventcdn.com/listado/RPLISv8.317.0-RC2/images/chevron-down-black2.8252f7ce.svg>
2026-08-12 09:42:27,945 [scrapy-playwright] DEBUG: [Context=default] Request: <GET https://www.googletagmanager.com/gtag/js?id=G-C4HWQQM571&cx=c&gtm=4e68a1> (resource type: script, referrer: https://www.vivanuncios.com.mx/)
2026-08-12 09:42:27,945 [scrapy-playwright] DEBUG: [Context=default] Request: <GET https://gum.criteo.com/sync?c=undefined&r=2&a=1&j=crto_callback> (resource type: script, referrer: https://www.vivanuncios.com.mx/)
2026-08-12 09:42:27,946 [scrapy-playwright] DEBUG: [Context=default] Request: <GET https://www.googletagmanager.com/gtag/js?id=G-C4HWQQM571&cx=c&gtm=4e68a1> (resource type: script, referrer: https://www.vivanuncios.com.mx/a-venta-casa/fraccionamiento-diamante-reliz/casa-en-venta-fracc-monte-caleres/149315625)
2026-08-12 09:42:27,946 [scrapy-playwright] DEBUG: [Context=default] Request: <GET https://gum.criteo.com/sync?c=undefined&r=2&a=1&j=crto_callback> (resource type: script, referrer: https://www.vivanuncios.com.mx/a-venta-casa/fraccionamiento-diamante-reliz/casa-en-venta-fracc-monte-caleres/149315625)
2026-08-12 09:42:27,946 [scrapy-playwright] DEBUG: [Context=default] Request: <POST https://www.google.com/ccm/collect?rcb=7&frm=0&apvc=1&ae=g&auid=1922152012.1786549348&dt=3%2C864%20Propiedades%20e%20inmuebles%20en%20venta%20-%20Chihuahua%2C%20Chihuahua%20-%20Vivanuncios&en=page_view&dl=https%3A%2F%2Fwww.vivanuncios.com.mx%2Fs-venta-inmuebles%2Fchihuahua-chih%2Fv1c1097l10163p1&scrsrc=www.googletagmanager.com&rnd=1813134897.1786549348&navt=n&npa=0&ep.ads_data_redaction=0&gtm=45He68a1v858857621za200zd858857621xea&gcd=13l3l3l3l1l1&dma=0&tag_exp=115938465~115938469~118395334~118897920~118897930~119527019~119896803&tft=1786549347870&tfd=1533&fmt=8> (resource type: fetch, referrer: https://www.vivanuncios.com.mx/)
2026-08-12 09:42:27,947 [scrapy-playwright] DEBUG: [Context=default] Request: <POST https://ad.doubleclick.net/ccm/s/collect?auid=1922152012.1786549348&gtm=45He68a1v858857621za200zd858857621xea&fmt=8> (resource type: fetch, referrer: https://www.vivanuncios.com.mx/)
2026-08-12 09:42:27,948 [scrapy-playwright] DEBUG: [Context=default] Request: <POST https://www.google.com/ccm/collect?rcb=6&frm=0&apvc=1&ae=g&auid=1922152012.1786549348&dt=Casas%20en%20venta%20-%20213m2%20-%203%20recamaras%20-%20Fraccionamiento%20Diamant...&en=page_view&dl=https%3A%2F%2Fwww.vivanuncios.com.mx%2Fa-venta-casa%2Ffraccionamiento-diamante-reliz%2Fcasa-en-venta-fracc-monte-caleres%2F149315625&scrsrc=www.googletagmanager.com&rnd=948844719.1786549348&navt=n&npa=0&ep.ads_data_redaction=0&gtm=45He68a1v858857621za200zd858857621xea&gcd=13l3l3l3l1l1&dma=0&tag_exp=115616986~115938466~115938468~118395333~118897920~118897930~119404700~119527020~119896802&tft=1786549347876&tfd=1542&fmt=8> (resource type: fetch, referrer: https://www.vivanuncios.com.mx/a-venta-casa/fraccionamiento-diamante-reliz/casa-en-venta-fracc-monte-caleres/149315625)
2026-08-12 09:42:27,948 [scrapy-playwright] DEBUG: [Context=default] Request: <POST https://ad.doubleclick.net/ccm/s/collect?auid=1922152012.1786549348&gtm=45He68a1v858857621za200zd858857621xea&fmt=8> (resource type: fetch, referrer: https://www.vivanuncios.com.mx/a-venta-casa/fraccionamiento-diamante-reliz/casa-en-venta-fracc-monte-caleres/149315625)
2026-08-12 09:42:27,948 [scrapy-playwright] DEBUG: [Context=default] Response: <200 https://img10.naventcdn.com/avisos/18/01/45/93/77/48/360x266/1519681336.jpg?rapc=bXZhX2ltYWdl>
2026-08-12 09:42:27,948 [scrapy-playwright] DEBUG: [Context=default] Request: <GET https://www.googletagmanager.com/gtag/js?id=G-3W0YTSRCK7&cx=c&gtm=4e68a1> (resource type: script, referrer: https://www.vivanuncios.com.mx/)
2026-08-12 09:42:27,948 [scrapy-playwright] DEBUG: [Context=default] Response: <403 https://www.vivanuncios.com.mx/rp-api/user/session>
2026-08-12 09:42:27,951 [scrapy-playwright] DEBUG: [Context=default] Request: <GET https://www.googletagmanager.com/gtag/js?id=G-3W0YTSRCK7&cx=c&gtm=4e68a1> (resource type: script, referrer: https://www.vivanuncios.com.mx/a-venta-casa/fraccionamiento-diamante-reliz/casa-en-venta-fracc-monte-caleres/149315625)
2026-08-12 09:42:27,951 [scrapy-playwright] DEBUG: [Context=default] Response: <200 https://img10.naventcdn.com/listado/RPLISv8.317.0-RC2/images/brand-refresh-header-vivanuncios.4255c6b4.svg>
2026-08-12 09:42:27,952 [scrapy-playwright] DEBUG: [Context=default] Request: <GET https://img10.naventcdn.com/listado/RPLISv8.317.0-RC2/9366.js> (resource type: script, referrer: https://www.vivanuncios.com.mx/)
2026-08-12 09:42:27,952 [scrapy-playwright] DEBUG: [Context=default] Request: <GET https://img10.naventcdn.com/listado/RPLISv8.317.0-RC2/css/quick_login.cafb6c3544016c1bb0c9.css> (resource type: stylesheet, referrer: https://www.vivanuncios.com.mx/)
2026-08-12 09:42:27,952 [scrapy-playwright] DEBUG: [Context=default] Request: <GET https://img10.naventcdn.com/listado/RPLISv8.317.0-RC2/quick_login.js> (resource type: script, referrer: https://www.vivanuncios.com.mx/)
2026-08-12 09:42:27,952 [scrapy-playwright] DEBUG: [Context=default] Response: <200 https://img10.naventcdn.com/avisos/18/01/49/58/81/78/360x266/1600719597.jpg?rapc=bXZhX2ltYWdl>
2026-08-12 09:42:27,952 [scrapy-playwright] DEBUG: [Context=default] Response: <200 https://img10.naventcdn.com/listado/RPLISv8.317.0-RC2/images/right-arrow.5c51420c.svg>
2026-08-12 09:42:27,952 [scrapy-playwright] DEBUG: [Context=default] Request: <GET https://finprop-api-content.vivanuncios.com.mx/contents?site=VAMX&page=listado&section=header_calculator_banner&user.id=&user.name=&user.surname=&user.email=&user.phone=> (resource type: fetch, referrer: https://www.vivanuncios.com.mx/)
2026-08-12 09:42:27,953 [scrapy-playwright] DEBUG: [Context=default] Response: <204 https://finprop-api-content.vivanuncios.com.mx/contents?site=VAMX&page=listado&section=header_calculator_banner&user.id=&user.name=&user.surname=&user.email=&user.phone=>
2026-08-12 09:42:27,957 [scrapy-playwright] DEBUG: [Context=default] Response: <200 https://img10.naventcdn.com/listado/RPLISv8.317.0-RC2/react-dom.js>
2026-08-12 09:42:27,957 [scrapy-playwright] DEBUG: [Context=default] Response: <200 https://img10.naventcdn.com/listado/RPLISv8.317.0-RC2/main.js>
2026-08-12 09:42:27,957 [scrapy-playwright] DEBUG: [Context=default] Response: <200 https://img10.naventcdn.com/listado/RPLISv8.317.0-RC2/site_modal_provider.js>
2026-08-12 09:42:27,957 [scrapy-playwright] DEBUG: [Context=default] Response: <200 https://img10.naventcdn.com/listado/RPLISv8.317.0-RC2/libphonenumber.js>
2026-08-12 09:42:27,957 [scrapy-playwright] DEBUG: [Context=default] Response: <200 https://img10.naventcdn.com/listado/RPLISv8.317.0-RC2/header_app.js>
2026-08-12 09:42:27,958 [scrapy-playwright] DEBUG: [Context=default] Response: <200 https://img10.naventcdn.com/listado/RPLISv8.317.0-RC2/2996.js>
2026-08-12 09:42:27,958 [scrapy-playwright] DEBUG: [Context=default] Response: <200 https://img10.naventcdn.com/listado/RPLISv8.317.0-RC2/942.js>
2026-08-12 09:42:27,958 [scrapy-playwright] DEBUG: [Context=default] Response: <200 https://img10.naventcdn.com/listado/RPLISv8.317.0-RC2/6545.js>
2026-08-12 09:42:27,958 [scrapy-playwright] DEBUG: [Context=default] Response: <200 https://img10.naventcdn.com/avisos/18/01/49/31/56/19/360x266/1594934871.jpg?rapc=bXZhX2ltYWdl>
2026-08-12 09:42:27,959 [scrapy-playwright] DEBUG: [Context=default] Response: <200 https://img10.naventcdn.com/listado/RPLISv8.317.0-RC2/images/icon-more-filters.af5473e4.svg>
2026-08-12 09:42:27,959 [scrapy-playwright] DEBUG: [Context=default] Response: <200 https://img10.naventcdn.com/listado/RPLISv8.317.0-RC2/images/chevron-down.9f9f3010.svg>
2026-08-12 09:42:27,959 [scrapy-playwright] DEBUG: [Context=default] Response: <200 https://img10.naventcdn.com/listado/RPLISv8.317.0-RC2/images/chat_bubble.c941ee77.svg>
2026-08-12 09:42:27,959 [scrapy-playwright] DEBUG: [Context=default] Response: <200 https://img10.naventcdn.com/listado/RPLISv8.317.0-RC2/images/discountArrow.6a9f69eb.svg>
2026-08-12 09:42:27,959 [scrapy-playwright] DEBUG: [Context=default] Response: <200 https://img10.naventcdn.com/listado/RPLISv8.317.0-RC2/images/updown.487f1160.svg>
2026-08-12 09:42:27,959 [scrapy-playwright] DEBUG: [Context=default] Response: <200 https://img10.naventcdn.com/listado/RPLISv8.317.0-RC2/header_content.js>
2026-08-12 09:42:27,959 [scrapy-playwright] DEBUG: [Context=default] Response: <200 https://img10.naventcdn.com/listado/RPLISv8.317.0-RC2/filters_top.js>
2026-08-12 09:42:27,959 [scrapy-playwright] DEBUG: [Context=default] Response: <200 https://img10.naventcdn.com/listado/RPLISv8.317.0-RC2/9624.js>
2026-08-12 09:42:27,959 [scrapy-playwright] DEBUG: [Context=default] Response: <200 https://img10.naventcdn.com/listado/RPLISv8.317.0-RC2/header_desktop.js>
2026-08-12 09:42:27,959 [scrapy-playwright] DEBUG: [Context=default] Response: <200 https://img10.naventcdn.com/listado/RPLISv8.317.0-RC2/operation_nav_desktop.js>
2026-08-12 09:42:27,959 [scrapy-playwright] DEBUG: [Context=default] Response: <200 https://img10.naventcdn.com/listado/RPLISv8.317.0-RC2/fintech_block.js>
2026-08-12 09:42:27,959 [scrapy-playwright] DEBUG: [Context=default] Response: <200 https://img10.naventcdn.com/listado/RPLISv8.317.0-RC2/login_button.js>
2026-08-12 09:42:27,959 [scrapy-playwright] DEBUG: [Context=default] Response: <200 https://img10.naventcdn.com/listado/RPLISv8.317.0-RC2/7183.js>
2026-08-12 09:42:27,959 [scrapy-playwright] DEBUG: [Context=default] Response: <200 https://img10.naventcdn.com/listado/RPLISv8.317.0-RC2/dropdown_user_not_logged.js>
2026-08-12 09:42:27,960 [scrapy-playwright] DEBUG: [Context=default] Response: <200 https://img10.naventcdn.com/listado/RPLISv8.317.0-RC2/listing_view_columns.js>
2026-08-12 09:42:27,960 [scrapy-playwright] DEBUG: [Context=default] Response: <200 https://img10.naventcdn.com/listado/RPLISv8.317.0-RC2/7972.js>
2026-08-12 09:42:27,960 [scrapy-playwright] DEBUG: [Context=default] Response: <302 https://www.vivanuncios.com.mx/cdn-cgi/challenge-platform/scripts/jsd/main.js> (location: /cdn-cgi/challenge-platform/h/g/scripts/jsd/aae2b9a1c261/main.js?)
2026-08-12 09:42:27,960 [scrapy-playwright] DEBUG: [Context=default] Response: <302 https://us.creativecdn.com/tags?id=pr_uBSmHTMIe51S3ztqdTkn_listing_{{145938066,149588204,150519613,150562005,148210307}}> (location: https://us.creativecdn.com/tags?id=pr_uBSmHTMIe51S3ztqdTkn_listing_{{145938066,149588204,150519613,150562005,148210307}}&tc=1)
2026-08-12 09:42:27,960 [scrapy-playwright] DEBUG: [Context=default] Response: <200 https://www.vivanuncios.com.mx/cdn-cgi/challenge-platform/h/g/jsd/oneshot/aae2b9a1c261/0.5146932117011116:1786546835:StkEKgBXLEvCdI03SLlp2zYcedWuj5LWP0r1YiGUTaY/a2a09708088fc8bf>
2026-08-12 09:42:27,968 [scrapy-playwright] DEBUG: [Context=default] Response: <403 https://www.vivanuncios.com.mx/rp-api/user/session>
2026-08-12 09:42:27,969 [scrapy-playwright] DEBUG: [Context=default] Response: <403 https://www.vivanuncios.com.mx/analytics/avisos_countImpressions.ajax>
2026-08-12 09:42:27,969 [scrapy-playwright] DEBUG: [Context=default] Response: <403 https://www.vivanuncios.com.mx/metrics/api/v1/events>
2026-08-12 09:42:27,969 [scrapy-playwright] DEBUG: [Context=default] Response: <403 https://www.vivanuncios.com.mx/rpfic-api/listado/activity>
2026-08-12 09:42:27,970 [scrapy-playwright] DEBUG: [Context=default] Response: <200 https://img10.naventcdn.com/listado/RPLISv8.317.0-RC2/3281.js>
2026-08-12 09:42:27,975 [scrapy-playwright] DEBUG: [Context=default] Response: <200 https://img10.naventcdn.com/listado/RPLISv8.317.0-RC2/682.js>
2026-08-12 09:42:28,022 [scrapy-playwright] DEBUG: [Context=default] Response: <200 https://img10.naventcdn.com/listado/RPLISv8.317.0-RC2/images/arrow.a8a0125f.svg>
2026-08-12 09:42:28,022 [scrapy-playwright] DEBUG: [Context=default] Response: <403 https://www.vivanuncios.com.mx/rp-api/labs/v1/recommended?isMobile=false&page=listado&limit=20&action=&isDevelop=false&idsPostingView=145938066%2C149588204%2C150519613%2C150562005%2C148210307%2C150366400%2C150562048%2C150514714%2C149428159%2C149428128%2C149428139%2C149428154%2C149994776%2C150210841%2C150683487%2C150551090%2C150327646%2C149604380%2C150728028%2C149614173%2C149521801%2C149428158%2C148007848%2C150027483%2C149241975%2C150562009%2C150573183%2C150205615%2C148308913%2C147861369&recommendName=personalizedRecommended>
2026-08-12 09:42:28,023 [scrapy-playwright] DEBUG: [Context=default] Response: <200 https://img10.naventcdn.com/listado/RPLISv8.317.0-RC2/new_locations_render_type.js>
2026-08-12 09:42:28,023 [scrapy-playwright] DEBUG: [Context=default] Response: <200 https://img10.naventcdn.com/listado/RPLISv8.317.0-RC2/9663.js>
2026-08-12 09:42:28,023 [scrapy-playwright] DEBUG: [Context=default] Response: <200 https://img10.naventcdn.com/listado/RPLISv8.317.0-RC2/1576.js>
2026-08-12 09:42:28,031 [scrapy-playwright] DEBUG: [Context=default] Request: <GET https://www.vivanuncios.com.mx/cdn-cgi/challenge-platform/h/g/scripts/jsd/aae2b9a1c261/main.js?> (resource type: script)
2026-08-12 09:42:28,036 [scrapy-playwright] DEBUG: [Context=default] Request: <GET https://us.creativecdn.com/tags?id=pr_uBSmHTMIe51S3ztqdTkn_listing_{{145938066,149588204,150519613,150562005,148210307}}&tc=1> (resource type: document, referrer: https://www.vivanuncios.com.mx/)
2026-08-12 09:42:28,038 [scrapy-playwright] DEBUG: [Context=default] Response: <200 https://img10.naventcdn.com/listado/RPLISv8.317.0-RC2/more_filters.js>
2026-08-12 09:42:28,040 [scrapy-playwright] DEBUG: [Context=default] Response: <200 https://img10.naventcdn.com/listado/RPLISv8.317.0-RC2/operation_render_type.js>
2026-08-12 09:42:28,041 [scrapy-playwright] DEBUG: [Context=default] Response: <200 https://img10.naventcdn.com/listado/RPLISv8.317.0-RC2/checkbox_render_type.js>
2026-08-12 09:42:28,042 [scrapy-playwright] DEBUG: [Context=default] Response: <200 https://img10.naventcdn.com/listado/RPLISv8.317.0-RC2/6731.js>
2026-08-12 09:42:28,042 [scrapy-playwright] DEBUG: [Context=default] Response: <200 https://img10.naventcdn.com/listado/RPLISv8.317.0-RC2/create_bookmarks.js>
2026-08-12 09:42:28,044 [scrapy-playwright] DEBUG: [Context=default] Response: <200 https://img10.naventcdn.com/listado/RPLISv8.317.0-RC2/select_render_type_filter.js>
2026-08-12 09:42:28,044 [scrapy-playwright] DEBUG: [Context=default] Response: <200 https://img10.naventcdn.com/listado/RPLISv8.317.0-RC2/5968.js>
2026-08-12 09:42:28,044 [scrapy-playwright] DEBUG: [Context=default] Response: <200 https://img10.naventcdn.com/listado/RPLISv8.317.0-RC2/monetary_render_type.js>
2026-08-12 09:42:28,045 [scrapy-playwright] DEBUG: [Context=default] Response: <200 https://img10.naventcdn.com/listado/RPLISv8.317.0-RC2/7787.js>
2026-08-12 09:42:28,046 [scrapy-playwright] DEBUG: [Context=default] Response: <200 https://img10.naventcdn.com/listado/RPLISv8.317.0-RC2/posting_list_provider.js>
2026-08-12 09:42:28,047 [scrapy-playwright] DEBUG: [Context=default] Response: <200 https://img10.naventcdn.com/listado/RPLISv8.317.0-RC2/2522.js>
2026-08-12 09:42:28,050 [scrapy-playwright] DEBUG: [Context=default] Response: <200 https://img10.naventcdn.com/listado/RPLISv8.317.0-RC2/6975.js>
2026-08-12 09:42:28,052 [scrapy-playwright] DEBUG: [Context=default] Response: <200 https://img10.naventcdn.com/listado/RPLISv8.317.0-RC2/8447.js>
2026-08-12 09:42:28,053 [scrapy-playwright] DEBUG: [Context=default] Response: <200 https://img10.naventcdn.com/listado/RPLISv8.317.0-RC2/3409.js>
2026-08-12 09:42:28,053 [scrapy-playwright] DEBUG: [Context=default] Response: <200 https://img10.naventcdn.com/listado/RPLISv8.317.0-RC2/8463.js>
2026-08-12 09:42:28,053 [scrapy-playwright] DEBUG: [Context=default] Response: <200 https://img10.naventcdn.com/listado/RPLISv8.317.0-RC2/5792.js>
2026-08-12 09:42:28,054 [scrapy-playwright] DEBUG: [Context=default] Response: <200 https://img10.naventcdn.com/listado/RPLISv8.317.0-RC2/7606.js>
2026-08-12 09:42:28,054 [scrapy-playwright] DEBUG: [Context=default] Response: <200 https://img10.naventcdn.com/listado/RPLISv8.317.0-RC2/range_render_type.js>
2026-08-12 09:42:28,054 [scrapy-playwright] DEBUG: [Context=default] Response: <200 https://img10.naventcdn.com/listado/RPLISv8.317.0-RC2/posting_card.js>
2026-08-12 09:42:28,054 [scrapy-playwright] DEBUG: [Context=default] Response: <200 https://img10.naventcdn.com/listado/RPLISv8.317.0-RC2/list_view.js>
2026-08-12 09:42:28,055 [scrapy-playwright] DEBUG: [Context=default] Response: <200 https://img10.naventcdn.com/listado/RPLISv8.317.0-RC2/3386.js>
2026-08-12 09:42:28,055 [scrapy-playwright] DEBUG: [Context=default] Response: <200 https://www.vivanuncios.com.mx/cdn-cgi/challenge-platform/h/g/scripts/jsd/aae2b9a1c261/main.js?>
2026-08-12 09:42:28,055 [scrapy-playwright] DEBUG: [Context=default] Response: <200 https://img10.naventcdn.com/listado/RPLISv8.317.0-RC2/9612.js>
2026-08-12 09:42:28,055 [scrapy-playwright] DEBUG: [Context=default] Request: <POST https://www.vivanuncios.com.mx/cdn-cgi/challenge-platform/h/g/jsd/oneshot/aae2b9a1c261/0.5146932117011116:1786546835:StkEKgBXLEvCdI03SLlp2zYcedWuj5LWP0r1YiGUTaY/a2a0970f7e5ac8bf> (resource type: xhr)
2026-08-12 09:42:28,056 [scrapy-playwright] DEBUG: [Context=default] Response: <200 https://img10.naventcdn.com/listado/RPLISv8.317.0-RC2/images/vectorStroke.7120d1f1.svg>
2026-08-12 09:42:28,057 [scrapy-playwright] DEBUG: [Context=default] Response: <200 https://img10.naventcdn.com/listado/RPLISv8.317.0-RC2/images/icon_promedio.0032e4b7.svg>
2026-08-12 09:42:28,057 [scrapy-playwright] DEBUG: [Context=default] Response: <200 https://img10.naventcdn.com/listado/RPLISv8.317.0-RC2/images/vectorBlue.3a5fdd13.svg>
2026-08-12 09:42:28,058 [scrapy-playwright] DEBUG: [Context=default] Response: <200 https://img10.naventcdn.com/listado/RPLISv8.317.0-RC2/images/icon_rango.3092f869.svg>
2026-08-12 09:42:28,058 [scrapy-playwright] DEBUG: [Context=default] Response: <200 https://img10.naventcdn.com/listado/RPLISv8.317.0-RC2/images/icon_promedio_num.f53bbc55.svg>
2026-08-12 09:42:28,058 [scrapy-playwright] DEBUG: [Context=default] Response: <200 https://img10.naventcdn.com/listado/RPLISv8.317.0-RC2/images/vector_vertical.6914ab7b.svg>
2026-08-12 09:42:28,058 [scrapy-playwright] DEBUG: [Context=default] Response: <200 https://accounts.google.com/gsi/client>
2026-08-12 09:42:28,059 [scrapy-playwright] DEBUG: [Context=default] Response: <200 https://img10.naventcdn.com/listado/RPLISv8.317.0-RC2/3546.js>
2026-08-12 09:42:28,059 [scrapy-playwright] DEBUG: [Context=default] Response: <200 https://img10.naventcdn.com/listado/RPLISv8.317.0-RC2/postings_call_to_actions.js>
2026-08-12 09:42:28,059 [scrapy-playwright] DEBUG: [Context=default] Response: <200 https://img10.naventcdn.com/listado/RPLISv8.317.0-RC2/recommended_container.js>
2026-08-12 09:42:28,060 [scrapy-playwright] DEBUG: [Context=default] Response: <200 https://img10.naventcdn.com/listado/RPLISv8.317.0-RC2/contact_button.js>
2026-08-12 09:42:28,060 [scrapy-playwright] DEBUG: [Context=default] Response: <200 https://img10.naventcdn.com/listado/RPLISv8.317.0-RC2/6752.js>
2026-08-12 09:42:28,060 [scrapy-playwright] DEBUG: [Context=default] Response: <200 https://img10.naventcdn.com/listado/RPLISv8.317.0-RC2/3313.js>
2026-08-12 09:42:28,061 [scrapy-playwright] DEBUG: [Context=default] Response: <200 https://img10.naventcdn.com/listado/RPLISv8.317.0-RC2/side_column_ads_slots.js>
2026-08-12 09:42:28,061 [scrapy-playwright] DEBUG: [Context=default] Response: <200 https://img10.naventcdn.com/listado/RPLISv8.317.0-RC2/map_button.js>
2026-08-12 09:42:28,061 [scrapy-playwright] DEBUG: [Context=default] Response: <200 https://img10.naventcdn.com/listado/RPLISv8.317.0-RC2/site_provider.js>
2026-08-12 09:42:28,062 [scrapy-playwright] DEBUG: [Context=default] Response: <204 https://us.creativecdn.com/tags?id=pr_uBSmHTMIe51S3ztqdTkn_listing_{{145938066,149588204,150519613,150562005,148210307}}&tc=1>
2026-08-12 09:42:28,063 [scrapy-playwright] DEBUG: [Context=default] Response: <200 https://img10.naventcdn.com/listado/RPLISv8.317.0-RC2/ads_implementation_router.js>
2026-08-12 09:42:28,064 [scrapy-playwright] DEBUG: [Context=default] Response: <200 https://img10.naventcdn.com/listado/RPLISv8.317.0-RC2/container_ads_slots.js>
2026-08-12 09:42:28,064 [scrapy-playwright] DEBUG: [Context=default] Response: <200 https://img10.naventcdn.com/listado/RPLISv8.317.0-RC2/memoized_ads_slots.js>
2026-08-12 09:42:28,066 [scrapy-playwright] DEBUG: [Context=default] Response: <200 https://img10.naventcdn.com/listado/RPLISv8.317.0-RC2/nav_menu.js>
2026-08-12 09:42:28,066 [scrapy-playwright] DEBUG: [Context=default] Response: <200 https://img10.naventcdn.com/listado/RPLISv8.317.0-RC2/3951.js>
2026-08-12 09:42:28,066 [scrapy-playwright] DEBUG: [Context=default] Response: <200 https://securepubads.g.doubleclick.net/tag/js/gpt.js>
2026-08-12 09:42:28,067 [scrapy-playwright] DEBUG: [Context=default] Response: <200 https://img10.naventcdn.com/listado/RPLISv8.317.0-RC2/paging.js>
2026-08-12 09:42:28,067 [scrapy-playwright] DEBUG: [Context=default] Response: <200 https://img10.naventcdn.com/listado/RPLISv8.317.0-RC2/whatsapp_button.js>
2026-08-12 09:42:28,067 [scrapy-playwright] DEBUG: [Context=default] Response: <200 https://img10.naventcdn.com/listado/RPLISv8.317.0-RC2/filters_layout.js>
2026-08-12 09:42:28,067 [scrapy-playwright] DEBUG: [Context=default] Response: <200 https://img10.naventcdn.com/listado/RPLISv8.317.0-RC2/main_app.js>
2026-08-12 09:42:28,068 [scrapy-playwright] DEBUG: [Context=default] Response: <200 https://img10.naventcdn.com/listado/RPLISv8.317.0-RC2/publish_button.js>
2026-08-12 09:42:28,068 [scrapy-playwright] DEBUG: [Context=default] Response: <200 https://img10.naventcdn.com/listado/RPLISv8.317.0-RC2/apostrophe_description.js>
2026-08-12 09:42:28,068 [scrapy-playwright] DEBUG: [Context=default] Response: <200 https://img10.naventcdn.com/listado/RPLISv8.317.0-RC2/main_layout_container.js>
2026-08-12 09:42:28,068 [scrapy-playwright] DEBUG: [Context=default] Response: <200 https://img10.naventcdn.com/listado/RPLISv8.317.0-RC2/main_provider.js>
2026-08-12 09:42:28,069 [scrapy-playwright] DEBUG: [Context=default] Response: <200 https://img10.naventcdn.com/listado/RPLISv8.317.0-RC2/list_top_section_desktop.js>
2026-08-12 09:42:28,069 [scrapy-playwright] DEBUG: [Context=default] Response: <200 https://img10.naventcdn.com/listado/RPLISv8.317.0-RC2/postings_title.js>
2026-08-12 09:42:28,069 [scrapy-playwright] DEBUG: [Context=default] Response: <200 https://img10.naventcdn.com/listado/RPLISv8.317.0-RC2/apostrophe_average_bedrooms_price.js>
2026-08-12 09:42:28,069 [scrapy-playwright] DEBUG: [Context=default] Response: <200 https://img10.naventcdn.com/listado/RPLISv8.317.0-RC2/quick_filters.js>
2026-08-12 09:42:28,069 [scrapy-playwright] DEBUG: [Context=default] Response: <200 https://img10.naventcdn.com/empresas/18/00/50/22/98/44/130x70/logo_century-21-robles-herrera_1562166716192.jpg>
2026-08-12 09:42:28,070 [scrapy-playwright] DEBUG: [Context=default] Response: <200 https://img10.naventcdn.com/avisos/18/01/49/30/86/31/360x266/1594793333.jpg?rapc=bXZhX2ltYWdl?isFirstImage=true>
2026-08-12 09:42:28,070 [scrapy-playwright] DEBUG: [Context=default] Response: <200 https://img10.naventcdn.com/avisos/18/01/49/62/08/42/360x266/1601430689.jpg?rapc=bXZhX2ltYWdl?isFirstImage=true>
2026-08-12 09:42:28,070 [scrapy-playwright] DEBUG: [Context=default] Response: <200 https://img10.naventcdn.com/avisos/18/01/50/59/76/43/360x266/1621564029.jpg?rapc=bXZhX2ltYWdl?isFirstImage=true>
2026-08-12 09:42:28,070 [scrapy-playwright] DEBUG: [Context=default] Response: <200 https://img10.naventcdn.com/ficha/RPFICv5.427.0-RC3/0.3a73f1.css>
2026-08-12 09:42:28,070 [scrapy-playwright] DEBUG: [Context=default] Response: <200 https://img10.naventcdn.com/ficha/RPFICv5.427.0-RC3/1.6bf0d2.css>
2026-08-12 09:42:28,071 [scrapy-playwright] DEBUG: [Context=default] Response: <200 https://img10.naventcdn.com/listado/RPLISv8.317.0-RC2/7757.js>
2026-08-12 09:42:28,071 [scrapy-playwright] DEBUG: [Context=default] Response: <200 https://img10.naventcdn.com/ficha/RPFICv5.427.0-RC3/20.f993b6.css>
2026-08-12 09:42:28,071 [scrapy-playwright] DEBUG: [Context=default] Response: <200 https://img10.naventcdn.com/ficha/RPFICv5.427.0-RC3/6.5a558a.css>
2026-08-12 09:42:28,071 [scrapy-playwright] DEBUG: [Context=default] Response: <200 https://img10.naventcdn.com/ficha/RPFICv5.427.0-RC3/18.c543a2.css>
2026-08-12 09:42:28,072 [scrapy-playwright] DEBUG: [Context=default] Response: <200 https://img10.naventcdn.com/ficha/RPFICv5.427.0-RC3/17.cf3424.css>
2026-08-12 09:42:28,074 [scrapy-playwright] DEBUG: [Context=default] Response: <200 https://img10.naventcdn.com/ficha/RPFICv5.427.0-RC3/23.0d50a6.css>
2026-08-12 09:42:28,074 [scrapy-playwright] DEBUG: [Context=default] Response: <200 https://img10.naventcdn.com/listado/RPLISv8.317.0-RC2/posting_gallery_fixed_components.js>
2026-08-12 09:42:28,074 [scrapy-playwright] DEBUG: [Context=default] Request: <GET https://securepubads.g.doubleclick.net/pagead/managed/js/gpt/m202608050101/pubads_impl.js> (resource type: script, referrer: https://www.vivanuncios.com.mx/)
2026-08-12 09:42:28,075 [scrapy-playwright] DEBUG: [Context=default] Request: <GET https://securepubads.g.doubleclick.net/pagead/managed/dict/m202608110101/gpt> (resource type: other)
2026-08-12 09:42:28,080 [scrapy-playwright] DEBUG: [Context=default] Response: <200 https://img10.naventcdn.com/listado/RPLISv8.317.0-RC2/breadcrumb.js>
2026-08-12 09:42:28,093 [scrapy-playwright] DEBUG: [Context=default] Response: <200 https://img10.naventcdn.com/listado/RPLISv8.317.0-RC2/images/mexico-vamx.0f7e4912.png>
2026-08-12 09:42:28,094 [scrapy-playwright] DEBUG: [Context=default] Response: <200 https://img10.naventcdn.com/avisos/18/01/49/61/95/64/360x266/1601408534.jpg?rapc=bXZhX2ltYWdl?isFirstImage=true>
2026-08-12 09:42:28,094 [scrapy-playwright] DEBUG: [Context=default] Response: <200 https://img10.naventcdn.com/avisos/18/01/49/62/08/37/360x266/1601744665.jpg?rapc=bXZhX2ltYWdl?isFirstImage=true>
2026-08-12 09:42:28,094 [scrapy-playwright] DEBUG: [Context=default] Response: <200 https://img10.naventcdn.com/listado/RPLISv8.317.0-RC2/apostrophe_component.js>
2026-08-12 09:42:28,095 [scrapy-playwright] DEBUG: [Context=default] Response: <200 https://img10.naventcdn.com/avisos/18/01/50/66/38/25/360x266/1622903236.jpg?rapc=bXZhX2ltYWdl?isFirstImage=true>
2026-08-12 09:42:28,095 [scrapy-playwright] DEBUG: [Context=default] Response: <200 https://img10.naventcdn.com/avisos/18/01/50/46/07/97/360x266/1618570366.jpg?rapc=bXZhX2ltYWdl?isFirstImage=true>
2026-08-12 09:42:28,097 [scrapy-playwright] DEBUG: [Context=default] Response: <200 https://img10.naventcdn.com/ficha/RPFICv5.427.0-RC3/10.9db734.js>
2026-08-12 09:42:28,097 [scrapy-playwright] DEBUG: [Context=default] Response: <200 https://img10.naventcdn.com/ficha/RPFICv5.427.0-RC3/12.c4d281.js>
2026-08-12 09:42:28,097 [scrapy-playwright] DEBUG: [Context=default] Response: <200 https://img10.naventcdn.com/avisos/18/01/50/13/92/86/360x266/1611972505.jpg?rapc=bXZhX2ltYWdl?isFirstImage=true>
2026-08-12 09:42:28,097 [scrapy-playwright] DEBUG: [Context=default] Response: <200 https://img10.naventcdn.com/listado/RPLISv8.317.0-RC2/apostrophe_average_sale_price.js>
2026-08-12 09:42:28,097 [scrapy-playwright] DEBUG: [Context=default] Response: <200 https://img10.naventcdn.com/avisos/18/01/50/57/31/60/360x266/1621081704.jpg?rapc=bXZhX2ltYWdl?isFirstImage=true>
2026-08-12 09:42:28,098 [scrapy-playwright] DEBUG: [Context=default] Response: <200 https://img10.naventcdn.com/listado/RPLISv8.317.0-RC2/apostrophe_sale_range_price.js>
2026-08-12 09:42:28,098 [scrapy-playwright] DEBUG: [Context=default] Response: <200 https://img10.naventcdn.com/ficha/RPFICv5.427.0-RC3/3.156996.css>
2026-08-12 09:42:28,098 [scrapy-playwright] DEBUG: [Context=default] Response: <200 https://img10.naventcdn.com/listado/RPLISv8.317.0-RC2/5227.js>
2026-08-12 09:42:28,100 [scrapy-playwright] DEBUG: [Context=default] Response: <200 https://img10.naventcdn.com/listado/RPLISv8.317.0-RC2/css/quick_login.cafb6c3544016c1bb0c9.css>
2026-08-12 09:42:28,101 [scrapy-playwright] DEBUG: [Context=default] Response: <200 https://img10.naventcdn.com/empresas/18/00/50/23/09/15/130x70/logo_w-real-estate_1717646762663.jpg>
2026-08-12 09:42:28,101 [scrapy-playwright] DEBUG: [Context=default] Response: <200 https://img10.naventcdn.com/listado/RPLISv8.317.0-RC2/images/premier.ff39caf6.svg>
2026-08-12 09:42:28,101 [scrapy-playwright] DEBUG: [Context=default] Response: <200 https://img10.naventcdn.com/empresas/18/00/50/22/98/44/130x70/logo_century-21-robles-herrera_1562166716192.jpg>
2026-08-12 09:42:28,101 [scrapy-playwright] DEBUG: [Context=default] Response: <200 https://img10.naventcdn.com/avisos/18/01/49/67/09/19/360x266/1602401087.jpg?rapc=bXZhX2ltYWdl?isFirstImage=true>
2026-08-12 09:42:28,101 [scrapy-playwright] DEBUG: [Context=default] Response: <200 https://img10.naventcdn.com/ficha/RPFICv5.427.0-RC3/1.6d10b9.js>
2026-08-12 09:42:28,101 [scrapy-playwright] DEBUG: [Context=default] Response: <200 https://img10.naventcdn.com/ficha/RPFICv5.427.0-RC3/0.9cb3ce.js>
2026-08-12 09:42:28,101 [scrapy-playwright] DEBUG: [Context=default] Response: <200 https://img10.naventcdn.com/ficha/RPFICv5.427.0-RC3/4.bfc972.js>
2026-08-12 09:42:28,101 [scrapy-playwright] DEBUG: [Context=default] Response: <200 https://img10.naventcdn.com/listado/RPLISv8.317.0-RC2/cookies_policy_banner.js>
2026-08-12 09:42:28,101 [scrapy-playwright] DEBUG: [Context=default] Response: <400 https://gum.criteo.com/sync?c=undefined&r=2&a=1&j=crto_callback>
2026-08-12 09:42:28,101 [scrapy-playwright] DEBUG: [Context=default] Response: <200 https://img10.naventcdn.com/ficha/RPFICv5.427.0-RC3/28.dd139c.js>
2026-08-12 09:42:28,101 [scrapy-playwright] DEBUG: [Context=default] Response: <400 https://gum.criteo.com/sync?c=undefined&r=2&a=1&j=crto_callback>
2026-08-12 09:42:28,102 [scrapy-playwright] DEBUG: [Context=default] Response: <204 https://finprop-api-content.vivanuncios.com.mx/contents?site=VAMX&page=listado&section=header_calculator_banner&user.id=&user.name=&user.surname=&user.email=&user.phone=>
2026-08-12 09:42:28,102 [scrapy-playwright] DEBUG: [Context=default] Response: <200 https://img10.naventcdn.com/empresas/18/00/51/08/67/97/130x70/logo_renacer-asesores-inmobiliarios-s-de-rl-de-cv_1785354236589.jpg>
2026-08-12 09:42:28,102 [scrapy-playwright] DEBUG: [Context=default] Response: <200 https://img10.naventcdn.com/listado/RPLISv8.317.0-RC2/9366.js>
2026-08-12 09:42:28,102 [scrapy-playwright] DEBUG: [Context=default] Response: <200 https://img10.naventcdn.com/ficha/RPFICv5.427.0-RC3/31.78b7dd.css>
2026-08-12 09:42:28,102 [scrapy-playwright] DEBUG: [Context=default] Response: <200 https://img10.naventcdn.com/ficha/RPFICv5.427.0-RC3/3.33fbb4.js>
2026-08-12 09:42:28,102 [scrapy-playwright] DEBUG: [Context=default] Response: <200 https://img10.naventcdn.com/empresas/18/00/00/05/12/53/130x70/51253.jpg>
2026-08-12 09:42:28,102 [scrapy-playwright] DEBUG: [Context=default] Response: <200 https://img10.naventcdn.com/ficha/RPFICv5.427.0-RC3/31.f799ea.js>
2026-08-12 09:42:28,102 [scrapy-playwright] DEBUG: [Context=default] Response: <200 https://img10.naventcdn.com/listado/RPLISv8.317.0-RC2/quick_login.js>
2026-08-12 09:42:28,102 [scrapy-playwright] DEBUG: [Context=default] Response: <200 https://img10.naventcdn.com/ficha/RPFICv5.427.0-RC3/30.a450f8.css>
2026-08-12 09:42:28,102 [scrapy-playwright] DEBUG: [Context=default] Response: <200 https://img10.naventcdn.com/ficha/RPFICv5.427.0-RC3/2.6444af.js>
2026-08-12 09:42:28,102 [scrapy-playwright] DEBUG: [Context=default] Response: <200 https://img10.naventcdn.com/ficha/RPFICv5.427.0-RC3/30.cb8e20.js>
2026-08-12 09:42:28,102 [scrapy-playwright] DEBUG: [Context=default] Response: <200 https://img10.naventcdn.com/ficha/RPFICv5.427.0-RC3/12.3125fc.css>
2026-08-12 09:42:28,103 [scrapy-playwright] DEBUG: [Context=default] Response: <200 https://img10.naventcdn.com/empresas/18/00/50/21/19/47/130x70/logo_espacior-bienes-raices_1554835797067.jpg>
2026-08-12 09:42:28,103 [scrapy-playwright] DEBUG: [Context=default] Response: <200 https://img10.naventcdn.com/empresas/18/00/50/20/91/91/130x70/logo_beall-bienes-raices_1701107763300.jpg>
2026-08-12 09:42:28,103 [scrapy-playwright] DEBUG: [Context=default] Request: <GET https://accounts.google.com/gsi/style> (resource type: stylesheet, referrer: https://www.vivanuncios.com.mx/)
2026-08-12 09:42:28,103 [scrapy-playwright] DEBUG: [Context=default] Response: <200 https://img10.naventcdn.com/empresas/18/00/50/22/64/16/130x70/logo_gl-bienes-raices_9.jpg>
2026-08-12 09:42:28,103 [scrapy-playwright] DEBUG: [Context=default] Response: <200 https://img10.naventcdn.com/ficha/RPFICv5.427.0-RC3/28.bb9122.css>
2026-08-12 09:42:28,103 [scrapy-playwright] DEBUG: [Context=default] Response: <200 https://img10.naventcdn.com/ficha/RPFICv5.427.0-RC3/20.8205a6.js>
2026-08-12 09:42:28,104 [scrapy-playwright] DEBUG: [Context=default] Request: <POST https://www.vivanuncios.com.mx/aviso_hit.ajax?idAviso=149315625> (resource type: xhr, referrer: https://www.vivanuncios.com.mx/a-venta-casa/fraccionamiento-diamante-reliz/casa-en-venta-fracc-monte-caleres/149315625)
2026-08-12 09:42:28,104 [scrapy-playwright] DEBUG: [Context=default] Response: <200 https://img10.naventcdn.com/ficha/RPFICv5.427.0-RC3/34.53561f.js>
2026-08-12 09:42:28,104 [scrapy-playwright] DEBUG: [Context=default] Response: <200 https://img10.naventcdn.com/ficha/RPFICv5.427.0-RC3/18.ddbfee.js>
2026-08-12 09:42:28,104 [scrapy-playwright] DEBUG: [Context=default] Request: <GET https://www.vivanuncios.com.mx/rpfic-api/posting/149315625/lowPricePercentage> (resource type: xhr, referrer: https://www.vivanuncios.com.mx/a-venta-casa/fraccionamiento-diamante-reliz/casa-en-venta-fracc-monte-caleres/149315625)
2026-08-12 09:42:28,104 [scrapy-playwright] DEBUG: [Context=default] Response: <200 https://img10.naventcdn.com/ficha/RPFICv5.427.0-RC3/23.7f578a.js>
2026-08-12 09:42:28,104 [scrapy-playwright] DEBUG: [Context=default] Response: <200 https://img10.naventcdn.com/ficha/RPFICv5.427.0-RC3/17.2fc806.js>
2026-08-12 09:42:28,104 [scrapy-playwright] DEBUG: [Context=default] Request: <GET https://img10.naventcdn.com/ficha/RPFICv5.427.0-RC3/35.345210.js> (resource type: script, referrer: https://www.vivanuncios.com.mx/a-venta-casa/fraccionamiento-diamante-reliz/casa-en-venta-fracc-monte-caleres/149315625)
2026-08-12 09:42:28,104 [scrapy-playwright] DEBUG: [Context=default] Response: <200 https://img10.naventcdn.com/ficha/RPFICv5.427.0-RC3/6.6dab38.js>
2026-08-12 09:42:28,105 [scrapy-playwright] DEBUG: [Context=default] Request: <GET https://img10.naventcdn.com/ficha/map/Vivanuncios/149315625E.png> (resource type: image, referrer: https://www.vivanuncios.com.mx/a-venta-casa/fraccionamiento-diamante-reliz/casa-en-venta-fracc-monte-caleres/149315625)
2026-08-12 09:42:28,106 [scrapy-playwright] DEBUG: [Context=default] Request: <GET https://accounts.google.com/gsi/style> (resource type: stylesheet, referrer: https://www.vivanuncios.com.mx/a-venta-casa/fraccionamiento-diamante-reliz/casa-en-venta-fracc-monte-caleres/149315625)
2026-08-12 09:42:28,107 [scrapy-playwright] DEBUG: [Context=default] Request: <GET https://img10.naventcdn.com/ficha/RPFICv5.427.0-RC3/chevron-down.223450.svg> (resource type: image, referrer: https://www.vivanuncios.com.mx/a-venta-casa/fraccionamiento-diamante-reliz/casa-en-venta-fracc-monte-caleres/149315625)
2026-08-12 09:42:28,107 [scrapy-playwright] DEBUG: [Context=default] Request: <GET https://img10.naventcdn.com/ficha/RPFICv5.427.0-RC3/chat_bubble.6adc18.svg> (resource type: image, referrer: https://www.vivanuncios.com.mx/a-venta-casa/fraccionamiento-diamante-reliz/casa-en-venta-fracc-monte-caleres/149315625)
2026-08-12 09:42:28,107 [scrapy-playwright] DEBUG: [Context=default] Request: <GET https://finprop-api-content.vivanuncios.com.mx/contents?site=VAMX&page=ficha&section=header_calculator_banner&postingIds=149315625&user.id=&user.name=&user.surname=&user.email=&user.phone=> (resource type: fetch, referrer: https://www.vivanuncios.com.mx/a-venta-casa/fraccionamiento-diamante-reliz/casa-en-venta-fracc-monte-caleres/149315625)
2026-08-12 09:42:28,108 [scrapy-playwright] DEBUG: [Context=default] Response: <200 https://www.google.com/ccm/collect?rcb=7&frm=0&apvc=1&ae=g&auid=1922152012.1786549348&dt=3%2C864%20Propiedades%20e%20inmuebles%20en%20venta%20-%20Chihuahua%2C%20Chihuahua%20-%20Vivanuncios&en=page_view&dl=https%3A%2F%2Fwww.vivanuncios.com.mx%2Fs-venta-inmuebles%2Fchihuahua-chih%2Fv1c1097l10163p1&scrsrc=www.googletagmanager.com&rnd=1813134897.1786549348&navt=n&npa=0&ep.ads_data_redaction=0&gtm=45He68a1v858857621za200zd858857621xea&gcd=13l3l3l3l1l1&dma=0&tag_exp=115938465~115938469~118395334~118897920~118897930~119527019~119896803&tft=1786549347870&tfd=1533&fmt=8>
2026-08-12 09:42:28,113 [scrapy-playwright] DEBUG: [Context=default] Request: <GET https://img10.naventcdn.com/ficha/RPFICv5.427.0-RC3/fav-icon-black.d721e0.svg> (resource type: image, referrer: https://www.vivanuncios.com.mx/a-venta-casa/fraccionamiento-diamante-reliz/casa-en-venta-fracc-monte-caleres/149315625)
2026-08-12 09:42:28,114 [scrapy-playwright] DEBUG: [Context=default] Request: <GET https://img10.naventcdn.com/ficha/RPFICv5.427.0-RC3/notesIcon.30e526.svg> (resource type: image, referrer: https://www.vivanuncios.com.mx/a-venta-casa/fraccionamiento-diamante-reliz/casa-en-venta-fracc-monte-caleres/149315625)
2026-08-12 09:42:28,115 [scrapy-playwright] DEBUG: [Context=default] Request: <GET https://img10.naventcdn.com/ficha/RPFICv5.427.0-RC3/eye-not-visible.fd9101.svg> (resource type: image, referrer: https://www.vivanuncios.com.mx/a-venta-casa/fraccionamiento-diamante-reliz/casa-en-venta-fracc-monte-caleres/149315625)
2026-08-12 09:42:28,115 [scrapy-playwright] DEBUG: [Context=default] Response: <200 https://www.vivanuncios.com.mx/cdn-cgi/challenge-platform/h/g/jsd/oneshot/aae2b9a1c261/0.5146932117011116:1786546835:StkEKgBXLEvCdI03SLlp2zYcedWuj5LWP0r1YiGUTaY/a2a0970f7e5ac8bf>
2026-08-12 09:42:28,115 [scrapy-playwright] DEBUG: [Context=default] Response: <204 https://ad.doubleclick.net/ccm/s/collect?auid=1922152012.1786549348&gtm=45He68a1v858857621za200zd858857621xea&fmt=8>
2026-08-12 09:42:28,125 [scrapy-playwright] DEBUG: [Context=default] Response: <200 https://img10.naventcdn.com/listado/RPLISv8.317.0-RC2/2092.js>
2026-08-12 09:42:28,125 [scrapy-playwright] DEBUG: [Context=default] Request: <GET https://img10.naventcdn.com/ficha/RPFICv5.427.0-RC3/favorito.c64fd1.svg> (resource type: image, referrer: https://img10.naventcdn.com/ficha/RPFICv5.427.0-RC3/20.f993b6.css)
2026-08-12 09:42:28,125 [scrapy-playwright] DEBUG: [Context=default] Request: <GET https://img10.naventcdn.com/ficha/RPFICv5.427.0-RC3/alerts.c2f04b.svg> (resource type: image, referrer: https://img10.naventcdn.com/ficha/RPFICv5.427.0-RC3/20.f993b6.css)
2026-08-12 09:42:28,125 [scrapy-playwright] DEBUG: [Context=default] Request: <GET https://img10.naventcdn.com/ficha/RPFICv5.427.0-RC3/eye-visible.117879.svg> (resource type: image, referrer: https://img10.naventcdn.com/ficha/RPFICv5.427.0-RC3/20.f993b6.css)
2026-08-12 09:42:28,126 [scrapy-playwright] DEBUG: [Context=default] Response: <204 https://ad.doubleclick.net/ccm/s/collect?auid=1922152012.1786549348&gtm=45He68a1v858857621za200zd858857621xea&fmt=8>
2026-08-12 09:42:28,126 [scrapy-playwright] DEBUG: [Context=default] Response: <200 https://www.google.com/ccm/collect?rcb=6&frm=0&apvc=1&ae=g&auid=1922152012.1786549348&dt=Casas%20en%20venta%20-%20213m2%20-%203%20recamaras%20-%20Fraccionamiento%20Diamant...&en=page_view&dl=https%3A%2F%2Fwww.vivanuncios.com.mx%2Fa-venta-casa%2Ffraccionamiento-diamante-reliz%2Fcasa-en-venta-fracc-monte-caleres%2F149315625&scrsrc=www.googletagmanager.com&rnd=948844719.1786549348&navt=n&npa=0&ep.ads_data_redaction=0&gtm=45He68a1v858857621za200zd858857621xea&gcd=13l3l3l3l1l1&dma=0&tag_exp=115616986~115938466~115938468~118395333~118897920~118897930~119404700~119527020~119896802&tft=1786549347876&tfd=1542&fmt=8>
2026-08-12 09:42:28,141 [scrapy-playwright] DEBUG: [Context=default] Request: <GET https://img10.naventcdn.com/ficha/RPFICv5.427.0-RC3/22.6d0ad8.css> (resource type: stylesheet, referrer: https://www.vivanuncios.com.mx/a-venta-casa/fraccionamiento-diamante-reliz/casa-en-venta-fracc-monte-caleres/149315625)
2026-08-12 09:42:28,141 [scrapy-playwright] DEBUG: [Context=default] Request: <GET https://img10.naventcdn.com/ficha/RPFICv5.427.0-RC3/22.7f305b.js> (resource type: script, referrer: https://www.vivanuncios.com.mx/a-venta-casa/fraccionamiento-diamante-reliz/casa-en-venta-fracc-monte-caleres/149315625)
2026-08-12 09:42:28,142 [scrapy-playwright] DEBUG: [Context=default] Request: <GET https://img10.naventcdn.com/ficha/RPFICv5.427.0-RC3/9.4b30cd.css> (resource type: stylesheet, referrer: https://www.vivanuncios.com.mx/a-venta-casa/fraccionamiento-diamante-reliz/casa-en-venta-fracc-monte-caleres/149315625)
2026-08-12 09:42:28,143 [scrapy-playwright] DEBUG: [Context=default] Request: <GET https://img10.naventcdn.com/ficha/RPFICv5.427.0-RC3/25.ba0c8f.css> (resource type: stylesheet, referrer: https://www.vivanuncios.com.mx/a-venta-casa/fraccionamiento-diamante-reliz/casa-en-venta-fracc-monte-caleres/149315625)
2026-08-12 09:42:28,144 [scrapy-playwright] DEBUG: [Context=default] Request: <GET https://img10.naventcdn.com/ficha/RPFICv5.427.0-RC3/25.3ca9f3.js> (resource type: script, referrer: https://www.vivanuncios.com.mx/a-venta-casa/fraccionamiento-diamante-reliz/casa-en-venta-fracc-monte-caleres/149315625)
2026-08-12 09:42:28,145 [scrapy-playwright] DEBUG: [Context=default] Request: <GET https://img10.naventcdn.com/ficha/RPFICv5.427.0-RC3/icon-share.c86d4f.svg> (resource type: image, referrer: https://img10.naventcdn.com/ficha/RPFICv5.427.0-RC3/18.c543a2.css)
2026-08-12 09:42:28,146 [scrapy-playwright] DEBUG: [Context=default] Request: <GET https://img10.naventcdn.com/ficha/RPFICv5.427.0-RC3/copy.70cac7.svg> (resource type: image, referrer: https://img10.naventcdn.com/ficha/RPFICv5.427.0-RC3/17.cf3424.css)
2026-08-12 09:42:28,146 [scrapy-playwright] DEBUG: [Context=default] Request: <GET https://img10.naventcdn.com/ficha/RPFICv5.427.0-RC3/send.51f6de.svg> (resource type: image, referrer: https://www.vivanuncios.com.mx/a-venta-casa/fraccionamiento-diamante-reliz/casa-en-venta-fracc-monte-caleres/149315625)
2026-08-12 09:42:28,146 [scrapy-playwright] DEBUG: [Context=default] Request: <GET https://img10.naventcdn.com/empresas/18/00/50/22/98/44/130x70/logo_century-21-robles-herrera_1562166716192.jpg> (resource type: image, referrer: https://www.vivanuncios.com.mx/a-venta-casa/fraccionamiento-diamante-reliz/casa-en-venta-fracc-monte-caleres/149315625)
2026-08-12 09:42:28,153 [scrapy-playwright] DEBUG: [Context=default] Response: <200 https://www.googletagmanager.com/gtag/js?id=G-C4HWQQM571&cx=c&gtm=4e68a1>
2026-08-12 09:42:28,155 [scrapy-playwright] DEBUG: [Context=default] Request: <GET https://www.vivanuncios.com.mx/rp-api/publisher/102276688/statistics> (resource type: fetch, referrer: https://www.vivanuncios.com.mx/a-venta-casa/fraccionamiento-diamante-reliz/casa-en-venta-fracc-monte-caleres/149315625)
2026-08-12 09:42:28,155 [scrapy-playwright] DEBUG: [Context=default] Request: <GET https://www.vivanuncios.com.mx/rp-api/publisher/102276688/statistics> (resource type: fetch, referrer: https://www.vivanuncios.com.mx/a-venta-casa/fraccionamiento-diamante-reliz/casa-en-venta-fracc-monte-caleres/149315625)
2026-08-12 09:42:28,155 [scrapy-playwright] DEBUG: [Context=default] Request: <GET https://www.vivanuncios.com.mx/rp-api/publisher/102276688/configurations/LeadFormFields> (resource type: fetch, referrer: https://www.vivanuncios.com.mx/a-venta-casa/fraccionamiento-diamante-reliz/casa-en-venta-fracc-monte-caleres/149315625)
2026-08-12 09:42:28,156 [scrapy-playwright] DEBUG: [Context=default] Request: <GET https://www.vivanuncios.com.mx/rp-api/user/posting/149315625/userPreferences/lowprice> (resource type: fetch, referrer: https://www.vivanuncios.com.mx/a-venta-casa/fraccionamiento-diamante-reliz/casa-en-venta-fracc-monte-caleres/149315625)
2026-08-12 09:42:28,156 [scrapy-playwright] DEBUG: [Context=default] Request: <GET https://img10.naventcdn.com/ficha/RPFICv5.427.0-RC3/categoria-servicios.2b2757.svg> (resource type: image, referrer: https://www.vivanuncios.com.mx/a-venta-casa/fraccionamiento-diamante-reliz/casa-en-venta-fracc-monte-caleres/149315625)
2026-08-12 09:42:28,157 [scrapy-playwright] DEBUG: [Context=default] Response: <200 https://www.googletagmanager.com/gtag/js?id=G-C4HWQQM571&cx=c&gtm=4e68a1>
2026-08-12 09:42:28,157 [scrapy-playwright] DEBUG: [Context=default] Request: <GET https://img10.naventcdn.com/ficha/RPFICv5.427.0-RC3/loader_va.856830.gif> (resource type: image, referrer: https://www.vivanuncios.com.mx/a-venta-casa/fraccionamiento-diamante-reliz/casa-en-venta-fracc-monte-caleres/149315625)
2026-08-12 09:42:28,157 [scrapy-playwright] DEBUG: [Context=default] Request: <GET https://img10.naventcdn.com/ficha/RPFICv5.427.0-RC3/chevron-down-skyblue.1a1745.svg> (resource type: image, referrer: https://www.vivanuncios.com.mx/a-venta-casa/fraccionamiento-diamante-reliz/casa-en-venta-fracc-monte-caleres/149315625)
2026-08-12 09:42:28,158 [scrapy-playwright] DEBUG: [Context=default] Response: <403 https://www.vivanuncios.com.mx/aviso_hit.ajax?idAviso=149315625>
2026-08-12 09:42:28,158 [scrapy-playwright] DEBUG: [Context=default] Response: <403 https://www.vivanuncios.com.mx/rpfic-api/posting/149315625/lowPricePercentage>
2026-08-12 09:42:28,158 [scrapy-playwright] DEBUG: [Context=default] Response: <200 https://img10.naventcdn.com/ficha/RPFICv5.427.0-RC3/35.345210.js>
2026-08-12 09:42:28,158 [scrapy-playwright] DEBUG: [Context=default] Response: <200 https://www.googletagmanager.com/gtag/js?id=G-3W0YTSRCK7&cx=c&gtm=4e68a1>
2026-08-12 09:42:28,170 [scrapy-playwright] DEBUG: [Context=default] Request: <POST https://analytics.google.com/g/collect?v=2&tid=G-C4HWQQM571&gtm=45je68a1v9103994736z8858857621za20gzb858857621zd858857621&_p=1786549346666&_gaz=1&gcd=13l3l3l3l1l1&npa=0&dma=0&_eu=AAAAAGAC&are=1&cid=2116925861.1786549348&frm=0&pscdl=noapi&rcb=14&sr=1280x720&uaa=arm&uab=64&uafvl=Not%253DA%253FBrand%3B99.0.0.0%7CHeadlessChrome%3B151.0.7922.34%7CChromium%3B151.0.7922.34&uam=&uamb=0&uap=macOS&uapv=26.6.0&uaw=0&ul=en-us&gaf=2&_s=1&tag_exp=115616985~115938465~115938468~118897920~118897930~119367802~119367810~119527020~119896803~120385423&sid=1786549348&sct=1&seg=0&dl=https%3A%2F%2Fwww.vivanuncios.com.mx%2Fs-venta-inmuebles%2Fchihuahua-chih%2Fv1c1097l10163p1&dt=3%2C864%20Propiedades%20e%20inmuebles%20en%20venta%20-%20Chihuahua%2C%20Chihuahua%20-%20Vivanuncios&en=impression_modal&_fv=1&_nsi=1&_ss=1&ep.is_logged=No&ep.modal_name=Modal_Pol%C3%ADticas&tfd=1826> (resource type: fetch, referrer: https://www.vivanuncios.com.mx/)
2026-08-12 09:42:28,184 [scrapy-playwright] DEBUG: [Context=default] Request: <POST https://stats.g.doubleclick.net/g/collect?v=2&tid=G-C4HWQQM571&cid=2116925861.1786549348&gtm=45je68a1v9103994736z8858857621za20gzb858857621zd858857621&rcb=14&aip=1&dma=0&gcd=13l3l3l3l1l1&npa=0&frm=0&tag_exp=115616985~115938465~115938468~118897920~118897930~119367802~119367810~119527020~119896803~120385423> (resource type: ping, referrer: https://www.vivanuncios.com.mx/)
2026-08-12 09:42:28,185 [scrapy-playwright] DEBUG: [Context=default] Response: <200 https://accounts.google.com/gsi/style>
2026-08-12 09:42:28,185 [scrapy-playwright] DEBUG: [Context=default] Response: <200 https://www.googletagmanager.com/gtag/js?id=G-3W0YTSRCK7&cx=c&gtm=4e68a1>
2026-08-12 09:42:28,188 [scrapy-playwright] DEBUG: [Context=default] Request: <GET https://www.google.com.mx/ads/ga-audiences?v=1&t=sr&slf_rd=1&_r=4&tid=G-C4HWQQM571&cid=2116925861.1786549348&gtm=45je68a1v9103994736z8858857621za20gzb858857621zd858857621&rcb=14&aip=1&dma=0&gcd=13l3l3l3l1l1&npa=0&frm=0&tag_exp=115616985~115938465~115938468~118897920~118897930~119367802~119367810~119527020~119896803~120385423&z=103080362> (resource type: image, referrer: https://www.vivanuncios.com.mx/)
2026-08-12 09:42:28,193 [scrapy-playwright] DEBUG: [Context=default] Response: <200 https://securepubads.g.doubleclick.net/pagead/managed/dict/m202608110101/gpt>
2026-08-12 09:42:28,193 [scrapy-playwright] DEBUG: [Context=default] Response: <200 https://img10.naventcdn.com/ficha/RPFICv5.427.0-RC3/eye-not-visible.fd9101.svg>
2026-08-12 09:42:28,194 [scrapy-playwright] DEBUG: [Context=default] Response: <200 https://accounts.google.com/gsi/style>
2026-08-12 09:42:28,229 [scrapy-playwright] DEBUG: [Context=default] Request: <GET https://www.vivanuncios.com.mx/tracking/g/collect?v=2&tid=G-3W0YTSRCK7&gtm=45je68a1v9235587196z8858857621za20gzb858857621zd858857621&_p=1786549347610&gcd=13l3l3l3l1l1&npa=0&dma=0&ecid=434020734&_eu=AAAAAGQ&_fplc=0&are=1&cid=2116925861.1786549348&ec_mode=c&frm=0&pscdl=noapi&rcb=7&sr=1280x720&uaa=arm&uab=64&uafvl=Not%253DA%253FBrand%3B99.0.0.0%7CHeadlessChrome%3B151.0.7922.34%7CChromium%3B151.0.7922.34&uam=&uamb=0&uap=macOS&uapv=26.6.0&uaw=0&ul=en-us&ur=MX-CHH&sst.etld=google.com.mx&sst.tft=1786549347610&sst.lpc=37690791&sst.navt=n&sst.ude=0&sst.sw_exp=1&gaf=2&_s=1&tag_exp=115938466~115938468~118897920~118897930~119367802~119367810~119527019~119896802~120315584&sid=1786549348&sct=1&seg=0&dl=https%3A%2F%2Fwww.vivanuncios.com.mx%2Fa-venta-casa%2Ffraccionamiento-diamante-reliz%2Fcasa-en-venta-fracc-monte-caleres%2F149315625&dt=Casas%20en%20venta%20-%20213m2%20-%203%20recamaras%20-%20Fraccionamiento%20Diamant...&_tu=BA&en=impression_modal&gap.sstd=1&ep.content_group=Ficha&ep.fb_event=true&evnid=1786549347883.489934.179&ep.fb_id=888643211192359&ep.x-fb-ck-fbp=fb.3.1786549347863.3446775697&ep.google_ads_id=11200569259&ep.criteo_user_email=&ep.ecommerce_event=false&ep.isDesarrollo=false&ep.ga4_event=true&ep.modal_name=Modal_Pol%C3%ADticas&_et=3&ep.user_data._tag_mode=AUTO&ep.user_data.email_address=&ep.user_data.phone_number=&ep.user_data.address.first_name=&ep.user_data.address._tag_metadata.first_name.mode=c&tfd=1874&richsstsse> (resource type: fetch, referrer: https://www.vivanuncios.com.mx/a-venta-casa/fraccionamiento-diamante-reliz/casa-en-venta-fracc-monte-caleres/149315625)
2026-08-12 09:42:28,234 [scrapy-playwright] DEBUG: [Context=default] Response: <200 https://img10.naventcdn.com/ficha/RPFICv5.427.0-RC3/25.ba0c8f.css>
2026-08-12 09:42:28,234 [scrapy-playwright] DEBUG: [Context=default] Response: <200 https://img10.naventcdn.com/ficha/RPFICv5.427.0-RC3/chevron-down.223450.svg>
2026-08-12 09:42:28,235 [scrapy-playwright] DEBUG: [Context=default] Response: <200 https://img10.naventcdn.com/ficha/RPFICv5.427.0-RC3/chat_bubble.6adc18.svg>
2026-08-12 09:42:28,253 [scrapy-playwright] DEBUG: [Context=default] Response: <200 https://img10.naventcdn.com/empresas/18/00/50/22/98/44/130x70/logo_century-21-robles-herrera_1562166716192.jpg>
2026-08-12 09:42:28,253 [scrapy-playwright] DEBUG: [Context=default] Request: <POST https://analytics.google.com/g/collect?v=2&tid=G-3W0YTSRCK7&gtm=45je68a1v9235587196z8858857621za20gzb858857621zd858857621&_p=1786549346666&_gaz=1&gcd=13l3l3l3l1l1&npa=0&dma=0&_eu=AAAAAGA&are=1&cid=2116925861.1786549348&frm=0&pscdl=noapi&rcb=19&sr=1280x720&uaa=arm&uab=64&uafvl=Not%253DA%253FBrand%3B99.0.0.0%7CHeadlessChrome%3B151.0.7922.34%7CChromium%3B151.0.7922.34&uam=&uamb=0&uap=macOS&uapv=26.6.0&uaw=0&ul=en-us&gaf=2&_s=1&tag_exp=115616986~115938465~115938469~118897920~118897930~119367802~119367810~119527019~119793974~119896802&sid=1786549348&sct=1&seg=0&dl=https%3A%2F%2Fwww.vivanuncios.com.mx%2Fs-venta-inmuebles%2Fchihuahua-chih%2Fv1c1097l10163p1&dt=3%2C864%20Propiedades%20e%20inmuebles%20en%20venta%20-%20Chihuahua%2C%20Chihuahua%20-%20Vivanuncios&en=impression_modal&_fv=1&_ss=1&ep.modal_name=Modal_Pol%C3%ADticas&tfd=1865> (resource type: fetch, referrer: https://www.vivanuncios.com.mx/)
2026-08-12 09:42:28,258 [scrapy-playwright] DEBUG: [Context=default] Request: <POST https://stats.g.doubleclick.net/g/collect?v=2&tid=G-3W0YTSRCK7&cid=2116925861.1786549348&gtm=45je68a1v9235587196z8858857621za20gzb858857621zd858857621&rcb=19&aip=1&dma=0&gcd=13l3l3l3l1l1&npa=0&frm=0&tag_exp=115616986~115938465~115938469~118897920~118897930~119367802~119367810~119527019~119793974~119896802> (resource type: ping, referrer: https://www.vivanuncios.com.mx/)
2026-08-12 09:42:28,258 [scrapy-playwright] DEBUG: [Context=default] Request: <GET https://www.vivanuncios.com.mx/tracking/g/collect?v=2&tid=G-3W0YTSRCK7&gtm=45je68a1v9235587196z8858857621za20gzb858857621zd858857621&_p=1786549346666&gcd=13l3l3l3l1l1&npa=0&dma=0&ecid=1514065819&_eu=AAAAAGQ&_fplc=0&are=1&cid=2116925861.1786549348&ec_mode=c&frm=0&pscdl=noapi&rcb=19&sr=1280x720&uaa=arm&uab=64&uafvl=Not%253DA%253FBrand%3B99.0.0.0%7CHeadlessChrome%3B151.0.7922.34%7CChromium%3B151.0.7922.34&uam=&uamb=0&uap=macOS&uapv=26.6.0&uaw=0&ul=en-us&ur=MX-CHH&sst.etld=google.com.mx&sst.tft=1786549346666&sst.lpc=212333075&sst.navt=n&sst.ude=0&sst.sw_exp=1&gaf=2&_s=2&tag_exp=115616986~115938465~115938469~118897920~118897930~119367802~119367810~119527019~119793974~119896802&sid=1786549348&sct=1&seg=1&dl=https%3A%2F%2Fwww.vivanuncios.com.mx%2Fs-venta-inmuebles%2Fchihuahua-chih%2Fv1c1097l10163p1&dt=3%2C864%20Propiedades%20e%20inmuebles%20en%20venta%20-%20Chihuahua%2C%20Chihuahua%20-%20Vivanuncios&_tu=BA&en=page_view&gap.sstd=1&ep.fb_event=false&evnid=1786549347879.385512.176&ep.fb_id=888643211192359&ep.x-fb-ck-fbp=fb.3.1786549347863.3446775697&ep.google_ads_id=11200569259&ep.criteo_user_email=&ep.ecommerce_event=false&ep.isDesarrollo=false&ep.ga4_event=true&ep.content_group=Listado&ep.operation_type=Venta&ep.property_type=NA&ep.province=Chihuahua&ep.city=Chihuahua&ep.top5_house_id=&ep.is_logged=No&ep.zona=NA&ep.zonaValor=NA&ep.subZona=NA&ep.terminoUbicacion=Chihuahua&ep.aviso_duplicado=No&ep.variant_id=NA&ep.flow_type=Avisos%20Quintoandar%20-%20No&ep.status=Thin%20content%20OFF%20-%20M%C3%A1s%20de%2020%20resultados&ep.subproperty_type=NA&ep.posting_type=Avisos%205A%20-%20NO%20NA&ep.selection=%22NA%22&epn.cantidadUbicaciones=30&epn.selection_value=0&ep.item_id=3%2C864&ep.content_type=NA&epn.posting_list=1&ep.view_type=Listado&ep.pill_active=Si&ep.quick_filter=OFF&ep.in_listing=OFF&_et=3&ep.user_data._tag_mode=AUTO&ep.user_data.email_address=&ep.user_data.phone_number=&ep.user_data.address.first_name=&ep.user_data.address._tag_metadata.first_name.mode=c&tfd=1870&richsstsse> (resource type: fetch, referrer: https://www.vivanuncios.com.mx/s-venta-inmuebles/chihuahua-chih/v1c1097l10163p1)
2026-08-12 09:42:28,259 [scrapy-playwright] DEBUG: [Context=default] Response: <200 https://img10.naventcdn.com/ficha/RPFICv5.427.0-RC3/fav-icon-black.d721e0.svg>
2026-08-12 09:42:28,260 [scrapy-playwright] DEBUG: [Context=default] Request: <GET https://www.google.com.mx/ads/ga-audiences?v=1&t=sr&slf_rd=1&_r=4&tid=G-3W0YTSRCK7&cid=2116925861.1786549348&gtm=45je68a1v9235587196z8858857621za20gzb858857621zd858857621&rcb=19&aip=1&dma=0&gcd=13l3l3l3l1l1&npa=0&frm=0&tag_exp=115616986~115938465~115938469~118897920~118897930~119367802~119367810~119527019~119793974~119896802&z=2122164318> (resource type: image, referrer: https://www.vivanuncios.com.mx/)
2026-08-12 09:42:28,260 [scrapy-playwright] DEBUG: [Context=default] Response: <200 https://securepubads.g.doubleclick.net/pagead/managed/js/gpt/m202608050101/pubads_impl.js>
2026-08-12 09:42:28,261 [scrapy-playwright] DEBUG: [Context=default] Response: <200 https://img10.naventcdn.com/ficha/RPFICv5.427.0-RC3/notesIcon.30e526.svg>
2026-08-12 09:42:28,262 [scrapy-playwright] DEBUG: [Context=default] Request: <GET https://www.vivanuncios.com.mx/tracking/g/collect?v=2&tid=G-3W0YTSRCK7&gtm=45je68a1v9235587196z8858857621za20gzb858857621zd858857621&_p=1786549346666&gcd=13l3l3l3l1l1&npa=0&dma=0&ecid=1514065819&_eu=AAAAAGQ&_fplc=0&are=1&cid=2116925861.1786549348&ec_mode=c&frm=0&pscdl=noapi&rcb=19&sr=1280x720&uaa=arm&uab=64&uafvl=Not%253DA%253FBrand%3B99.0.0.0%7CHeadlessChrome%3B151.0.7922.34%7CChromium%3B151.0.7922.34&uam=&uamb=0&uap=macOS&uapv=26.6.0&uaw=0&ul=en-us&ur=MX-CHH&sst.etld=google.com.mx&sst.tft=1786549346666&sst.lpc=212333075&sst.navt=n&sst.ude=0&sst.sw_exp=1&gaf=2&_s=3&tag_exp=115616986~115938465~115938469~118897920~118897930~119367802~119367810~119527019~119793974~119896802&sid=1786549348&sct=1&seg=1&dl=https%3A%2F%2Fwww.vivanuncios.com.mx%2Fs-venta-inmuebles%2Fchihuahua-chih%2Fv1c1097l10163p1&dt=3%2C864%20Propiedades%20e%20inmuebles%20en%20venta%20-%20Chihuahua%2C%20Chihuahua%20-%20Vivanuncios&_tu=BA&en=page_view&gap.sstd=1&ep.fb_event=true&evnid=1786549347879.385512.232&ep.fb_id=888643211192359&ep.x-fb-ck-fbp=fb.3.1786549347863.3446775697&ep.google_ads_id=11200569259&ep.criteo_user_email=&ep.ecommerce_event=false&ep.isDesarrollo=false&ep.ga4_event=false&ep.x-fb-cd-content_type=Listado&_et=1&ep.user_data.email_address=&ep.user_data.phone_number=&ep.user_data.address.first_name=&ep.user_data.address._tag_metadata.first_name.mode=c&ep.user_data._tag_metadata.email_address.mode=c&ep.user_data._tag_metadata.phone_number.mode=c&tfd=1873&richsstsse> (resource type: fetch, referrer: https://www.vivanuncios.com.mx/s-venta-inmuebles/chihuahua-chih/v1c1097l10163p1)
2026-08-12 09:42:28,266 [scrapy-playwright] DEBUG: [Context=default] Response: <200 https://img10.naventcdn.com/ficha/RPFICv5.427.0-RC3/copy.70cac7.svg>
2026-08-12 09:42:28,267 [scrapy-playwright] DEBUG: [Context=default] Response: <200 https://img10.naventcdn.com/ficha/RPFICv5.427.0-RC3/loader_va.856830.gif>
2026-08-12 09:42:28,267 [scrapy-playwright] DEBUG: [Context=default] Response: <200 https://img10.naventcdn.com/ficha/RPFICv5.427.0-RC3/eye-visible.117879.svg>
2026-08-12 09:42:28,267 [scrapy-playwright] DEBUG: [Context=default] Response: <200 https://img10.naventcdn.com/ficha/RPFICv5.427.0-RC3/alerts.c2f04b.svg>
2026-08-12 09:42:28,267 [scrapy-playwright] DEBUG: [Context=default] Response: <200 https://img10.naventcdn.com/ficha/RPFICv5.427.0-RC3/favorito.c64fd1.svg>
2026-08-12 09:42:28,268 [scrapy-playwright] DEBUG: [Context=default] Response: <200 https://img10.naventcdn.com/ficha/RPFICv5.427.0-RC3/25.3ca9f3.js>
2026-08-12 09:42:28,268 [scrapy-playwright] DEBUG: [Context=default] Response: <403 https://www.vivanuncios.com.mx/rp-api/publisher/102276688/statistics>
2026-08-12 09:42:28,269 [scrapy-playwright] DEBUG: [Context=default] Response: <403 https://www.vivanuncios.com.mx/rp-api/publisher/102276688/statistics>
2026-08-12 09:42:28,270 [scrapy-playwright] DEBUG: [Context=default] Request: <GET https://www.vivanuncios.com.mx/tracking/_/service_worker/68a0/sw_iframe.html?origin=https%3A%2F%2Fwww.vivanuncios.com.mx&1p=1&path=%2Ftracking> (resource type: document)
2026-08-12 09:42:28,270 [scrapy-playwright] DEBUG: [Context=default] Response: <403 https://www.vivanuncios.com.mx/rp-api/publisher/102276688/configurations/LeadFormFields>
2026-08-12 09:42:28,271 [scrapy-playwright] DEBUG: [Context=default] Response: <403 https://www.vivanuncios.com.mx/rp-api/user/posting/149315625/userPreferences/lowprice>
2026-08-12 09:42:28,273 [scrapy-playwright] DEBUG: [Context=default] Response: <204 https://finprop-api-content.vivanuncios.com.mx/contents?site=VAMX&page=ficha&section=header_calculator_banner&postingIds=149315625&user.id=&user.name=&user.surname=&user.email=&user.phone=>
2026-08-12 09:42:28,273 [scrapy-playwright] DEBUG: [Context=default] Request: <GET https://www.vivanuncios.com.mx/tracking/_/service_worker/68a0/sw_iframe.html?origin=https%3A%2F%2Fwww.vivanuncios.com.mx&1p=1&path=%2Ftracking> (resource type: document)
2026-08-12 09:42:28,274 [scrapy-playwright] DEBUG: [Context=default] Response: <200 https://img10.naventcdn.com/ficha/RPFICv5.427.0-RC3/9.4b30cd.css>
2026-08-12 09:42:28,274 [scrapy-playwright] DEBUG: [Context=default] Response: <200 https://img10.naventcdn.com/ficha/RPFICv5.427.0-RC3/22.7f305b.js>
2026-08-12 09:42:28,275 [scrapy-playwright] DEBUG: [Context=default] Response: <200 https://img10.naventcdn.com/ficha/RPFICv5.427.0-RC3/send.51f6de.svg>
2026-08-12 09:42:28,275 [scrapy-playwright] DEBUG: [Context=default] Response: <200 https://img10.naventcdn.com/ficha/RPFICv5.427.0-RC3/icon-share.c86d4f.svg>
2026-08-12 09:42:28,276 [scrapy-playwright] DEBUG: [Context=default] Request: <GET https://img10.naventcdn.com/listado/RPLISv8.317.0-RC2/css/8447.f7b753072c14bf89ae80.css> (resource type: stylesheet, referrer: https://www.vivanuncios.com.mx/)
2026-08-12 09:42:28,276 [scrapy-playwright] DEBUG: [Context=default] Request: <GET https://img10.naventcdn.com/listado/RPLISv8.317.0-RC2/css/recommended_gallery.bf1abec856b24ace8279.css> (resource type: stylesheet, referrer: https://www.vivanuncios.com.mx/)
2026-08-12 09:42:28,277 [scrapy-playwright] DEBUG: [Context=default] Request: <GET https://finprop-api-content.vivanuncios.com.mx/contents?site=VAMX&page=listado&section=header_calculator_banner&user.id=&user.name=&user.surname=&user.email=&user.phone=> (resource type: fetch, referrer: https://www.vivanuncios.com.mx/)
2026-08-12 09:42:28,277 [scrapy-playwright] DEBUG: [Context=default] Request: <GET https://www.vivanuncios.com.mx/rp-api/user/session> (resource type: fetch, referrer: https://www.vivanuncios.com.mx/s-venta-inmuebles/chihuahua/v1c1097l1005p1?sort=most_lowered_price)
2026-08-12 09:42:28,278 [scrapy-playwright] DEBUG: [Context=default] Request: <GET https://www.vivanuncios.com.mx/rplis-api/user/activity?postingsIds=150315412,150452392,149315625,149308645,149620858,149619751,150598113,149671186,149620852,150139290,150460815,150664406,150573183,149428139,150366400,149179070,149428159,145938066,149994776,150562005,150027483,149241975,149428158,150562009,150210841,150519613,150562048,149776860,150728028,150327646> (resource type: fetch, referrer: https://www.vivanuncios.com.mx/s-venta-inmuebles/chihuahua/v1c1097l1005p1?sort=most_lowered_price)
2026-08-12 09:42:28,279 [scrapy-playwright] DEBUG: [Context=default] Request: <GET https://us.creativecdn.com/tags?id=pr_uBSmHTMIe51S3ztqdTkn_listing_{{150315412,150452392,149315625,149308645,149620858}}> (resource type: document, referrer: https://www.vivanuncios.com.mx/)
2026-08-12 09:42:28,279 [scrapy-playwright] DEBUG: [Context=default] Response: <200 https://img10.naventcdn.com/ficha/RPFICv5.427.0-RC3/categoria-servicios.2b2757.svg>
2026-08-12 09:42:28,279 [scrapy-playwright] DEBUG: [Context=default] Response: <200 https://img10.naventcdn.com/ficha/RPFICv5.427.0-RC3/chevron-down-skyblue.1a1745.svg>
2026-08-12 09:42:28,280 [scrapy-playwright] DEBUG: [Context=default] Request: <GET https://securepubads.g.doubleclick.net/tag/js/gpt.js> (resource type: script, referrer: https://www.vivanuncios.com.mx/)
2026-08-12 09:42:28,280 [scrapy-playwright] DEBUG: [Context=default] Request: <GET https://img10.naventcdn.com/listado/RPLISv8.317.0-RC2/images/right-arrow.5c51420c.svg> (resource type: image, referrer: https://www.vivanuncios.com.mx/)
2026-08-12 09:42:28,282 [scrapy-playwright] DEBUG: [Context=default] Response: <200 https://www.googletagmanager.com/gtm.js?id=GTM-MC2DBQN>
2026-08-12 09:42:28,284 [scrapy-playwright] DEBUG: [Context=default] Request: <GET https://img10.naventcdn.com/avisos/18/01/50/31/54/00/360x266/1615530242.jpg?rapc=bXZhX2ltYWdl> (resource type: image, referrer: https://www.vivanuncios.com.mx/)
2026-08-12 09:42:28,284 [scrapy-playwright] DEBUG: [Context=default] Request: <GET https://img10.naventcdn.com/avisos/18/01/50/32/37/99/360x266/1615795335.jpg?rapc=bXZhX2ltYWdl> (resource type: image, referrer: https://www.vivanuncios.com.mx/)
2026-08-12 09:42:28,285 [scrapy-playwright] DEBUG: [Context=default] Request: <GET https://cm.g.doubleclick.net/partnerpixels?url=https%3A%2F%2Fwww.vivanuncios.com.mx%2Fs-venta-inmuebles%2Fchihuahua-chih%2Fv1c1097l10163p1> (resource type: document, referrer: https://www.vivanuncios.com.mx/)
2026-08-12 09:42:28,285 [scrapy-playwright] DEBUG: [Context=default] Response: <403 https://www.vivanuncios.com.mx/tracking/g/collect?v=2&tid=G-3W0YTSRCK7&gtm=45je68a1v9235587196z8858857621za20gzb858857621zd858857621&_p=1786549347610&gcd=13l3l3l3l1l1&npa=0&dma=0&ecid=434020734&_eu=AAAAAGQ&_fplc=0&are=1&cid=2116925861.1786549348&ec_mode=c&frm=0&pscdl=noapi&rcb=7&sr=1280x720&uaa=arm&uab=64&uafvl=Not%253DA%253FBrand%3B99.0.0.0%7CHeadlessChrome%3B151.0.7922.34%7CChromium%3B151.0.7922.34&uam=&uamb=0&uap=macOS&uapv=26.6.0&uaw=0&ul=en-us&ur=MX-CHH&sst.etld=google.com.mx&sst.tft=1786549347610&sst.lpc=37690791&sst.navt=n&sst.ude=0&sst.sw_exp=1&gaf=2&_s=1&tag_exp=115938466~115938468~118897920~118897930~119367802~119367810~119527019~119896802~120315584&sid=1786549348&sct=1&seg=0&dl=https%3A%2F%2Fwww.vivanuncios.com.mx%2Fa-venta-casa%2Ffraccionamiento-diamante-reliz%2Fcasa-en-venta-fracc-monte-caleres%2F149315625&dt=Casas%20en%20venta%20-%20213m2%20-%203%20recamaras%20-%20Fraccionamiento%20Diamant...&_tu=BA&en=impression_modal&gap.sstd=1&ep.content_group=Ficha&ep.fb_event=true&evnid=1786549347883.489934.179&ep.fb_id=888643211192359&ep.x-fb-ck-fbp=fb.3.1786549347863.3446775697&ep.google_ads_id=11200569259&ep.criteo_user_email=&ep.ecommerce_event=false&ep.isDesarrollo=false&ep.ga4_event=true&ep.modal_name=Modal_Pol%C3%ADticas&_et=3&ep.user_data._tag_mode=AUTO&ep.user_data.email_address=&ep.user_data.phone_number=&ep.user_data.address.first_name=&ep.user_data.address._tag_metadata.first_name.mode=c&tfd=1874&richsstsse>
2026-08-12 09:42:28,289 [scrapy-playwright] DEBUG: [Context=default] Request: <GET https://securepubads.g.doubleclick.net/gampad/ads?pvsid=6793619207098250&correlator=1993770618099903&eid=31099592%2C95397229%2C122880130&output=ldjh&gdfp_req=1&vrg=202608050101&ptt=17&impl=fifs&iu_parts=1026403%2CMX_Vivanuncios%2CMX_Vivanuncios_Listado_BarrioPatrocinado%2CMX_Vivanuncios_Leaderboard_1%2CMX_Vivanuncios_Leaderboard_2&enc_prev_ius=0%2F1%2F2%2C0%2F1%2F3%2C0%2F1%2F4&prev_iu_szs=320x50%7C294x468%2C294x250%2C294x250&fluid=height%2C0%2C0&ifi=1&dids=main-container-highlight-adSlo~postings-list-top-adSlot~postings-list-middle-adSlot&adfs=954585118~1487475904~584265098&sfv=1-0-45&sc=1&lrm=10&cookie_enabled=1&abxe=1&dt=1786549348258&lmt=1786549348&adxs=976%2C976%2C976&adys=256%2C4083%2C6762&biw=1280&bih=720&scr_x=0&scr_y=0&btvi=0%7C1%7C2&ucis=1%7C2%7C3&oid=2&u_his=2&u_h=720&u_w=1280&u_ah=720&u_aw=1280&u_cd=24&u_sd=1&u_tz=-360&dmc=16&bc=31&nvt=1&uach=WyJtYWNPUyIsIjI2LjYuMCIsImFybSIsIiIsIjE1MS4wLjc5MjIuMzQiLG51bGwsMCxudWxsLCI2NCIsW1siTm90PUE_QnJhbmQiLCI5OS4wLjAuMCJdLFsiSGVhZGxlc3NDaHJvbWUiLCIxNTEuMC43OTIyLjM0Il0sWyJDaHJvbWl1bSIsIjE1MS4wLjc5MjIuMzQiXV0sMF0.&url=https%3A%2F%2Fwww.vivanuncios.com.mx%2Fs-venta-inmuebles%2Fchihuahua-chih%2Fv1c1097l10163p1&vis=1&psz=294x0%7C0x0%7C0x0&msz=294x0%7C0x0%7C0x0&fws=512%2C512%2C512&ohw=0%2C0%2C0&dlt=1786549346530&idt=1688&prev_scp=idtipodeoperacion%3D1%26idtipodepropiedad%3D%26idsubtipodepropiedad%3D%26isLancamento%3Dfalse%26ambiente%3D3%26portal%3Dvivanuncios%26idprovincia%3D8066%26idciudad%3D102000445%26idzonaciudad%3D%26idzonavalor%3D%26idsubzonaciudad%3D%7Cidtipodeoperacion%3D1%26idtipodepropiedad%3D%26idsubtipodepropiedad%3D%26isLancamento%3Dfalse%26ambiente%3D3%26portal%3Dvivanuncios%26idprovincia%3D8066%26idciudad%3D102000445%26idzonaciudad%3D%26idzonavalor%3D%26idsubzonaciudad%3D%7Cidtipodeoperacion%3D1%26idtipodepropiedad%3D%26idsubtipodepropiedad%3D%26isLancamento%3Dfalse%26ambiente%3D3%26portal%3Dvivanuncios%26idprovincia%3D8066%26idciudad%3D102000445%26idzonaciudad%3D%26idzonavalor%3D%26idsubzonaciudad%3D&cust_params=idtipodeoperacion%3D1%26idtipodepropiedad%3D%26idsubtipodepropiedad%3D%26busquedakw%3D%26preciominimo%3D%26preciomaximo%3D%26idmoneda%3D%26isLancamento%3Dfalse%26ambiente%3D3%26portal%3Dvivanuncios%26idprovincia%3D8066%26idciudad%3D102000445%26idzonaciudad%3D%26idzonavalor%3D%26idsubzonaciudad%3D&adks=2785285026%2C2893187962%2C3720533012&frm=20&eoidce=1&pgls=CAk.> (resource type: fetch, referrer: https://www.vivanuncios.com.mx/)
2026-08-12 09:42:28,289 [scrapy-playwright] DEBUG: [Context=default] Request: <GET https://img10.naventcdn.com/empresas/18/00/51/05/27/29/130x70/logo_century-21-excellence_1785785036942.jpg> (resource type: image, referrer: https://www.vivanuncios.com.mx/)
2026-08-12 09:42:28,289 [scrapy-playwright] DEBUG: [Context=default] Request: <GET https://img10.naventcdn.com/empresas/18/00/00/02/05/01/130x70/logo_grupo-epinet-s.a.-de-c.v..jpg> (resource type: image, referrer: https://www.vivanuncios.com.mx/)
2026-08-12 09:42:28,290 [scrapy-playwright] DEBUG: [Context=default] Request: <GET https://img10.naventcdn.com/listado/RPLISv8.317.0-RC2/images/chevron-down-black.f56ea6e1.svg> (resource type: image, referrer: https://www.vivanuncios.com.mx/)
2026-08-12 09:42:28,290 [scrapy-playwright] DEBUG: [Context=default] Request: <GET https://7254449150b940af70df8276a2e6d467.safeframe.googlesyndication.com/safeframe/1-0-45/html/container.html> (resource type: document, referrer: https://www.vivanuncios.com.mx/)
2026-08-12 09:42:28,291 [scrapy-playwright] DEBUG: [Context=default] Response: <403 https://www.vivanuncios.com.mx/tracking/g/collect?v=2&tid=G-3W0YTSRCK7&gtm=45je68a1v9235587196z8858857621za20gzb858857621zd858857621&_p=1786549346666&gcd=13l3l3l3l1l1&npa=0&dma=0&ecid=1514065819&_eu=AAAAAGQ&_fplc=0&are=1&cid=2116925861.1786549348&ec_mode=c&frm=0&pscdl=noapi&rcb=19&sr=1280x720&uaa=arm&uab=64&uafvl=Not%253DA%253FBrand%3B99.0.0.0%7CHeadlessChrome%3B151.0.7922.34%7CChromium%3B151.0.7922.34&uam=&uamb=0&uap=macOS&uapv=26.6.0&uaw=0&ul=en-us&ur=MX-CHH&sst.etld=google.com.mx&sst.tft=1786549346666&sst.lpc=212333075&sst.navt=n&sst.ude=0&sst.sw_exp=1&gaf=2&_s=2&tag_exp=115616986~115938465~115938469~118897920~118897930~119367802~119367810~119527019~119793974~119896802&sid=1786549348&sct=1&seg=1&dl=https%3A%2F%2Fwww.vivanuncios.com.mx%2Fs-venta-inmuebles%2Fchihuahua-chih%2Fv1c1097l10163p1&dt=3%2C864%20Propiedades%20e%20inmuebles%20en%20venta%20-%20Chihuahua%2C%20Chihuahua%20-%20Vivanuncios&_tu=BA&en=page_view&gap.sstd=1&ep.fb_event=false&evnid=1786549347879.385512.176&ep.fb_id=888643211192359&ep.x-fb-ck-fbp=fb.3.1786549347863.3446775697&ep.google_ads_id=11200569259&ep.criteo_user_email=&ep.ecommerce_event=false&ep.isDesarrollo=false&ep.ga4_event=true&ep.content_group=Listado&ep.operation_type=Venta&ep.property_type=NA&ep.province=Chihuahua&ep.city=Chihuahua&ep.top5_house_id=&ep.is_logged=No&ep.zona=NA&ep.zonaValor=NA&ep.subZona=NA&ep.terminoUbicacion=Chihuahua&ep.aviso_duplicado=No&ep.variant_id=NA&ep.flow_type=Avisos%20Quintoandar%20-%20No&ep.status=Thin%20content%20OFF%20-%20M%C3%A1s%20de%2020%20resultados&ep.subproperty_type=NA&ep.posting_type=Avisos%205A%20-%20NO%20NA&ep.selection=%22NA%22&epn.cantidadUbicaciones=30&epn.selection_value=0&ep.item_id=3%2C864&ep.content_type=NA&epn.posting_list=1&ep.view_type=Listado&ep.pill_active=Si&ep.quick_filter=OFF&ep.in_listing=OFF&_et=3&ep.user_data._tag_mode=AUTO&ep.user_data.email_address=&ep.user_data.phone_number=&ep.user_data.address.first_name=&ep.user_data.address._tag_metadata.first_name.mode=c&tfd=1870&richsstsse>
2026-08-12 09:42:28,292 [scrapy-playwright] DEBUG: [Context=default] Response: <403 https://www.vivanuncios.com.mx/tracking/g/collect?v=2&tid=G-3W0YTSRCK7&gtm=45je68a1v9235587196z8858857621za20gzb858857621zd858857621&_p=1786549346666&gcd=13l3l3l3l1l1&npa=0&dma=0&ecid=1514065819&_eu=AAAAAGQ&_fplc=0&are=1&cid=2116925861.1786549348&ec_mode=c&frm=0&pscdl=noapi&rcb=19&sr=1280x720&uaa=arm&uab=64&uafvl=Not%253DA%253FBrand%3B99.0.0.0%7CHeadlessChrome%3B151.0.7922.34%7CChromium%3B151.0.7922.34&uam=&uamb=0&uap=macOS&uapv=26.6.0&uaw=0&ul=en-us&ur=MX-CHH&sst.etld=google.com.mx&sst.tft=1786549346666&sst.lpc=212333075&sst.navt=n&sst.ude=0&sst.sw_exp=1&gaf=2&_s=3&tag_exp=115616986~115938465~115938469~118897920~118897930~119367802~119367810~119527019~119793974~119896802&sid=1786549348&sct=1&seg=1&dl=https%3A%2F%2Fwww.vivanuncios.com.mx%2Fs-venta-inmuebles%2Fchihuahua-chih%2Fv1c1097l10163p1&dt=3%2C864%20Propiedades%20e%20inmuebles%20en%20venta%20-%20Chihuahua%2C%20Chihuahua%20-%20Vivanuncios&_tu=BA&en=page_view&gap.sstd=1&ep.fb_event=true&evnid=1786549347879.385512.232&ep.fb_id=888643211192359&ep.x-fb-ck-fbp=fb.3.1786549347863.3446775697&ep.google_ads_id=11200569259&ep.criteo_user_email=&ep.ecommerce_event=false&ep.isDesarrollo=false&ep.ga4_event=false&ep.x-fb-cd-content_type=Listado&_et=1&ep.user_data.email_address=&ep.user_data.phone_number=&ep.user_data.address.first_name=&ep.user_data.address._tag_metadata.first_name.mode=c&ep.user_data._tag_metadata.email_address.mode=c&ep.user_data._tag_metadata.phone_number.mode=c&tfd=1873&richsstsse>
2026-08-12 09:42:28,302 [scrapy-playwright] DEBUG: [Context=default] Response: <403 https://www.vivanuncios.com.mx/tracking/_/service_worker/68a0/sw_iframe.html?origin=https%3A%2F%2Fwww.vivanuncios.com.mx&1p=1&path=%2Ftracking>
2026-08-12 09:42:28,306 [scrapy-playwright] DEBUG: [Context=default] Response: <403 https://www.vivanuncios.com.mx/tracking/_/service_worker/68a0/sw_iframe.html?origin=https%3A%2F%2Fwww.vivanuncios.com.mx&1p=1&path=%2Ftracking>
2026-08-12 09:42:28,306 [scrapy-playwright] DEBUG: [Context=default] Request: <GET https://www.vivanuncios.com.mx/cdn-cgi/challenge-platform/h/g/orchestrate/chl_page/v1?ray=a2a097139fcdc8bf> (resource type: script, referrer: https://www.vivanuncios.com.mx/tracking/_/service_worker/68a0/sw_iframe.html?origin=https%3A%2F%2Fwww.vivanuncios.com.mx&1p=1&path=%2Ftracking&__cf_chl_rt_tk=ZDd42VqaiZsCqhYIQQ1xWOZFMwxNVDX2.is7uhGI7m4-1786549348-1.0.1.1-QTZEudrbr9oOLwCkvIdy7FKCp_iBSYTE.CRfw9Rl1Rg)
2026-08-12 09:42:28,308 [scrapy-playwright] DEBUG: [Context=default] Request: <GET https://www.vivanuncios.com.mx/cdn-cgi/challenge-platform/h/g/orchestrate/chl_page/v1?ray=a2a09713afe5c8bf> (resource type: script, referrer: https://www.vivanuncios.com.mx/tracking/_/service_worker/68a0/sw_iframe.html?origin=https%3A%2F%2Fwww.vivanuncios.com.mx&1p=1&path=%2Ftracking&__cf_chl_rt_tk=zpEIIRX3SFNowehvSfVhGBNOj02niLG28foCY00tnGI-1786549348-1.0.1.1-NKLbXXnxBcZZJpUfEvqZcrntQ8qUuVr4Vre9wOB9mp4)
2026-08-12 09:42:28,335 [scrapy-playwright] DEBUG: [Context=default] Response: <200 https://img10.naventcdn.com/ficha/RPFICv5.427.0-RC3/22.6d0ad8.css>
2026-08-12 09:42:28,336 [scrapy-playwright] DEBUG: [Context=default] Request: <GET https://www.googletagmanager.com/gtag/js?id=G-C4HWQQM571&cx=c&gtm=4e68a1> (resource type: script, referrer: https://www.vivanuncios.com.mx/)
2026-08-12 09:42:28,338 [scrapy-playwright] DEBUG: [Context=default] Request: <GET https://gum.criteo.com/sync?c=undefined&r=2&a=1&j=crto_callback> (resource type: script, referrer: https://www.vivanuncios.com.mx/)
2026-08-12 09:42:28,338 [scrapy-playwright] DEBUG: [Context=default] Response: <204 https://us.creativecdn.com/tags?id=pr_uBSmHTMIe51S3ztqdTkn_listing_{{150315412,150452392,149315625,149308645,149620858}}>
2026-08-12 09:42:28,338 [scrapy-playwright] DEBUG: [Context=default] Request: <GET https://img10.naventcdn.com/ficha/RPFICv5.427.0-RC3/pictures.5d6caa.svg> (resource type: image, referrer: https://www.vivanuncios.com.mx/a-venta-casa/fraccionamiento-diamante-reliz/casa-en-venta-fracc-monte-caleres/149315625)
2026-08-12 09:42:28,339 [scrapy-playwright] DEBUG: [Context=default] Request: <GET https://img10.naventcdn.com/ficha/RPFICv5.427.0-RC3/img-preview.d35373.svg> (resource type: image, referrer: https://www.vivanuncios.com.mx/a-venta-casa/fraccionamiento-diamante-reliz/casa-en-venta-fracc-monte-caleres/149315625)
2026-08-12 09:42:28,343 [scrapy-playwright] DEBUG: [Context=default] Response: <200 https://img10.naventcdn.com/listado/RPLISv8.317.0-RC2/css/8447.f7b753072c14bf89ae80.css>
2026-08-12 09:42:28,343 [scrapy-playwright] DEBUG: [Context=default] Response: <200 https://img10.naventcdn.com/listado/RPLISv8.317.0-RC2/css/recommended_gallery.bf1abec856b24ace8279.css>
2026-08-12 09:42:28,343 [scrapy-playwright] DEBUG: [Context=default] Response: <200 https://img10.naventcdn.com/avisos/18/01/50/31/54/00/360x266/1615530242.jpg?rapc=bXZhX2ltYWdl>
2026-08-12 09:42:28,343 [scrapy-playwright] DEBUG: [Context=default] Request: <POST https://www.google.com/ccm/collect?rcb=12&frm=0&apvc=1&ae=g&auid=1922152012.1786549348&dt=5%2C011%20Propiedades%20e%20inmuebles%20en%20venta%20bajaron%20de%20precio%20-%20Provincia%20de%20Chihuahua%20-%20Vivanuncios&en=page_view&dl=https%3A%2F%2Fwww.vivanuncios.com.mx%2Fs-venta-inmuebles%2Fchihuahua%2Fv1c1097l1005p1%3Fsort%3Dmost_lowered_price&scrsrc=www.googletagmanager.com&rnd=15652645.1786549348&navt=n&npa=0&ep.ads_data_redaction=0&gtm=45He68a1v858857621za200zd858857621xea&gcd=13l3l3l3l1l1&dma=0&tag_exp=115938466~115938468~118897920~118897930~119527020~119896803&tft=1786549348338&tfd=2001&fmt=8> (resource type: fetch, referrer: https://www.vivanuncios.com.mx/)
2026-08-12 09:42:28,354 [scrapy-playwright] DEBUG: [Context=default] Response: <204 https://analytics.google.com/g/collect?v=2&tid=G-C4HWQQM571&gtm=45je68a1v9103994736z8858857621za20gzb858857621zd858857621&_p=1786549346666&_gaz=1&gcd=13l3l3l3l1l1&npa=0&dma=0&_eu=AAAAAGAC&are=1&cid=2116925861.1786549348&frm=0&pscdl=noapi&rcb=14&sr=1280x720&uaa=arm&uab=64&uafvl=Not%253DA%253FBrand%3B99.0.0.0%7CHeadlessChrome%3B151.0.7922.34%7CChromium%3B151.0.7922.34&uam=&uamb=0&uap=macOS&uapv=26.6.0&uaw=0&ul=en-us&gaf=2&_s=1&tag_exp=115616985~115938465~115938468~118897920~118897930~119367802~119367810~119527020~119896803~120385423&sid=1786549348&sct=1&seg=0&dl=https%3A%2F%2Fwww.vivanuncios.com.mx%2Fs-venta-inmuebles%2Fchihuahua-chih%2Fv1c1097l10163p1&dt=3%2C864%20Propiedades%20e%20inmuebles%20en%20venta%20-%20Chihuahua%2C%20Chihuahua%20-%20Vivanuncios&en=impression_modal&_fv=1&_nsi=1&_ss=1&ep.is_logged=No&ep.modal_name=Modal_Pol%C3%ADticas&tfd=1826>
2026-08-12 09:42:28,354 [scrapy-playwright] DEBUG: [Context=default] Response: <204 https://analytics.google.com/g/collect?v=2&tid=G-3W0YTSRCK7&gtm=45je68a1v9235587196z8858857621za20gzb858857621zd858857621&_p=1786549346666&_gaz=1&gcd=13l3l3l3l1l1&npa=0&dma=0&_eu=AAAAAGA&are=1&cid=2116925861.1786549348&frm=0&pscdl=noapi&rcb=19&sr=1280x720&uaa=arm&uab=64&uafvl=Not%253DA%253FBrand%3B99.0.0.0%7CHeadlessChrome%3B151.0.7922.34%7CChromium%3B151.0.7922.34&uam=&uamb=0&uap=macOS&uapv=26.6.0&uaw=0&ul=en-us&gaf=2&_s=1&tag_exp=115616986~115938465~115938469~118897920~118897930~119367802~119367810~119527019~119793974~119896802&sid=1786549348&sct=1&seg=0&dl=https%3A%2F%2Fwww.vivanuncios.com.mx%2Fs-venta-inmuebles%2Fchihuahua-chih%2Fv1c1097l10163p1&dt=3%2C864%20Propiedades%20e%20inmuebles%20en%20venta%20-%20Chihuahua%2C%20Chihuahua%20-%20Vivanuncios&en=impression_modal&_fv=1&_ss=1&ep.modal_name=Modal_Pol%C3%ADticas&tfd=1865>
2026-08-12 09:42:28,356 [scrapy-playwright] DEBUG: [Context=default] Response: <200 https://www.google.com.mx/ads/ga-audiences?v=1&t=sr&slf_rd=1&_r=4&tid=G-C4HWQQM571&cid=2116925861.1786549348&gtm=45je68a1v9103994736z8858857621za20gzb858857621zd858857621&rcb=14&aip=1&dma=0&gcd=13l3l3l3l1l1&npa=0&frm=0&tag_exp=115616985~115938465~115938468~118897920~118897930~119367802~119367810~119527020~119896803~120385423&z=103080362>
2026-08-12 09:42:28,356 [scrapy-playwright] DEBUG: [Context=default] Request: <GET https://www.googletagmanager.com/gtag/js?id=G-3W0YTSRCK7&cx=c&gtm=4e68a1> (resource type: script, referrer: https://www.vivanuncios.com.mx/)
2026-08-12 09:42:28,359 [scrapy-playwright] DEBUG: [Context=default] Response: <403 https://www.vivanuncios.com.mx/rp-api/user/session>
2026-08-12 09:42:28,360 [scrapy-playwright] DEBUG: [Context=default] Response: <200 https://www.google.com.mx/ads/ga-audiences?v=1&t=sr&slf_rd=1&_r=4&tid=G-3W0YTSRCK7&cid=2116925861.1786549348&gtm=45je68a1v9235587196z8858857621za20gzb858857621zd858857621&rcb=19&aip=1&dma=0&gcd=13l3l3l3l1l1&npa=0&frm=0&tag_exp=115616986~115938465~115938469~118897920~118897930~119367802~119367810~119527019~119793974~119896802&z=2122164318>
2026-08-12 09:42:28,360 [scrapy-playwright] DEBUG: [Context=default] Response: <204 https://stats.g.doubleclick.net/g/collect?v=2&tid=G-C4HWQQM571&cid=2116925861.1786549348&gtm=45je68a1v9103994736z8858857621za20gzb858857621zd858857621&rcb=14&aip=1&dma=0&gcd=13l3l3l3l1l1&npa=0&frm=0&tag_exp=115616985~115938465~115938468~118897920~118897930~119367802~119367810~119527020~119896803~120385423>
2026-08-12 09:42:28,360 [scrapy-playwright] DEBUG: [Context=default] Response: <403 https://www.vivanuncios.com.mx/rplis-api/user/activity?postingsIds=150315412,150452392,149315625,149308645,149620858,149619751,150598113,149671186,149620852,150139290,150460815,150664406,150573183,149428139,150366400,149179070,149428159,145938066,149994776,150562005,150027483,149241975,149428158,150562009,150210841,150519613,150562048,149776860,150728028,150327646>
2026-08-12 09:42:28,360 [scrapy-playwright] DEBUG: [Context=default] Response: <200 https://www.vivanuncios.com.mx/cdn-cgi/challenge-platform/h/g/orchestrate/chl_page/v1?ray=a2a097139fcdc8bf>
2026-08-12 09:42:28,361 [scrapy-playwright] DEBUG: [Context=default] Request: <POST https://www.vivanuncios.com.mx/analytics/avisos_countImpressions.ajax> (resource type: fetch, referrer: https://www.vivanuncios.com.mx/s-venta-inmuebles/chihuahua/v1c1097l1005p1?sort=most_lowered_price)
2026-08-12 09:42:28,362 [scrapy-playwright] DEBUG: [Context=default] Response: <200 https://www.vivanuncios.com.mx/cdn-cgi/challenge-platform/h/g/orchestrate/chl_page/v1?ray=a2a09713afe5c8bf>
2026-08-12 09:42:28,375 [scrapy-playwright] DEBUG: [Context=default] Request: <GET https://img10.naventcdn.com/listado/RPLISv8.317.0-RC2/9366.js> (resource type: script, referrer: https://www.vivanuncios.com.mx/)
2026-08-12 09:42:28,376 [scrapy-playwright] DEBUG: [Context=default] Request: <GET https://img10.naventcdn.com/listado/RPLISv8.317.0-RC2/css/quick_login.cafb6c3544016c1bb0c9.css> (resource type: stylesheet, referrer: https://www.vivanuncios.com.mx/)
2026-08-12 09:42:28,377 [scrapy-playwright] DEBUG: [Context=default] Request: <GET https://img10.naventcdn.com/listado/RPLISv8.317.0-RC2/quick_login.js> (resource type: script, referrer: https://www.vivanuncios.com.mx/)
2026-08-12 09:42:28,378 [scrapy-playwright] DEBUG: [Context=default] Response: <200 https://img10.naventcdn.com/listado/RPLISv8.317.0-RC2/images/right-arrow.5c51420c.svg>
2026-08-12 09:42:28,379 [scrapy-playwright] DEBUG: [Context=default] Response: <200 https://img10.naventcdn.com/listado/RPLISv8.317.0-RC2/images/chevron-down-black.f56ea6e1.svg>
2026-08-12 09:42:28,379 [scrapy-playwright] DEBUG: [Context=default] Response: <200 https://img10.naventcdn.com/empresas/18/00/00/02/05/01/130x70/logo_grupo-epinet-s.a.-de-c.v..jpg>
2026-08-12 09:42:28,379 [scrapy-playwright] DEBUG: [Context=default] Response: <200 https://img10.naventcdn.com/empresas/18/00/51/05/27/29/130x70/logo_century-21-excellence_1785785036942.jpg>
2026-08-12 09:42:28,380 [scrapy-playwright] DEBUG: [Context=default] Response: <400 https://gum.criteo.com/sync?c=undefined&r=2&a=1&j=crto_callback>
2026-08-12 09:42:28,381 [scrapy-playwright] DEBUG: [Context=default] Response: <200 https://securepubads.g.doubleclick.net/tag/js/gpt.js>
2026-08-12 09:42:28,389 [scrapy-playwright] DEBUG: [Context=default] Request: <GET https://finprop-api-content.vivanuncios.com.mx/contents?site=VAMX&page=listado&section=header_calculator_banner&user.id=&user.name=&user.surname=&user.email=&user.phone=> (resource type: fetch, referrer: https://www.vivanuncios.com.mx/)
2026-08-12 09:42:28,390 [scrapy-playwright] DEBUG: [Context=default] Request: <GET https://www.vivanuncios.com.mx/rp-api/labs/v1/recommended?isMobile=false&page=listado&limit=20&action=&isDevelop=false&idsPostingView=150315412%2C150452392%2C149315625%2C149308645%2C149620858%2C149619751%2C150598113%2C149671186%2C149620852%2C150139290%2C150460815%2C150664406%2C150573183%2C149428139%2C150366400%2C149179070%2C149428159%2C145938066%2C149994776%2C150562005%2C150027483%2C149241975%2C149428158%2C150562009%2C150210841%2C150519613%2C150562048%2C149776860%2C150728028%2C150327646&recommendName=personalizedRecommended> (resource type: fetch, referrer: https://www.vivanuncios.com.mx/s-venta-inmuebles/chihuahua/v1c1097l1005p1?sort=most_lowered_price)
2026-08-12 09:42:28,391 [scrapy-playwright] DEBUG: [Context=default] Response: <204 https://finprop-api-content.vivanuncios.com.mx/contents?site=VAMX&page=listado&section=header_calculator_banner&user.id=&user.name=&user.surname=&user.email=&user.phone=>
2026-08-12 09:42:28,396 [scrapy-playwright] DEBUG: [Context=default] Request: <GET https://challenges.cloudflare.com/turnstile/v0/g/aae2b9a1c261/api.js?onload=mlyM5&render=explicit> (resource type: script)
2026-08-12 09:42:28,396 [scrapy-playwright] DEBUG: [Context=default] Request: <GET https://challenges.cloudflare.com/turnstile/v0/g/aae2b9a1c261/api.js?onload=mlyM5&render=explicit> (resource type: script)
2026-08-12 09:42:28,400 [scrapy-playwright] DEBUG: [Context=default] Response: <204 https://stats.g.doubleclick.net/g/collect?v=2&tid=G-3W0YTSRCK7&cid=2116925861.1786549348&gtm=45je68a1v9235587196z8858857621za20gzb858857621zd858857621&rcb=19&aip=1&dma=0&gcd=13l3l3l3l1l1&npa=0&frm=0&tag_exp=115616986~115938465~115938469~118897920~118897930~119367802~119367810~119527019~119793974~119896802>
2026-08-12 09:42:28,401 [scrapy-playwright] DEBUG: [Context=default] Request: <GET https://securepubads.g.doubleclick.net/pagead/managed/js/gpt/m202608060101/pubads_impl.js?cb=122880269> (resource type: script, referrer: https://www.vivanuncios.com.mx/)
2026-08-12 09:42:28,402 [scrapy-playwright] DEBUG: [Context=default] Response: <403 https://www.vivanuncios.com.mx/analytics/avisos_countImpressions.ajax>
2026-08-12 09:42:28,403 [scrapy-playwright] DEBUG: [Context=default] Request: <GET https://securepubads.g.doubleclick.net/pagead/managed/dict/m202608110101/gpt> (resource type: other)
2026-08-12 09:42:28,404 [scrapy-playwright] DEBUG: [Context=default] Response: <200 https://securepubads.g.doubleclick.net/gampad/ads?pvsid=6793619207098250&correlator=1993770618099903&eid=31099592%2C95397229%2C122880130&output=ldjh&gdfp_req=1&vrg=202608050101&ptt=17&impl=fifs&iu_parts=1026403%2CMX_Vivanuncios%2CMX_Vivanuncios_Listado_BarrioPatrocinado%2CMX_Vivanuncios_Leaderboard_1%2CMX_Vivanuncios_Leaderboard_2&enc_prev_ius=0%2F1%2F2%2C0%2F1%2F3%2C0%2F1%2F4&prev_iu_szs=320x50%7C294x468%2C294x250%2C294x250&fluid=height%2C0%2C0&ifi=1&dids=main-container-highlight-adSlo~postings-list-top-adSlot~postings-list-middle-adSlot&adfs=954585118~1487475904~584265098&sfv=1-0-45&sc=1&lrm=10&cookie_enabled=1&abxe=1&dt=1786549348258&lmt=1786549348&adxs=976%2C976%2C976&adys=256%2C4083%2C6762&biw=1280&bih=720&scr_x=0&scr_y=0&btvi=0%7C1%7C2&ucis=1%7C2%7C3&oid=2&u_his=2&u_h=720&u_w=1280&u_ah=720&u_aw=1280&u_cd=24&u_sd=1&u_tz=-360&dmc=16&bc=31&nvt=1&uach=WyJtYWNPUyIsIjI2LjYuMCIsImFybSIsIiIsIjE1MS4wLjc5MjIuMzQiLG51bGwsMCxudWxsLCI2NCIsW1siTm90PUE_QnJhbmQiLCI5OS4wLjAuMCJdLFsiSGVhZGxlc3NDaHJvbWUiLCIxNTEuMC43OTIyLjM0Il0sWyJDaHJvbWl1bSIsIjE1MS4wLjc5MjIuMzQiXV0sMF0.&url=https%3A%2F%2Fwww.vivanuncios.com.mx%2Fs-venta-inmuebles%2Fchihuahua-chih%2Fv1c1097l10163p1&vis=1&psz=294x0%7C0x0%7C0x0&msz=294x0%7C0x0%7C0x0&fws=512%2C512%2C512&ohw=0%2C0%2C0&dlt=1786549346530&idt=1688&prev_scp=idtipodeoperacion%3D1%26idtipodepropiedad%3D%26idsubtipodepropiedad%3D%26isLancamento%3Dfalse%26ambiente%3D3%26portal%3Dvivanuncios%26idprovincia%3D8066%26idciudad%3D102000445%26idzonaciudad%3D%26idzonavalor%3D%26idsubzonaciudad%3D%7Cidtipodeoperacion%3D1%26idtipodepropiedad%3D%26idsubtipodepropiedad%3D%26isLancamento%3Dfalse%26ambiente%3D3%26portal%3Dvivanuncios%26idprovincia%3D8066%26idciudad%3D102000445%26idzonaciudad%3D%26idzonavalor%3D%26idsubzonaciudad%3D%7Cidtipodeoperacion%3D1%26idtipodepropiedad%3D%26idsubtipodepropiedad%3D%26isLancamento%3Dfalse%26ambiente%3D3%26portal%3Dvivanuncios%26idprovincia%3D8066%26idciudad%3D102000445%26idzonaciudad%3D%26idzonavalor%3D%26idsubzonaciudad%3D&cust_params=idtipodeoperacion%3D1%26idtipodepropiedad%3D%26idsubtipodepropiedad%3D%26busquedakw%3D%26preciominimo%3D%26preciomaximo%3D%26idmoneda%3D%26isLancamento%3Dfalse%26ambiente%3D3%26portal%3Dvivanuncios%26idprovincia%3D8066%26idciudad%3D102000445%26idzonaciudad%3D%26idzonavalor%3D%26idsubzonaciudad%3D&adks=2785285026%2C2893187962%2C3720533012&frm=20&eoidce=1&pgls=CAk.>
2026-08-12 09:42:28,413 [scrapy-playwright] DEBUG: [Context=default] Response: <200 https://img10.naventcdn.com/listado/RPLISv8.317.0-RC2/quick_login.js>
2026-08-12 09:42:28,414 [scrapy-playwright] DEBUG: [Context=default] Response: <200 https://img10.naventcdn.com/listado/RPLISv8.317.0-RC2/css/quick_login.cafb6c3544016c1bb0c9.css>
2026-08-12 09:42:28,422 [scrapy-playwright] DEBUG: [Context=default] Response: <200 https://img10.naventcdn.com/ficha/RPFICv5.427.0-RC3/pictures.5d6caa.svg>
2026-08-12 09:42:28,425 [scrapy-playwright] DEBUG: [Context=default] Response: <200 https://img10.naventcdn.com/ficha/RPFICv5.427.0-RC3/img-preview.d35373.svg>
2026-08-12 09:42:28,425 [scrapy-playwright] DEBUG: [Context=default] Response: <200 https://img10.naventcdn.com/listado/RPLISv8.317.0-RC2/9366.js>
2026-08-12 09:42:28,430 [scrapy-playwright] DEBUG: [Context=default] Response: <403 https://www.vivanuncios.com.mx/rp-api/labs/v1/recommended?isMobile=false&page=listado&limit=20&action=&isDevelop=false&idsPostingView=150315412%2C150452392%2C149315625%2C149308645%2C149620858%2C149619751%2C150598113%2C149671186%2C149620852%2C150139290%2C150460815%2C150664406%2C150573183%2C149428139%2C150366400%2C149179070%2C149428159%2C145938066%2C149994776%2C150562005%2C150027483%2C149241975%2C149428158%2C150562009%2C150210841%2C150519613%2C150562048%2C149776860%2C150728028%2C150327646&recommendName=personalizedRecommended>
2026-08-12 09:42:28,432 [scrapy-playwright] DEBUG: [Context=default] Response: <200 https://securepubads.g.doubleclick.net/pagead/managed/dict/m202608110101/gpt>
2026-08-12 09:42:28,445 [scrapy-playwright] DEBUG: [Context=default] Response: <200 https://cm.g.doubleclick.net/partnerpixels?url=https%3A%2F%2Fwww.vivanuncios.com.mx%2Fs-venta-inmuebles%2Fchihuahua-chih%2Fv1c1097l10163p1>
2026-08-12 09:42:28,451 [scrapy-playwright] DEBUG: [Context=default] Request: <GET https://accounts.google.com/gsi/style> (resource type: stylesheet, referrer: https://www.vivanuncios.com.mx/)
2026-08-12 09:42:28,464 [scrapy-playwright] DEBUG: [Context=default] Response: <200 https://www.google.com/ccm/collect?rcb=12&frm=0&apvc=1&ae=g&auid=1922152012.1786549348&dt=5%2C011%20Propiedades%20e%20inmuebles%20en%20venta%20bajaron%20de%20precio%20-%20Provincia%20de%20Chihuahua%20-%20Vivanuncios&en=page_view&dl=https%3A%2F%2Fwww.vivanuncios.com.mx%2Fs-venta-inmuebles%2Fchihuahua%2Fv1c1097l1005p1%3Fsort%3Dmost_lowered_price&scrsrc=www.googletagmanager.com&rnd=15652645.1786549348&navt=n&npa=0&ep.ads_data_redaction=0&gtm=45He68a1v858857621za200zd858857621xea&gcd=13l3l3l3l1l1&dma=0&tag_exp=115938466~115938468~118897920~118897930~119527020~119896803&tft=1786549348338&tfd=2001&fmt=8>
2026-08-12 09:42:28,476 [scrapy-playwright] DEBUG: [Context=default] Response: <200 https://7254449150b940af70df8276a2e6d467.safeframe.googlesyndication.com/safeframe/1-0-45/html/container.html>
2026-08-12 09:42:28,483 [scrapy-playwright] DEBUG: [Context=default] Request: <GET https://www.vivanuncios.com.mx/tracking/g/collect?v=2&tid=G-3W0YTSRCK7&gtm=45je68a1v9235587196z8858857621za20gzb858857621zd858857621&_p=1786549347610&gcd=13l3l3l3l1l1&npa=0&dma=0&ecid=1514065819&_eu=AAAAAGQ&_fplc=0&are=1&cid=2116925861.1786549348&ec_mode=c&frm=0&pscdl=noapi&rcb=7&sr=1280x720&uaa=arm&uab=64&uafvl=Not%253DA%253FBrand%3B99.0.0.0%7CHeadlessChrome%3B151.0.7922.34%7CChromium%3B151.0.7922.34&uam=&uamb=0&uap=macOS&uapv=26.6.0&uaw=0&ul=en-us&ur=MX-CHH&sst.etld=google.com.mx&sst.tft=1786549347610&sst.lpc=37690791&sst.navt=n&sst.ude=0&sst.sw_exp=1&gaf=2&_s=2&tag_exp=115938466~115938468~118897920~118897930~119367802~119367810~119527019~119896802~120315584&sid=1786549348&sct=1&seg=1&dl=https%3A%2F%2Fwww.vivanuncios.com.mx%2Fa-venta-casa%2Ffraccionamiento-diamante-reliz%2Fcasa-en-venta-fracc-monte-caleres%2F149315625&dt=Casas%20en%20venta%20-%20213m2%20-%203%20recamaras%20-%20Fraccionamiento%20Diamant...&_tu=BA&en=select_content&gap.sstd=1&ep.content_group=Ficha&ep.fb_event=true&evnid=1786549347883.489934.179&ep.fb_id=888643211192359&ep.x-fb-ck-fbp=fb.3.1786549347863.3446775697&ep.google_ads_id=11200569259&ep.criteo_user_email=&ep.ecommerce_event=false&ep.isDesarrollo=false&ep.ga4_event=true&ep.content_type=Modal%20login%20rapido%20Google&ep.item_id=Cerrar%20modal&_et=271&ep.user_data._tag_mode=AUTO&ep.user_data.email_address=&ep.user_data.phone_number=&ep.user_data.address.first_name=&ep.user_data.address._tag_metadata.first_name.mode=c&tfd=2146&richsstsse> (resource type: fetch, referrer: https://www.vivanuncios.com.mx/a-venta-casa/fraccionamiento-diamante-reliz/casa-en-venta-fracc-monte-caleres/149315625)
2026-08-12 09:42:28,485 [scrapy-playwright] DEBUG: [Context=default] Response: <200 https://img10.naventcdn.com/avisos/18/01/50/32/37/99/360x266/1615795335.jpg?rapc=bXZhX2ltYWdl>
2026-08-12 09:42:28,490 [scrapy-playwright] DEBUG: [Context=default] Response: <204 https://finprop-api-content.vivanuncios.com.mx/contents?site=VAMX&page=listado&section=header_calculator_banner&user.id=&user.name=&user.surname=&user.email=&user.phone=>
2026-08-12 09:42:28,503 [scrapy-playwright] DEBUG: [Context=default] Response: <200 https://securepubads.g.doubleclick.net/pagead/managed/js/gpt/m202608060101/pubads_impl.js?cb=122880269>
2026-08-12 09:42:28,507 [scrapy-playwright] DEBUG: [Context=default] Request: <POST https://www.vivanuncios.com.mx/cdn-cgi/challenge-platform/h/g/fo/55142797:1786546830:hPjQn3TfM1VzikT80ijZYjNlRfEvVkJCM03FIaa6Blg/a2a097139fcdc8bf/Z2p9cr7BXJUwv6dP5ar5OsQtOOC4zJAUEd2VqtvNobw-1786549348-1.2.1.1-xWbKAHEKTVMvauhhuAGZTb5jNoD3prbmhWFXBcx8c_aBO8g4lc4LebrWY9iA_vvY> (resource type: xhr, referrer: https://www.vivanuncios.com.mx/tracking/_/service_worker/68a0/sw_iframe.html?origin=https%3A%2F%2Fwww.vivanuncios.com.mx&1p=1&path=%2Ftracking)
2026-08-12 09:42:28,509 [scrapy-playwright] DEBUG: [Context=default] Request: <POST https://www.vivanuncios.com.mx/cdn-cgi/challenge-platform/h/g/fo/55142797:1786546830:hPjQn3TfM1VzikT80ijZYjNlRfEvVkJCM03FIaa6Blg/a2a09713afe5c8bf/_9QcIo4W7yox000h76DcfSj3sJtNOsYWp5c9Q2r_3nQ-1786549348-1.2.1.1-Tgrje41sFOYAnv24eDuRmjUAEPtC9umJM8gDxD_uUrY_3k3KWsc432oQwsNs5cSw> (resource type: xhr, referrer: https://www.vivanuncios.com.mx/tracking/_/service_worker/68a0/sw_iframe.html?origin=https%3A%2F%2Fwww.vivanuncios.com.mx&1p=1&path=%2Ftracking)
2026-08-12 09:42:28,523 [scrapy-playwright] DEBUG: [Context=default] Response: <403 https://www.vivanuncios.com.mx/tracking/g/collect?v=2&tid=G-3W0YTSRCK7&gtm=45je68a1v9235587196z8858857621za20gzb858857621zd858857621&_p=1786549347610&gcd=13l3l3l3l1l1&npa=0&dma=0&ecid=1514065819&_eu=AAAAAGQ&_fplc=0&are=1&cid=2116925861.1786549348&ec_mode=c&frm=0&pscdl=noapi&rcb=7&sr=1280x720&uaa=arm&uab=64&uafvl=Not%253DA%253FBrand%3B99.0.0.0%7CHeadlessChrome%3B151.0.7922.34%7CChromium%3B151.0.7922.34&uam=&uamb=0&uap=macOS&uapv=26.6.0&uaw=0&ul=en-us&ur=MX-CHH&sst.etld=google.com.mx&sst.tft=1786549347610&sst.lpc=37690791&sst.navt=n&sst.ude=0&sst.sw_exp=1&gaf=2&_s=2&tag_exp=115938466~115938468~118897920~118897930~119367802~119367810~119527019~119896802~120315584&sid=1786549348&sct=1&seg=1&dl=https%3A%2F%2Fwww.vivanuncios.com.mx%2Fa-venta-casa%2Ffraccionamiento-diamante-reliz%2Fcasa-en-venta-fracc-monte-caleres%2F149315625&dt=Casas%20en%20venta%20-%20213m2%20-%203%20recamaras%20-%20Fraccionamiento%20Diamant...&_tu=BA&en=select_content&gap.sstd=1&ep.content_group=Ficha&ep.fb_event=true&evnid=1786549347883.489934.179&ep.fb_id=888643211192359&ep.x-fb-ck-fbp=fb.3.1786549347863.3446775697&ep.google_ads_id=11200569259&ep.criteo_user_email=&ep.ecommerce_event=false&ep.isDesarrollo=false&ep.ga4_event=true&ep.content_type=Modal%20login%20rapido%20Google&ep.item_id=Cerrar%20modal&_et=271&ep.user_data._tag_mode=AUTO&ep.user_data.email_address=&ep.user_data.phone_number=&ep.user_data.address.first_name=&ep.user_data.address._tag_metadata.first_name.mode=c&tfd=2146&richsstsse>
2026-08-12 09:42:28,524 [scrapy-playwright] DEBUG: [Context=default] Request: <GET https://cm.g.doubleclick.net/partnerpixels?url=https%3A%2F%2Fwww.vivanuncios.com.mx%2Fs-venta-inmuebles%2Fchihuahua%2Fv1c1097l1005p1%3Fsort%3Dmost_lowered_price> (resource type: document, referrer: https://www.vivanuncios.com.mx/)
2026-08-12 09:42:28,526 [scrapy-playwright] DEBUG: [Context=default] Response: <200 https://challenges.cloudflare.com/turnstile/v0/g/aae2b9a1c261/api.js?onload=mlyM5&render=explicit>
2026-08-12 09:42:28,530 [scrapy-playwright] DEBUG: [Context=default] Response: <200 https://accounts.google.com/gsi/style>
2026-08-12 09:42:28,547 [scrapy-playwright] DEBUG: [Context=default] Response: <200 https://challenges.cloudflare.com/turnstile/v0/g/aae2b9a1c261/api.js?onload=mlyM5&render=explicit>
2026-08-12 09:42:28,573 [scrapy-playwright] DEBUG: [Context=default] Request: <GET https://js-agent.newrelic.com/nr-spa-1.297.0.min.js> (resource type: script, referrer: https://www.vivanuncios.com.mx/)
2026-08-12 09:42:28,575 [scrapy-playwright] DEBUG: [Context=default] Request: <GET https://ep1.adtrafficquality.google/getconfig/sodar?sv=200&tid=gpt&tv=m202608050101&st=env&sjk=6793619207098250> (resource type: xhr, referrer: https://www.vivanuncios.com.mx/)
2026-08-12 09:42:28,603 [scrapy-playwright] DEBUG: [Context=default] Request: <GET https://securepubads.g.doubleclick.net/gampad/ads?pvsid=2378594419345656&correlator=359895460688455&eid=122880269&output=ldjh&gdfp_req=1&vrg=202608060101&ptt=17&impl=fifs&iu_parts=1026403%2CMX_Vivanuncios%2CMX_Vivanuncios_Listado_BarrioPatrocinado%2CMX_Vivanuncios_Leaderboard_1%2CMX_Vivanuncios_Leaderboard_2&enc_prev_ius=0%2F1%2F2%2C0%2F1%2F3%2C0%2F1%2F4&prev_iu_szs=320x50%7C294x468%2C294x250%2C294x250&fluid=height%2C0%2C0&ifi=1&dids=main-container-highlight-adSlo~postings-list-top-adSlot~postings-list-middle-adSlot&adfs=954585118~1487475904~584265098&sfv=1-0-45&sc=1&lrm=10&cookie_enabled=1&abxe=1&dt=1786549348533&lmt=1786549348&adxs=976%2C976%2C976&adys=256%2C4169%2C6906&biw=1280&bih=720&scr_x=0&scr_y=0&btvi=0%7C1%7C2&ucis=1%7C2%7C3&oid=2&u_his=2&u_h=720&u_w=1280&u_ah=720&u_aw=1280&u_cd=24&u_sd=1&u_tz=-360&dmc=16&bc=31&nvt=1&uach=WyJtYWNPUyIsIjI2LjYuMCIsImFybSIsIiIsIjE1MS4wLjc5MjIuMzQiLG51bGwsMCxudWxsLCI2NCIsW1siTm90PUE_QnJhbmQiLCI5OS4wLjAuMCJdLFsiSGVhZGxlc3NDaHJvbWUiLCIxNTEuMC43OTIyLjM0Il0sWyJDaHJvbWl1bSIsIjE1MS4wLjc5MjIuMzQiXV0sMF0.&url=https%3A%2F%2Fwww.vivanuncios.com.mx%2Fs-venta-inmuebles%2Fchihuahua%2Fv1c1097l1005p1%3Fsort%3Dmost_lowered_price&vis=1&psz=294x0%7C0x0%7C0x0&msz=294x0%7C0x0%7C0x0&fws=512%2C512%2C512&ohw=0%2C0%2C0&dlt=1786549347664&idt=837&prev_scp=idtipodeoperacion%3D1%26idtipodepropiedad%3D%26idsubtipodepropiedad%3D%26isLancamento%3Dfalse%26ambiente%3D3%26portal%3Dvivanuncios%26idprovincia%3D8066%26idciudad%3D%26idzonaciudad%3D%26idzonavalor%3D%26idsubzonaciudad%3D%7Cidtipodeoperacion%3D1%26idtipodepropiedad%3D%26idsubtipodepropiedad%3D%26isLancamento%3Dfalse%26ambiente%3D3%26portal%3Dvivanuncios%26idprovincia%3D8066%26idciudad%3D%26idzonaciudad%3D%26idzonavalor%3D%26idsubzonaciudad%3D%7Cidtipodeoperacion%3D1%26idtipodepropiedad%3D%26idsubtipodepropiedad%3D%26isLancamento%3Dfalse%26ambiente%3D3%26portal%3Dvivanuncios%26idprovincia%3D8066%26idciudad%3D%26idzonaciudad%3D%26idzonavalor%3D%26idsubzonaciudad%3D&cust_params=idtipodeoperacion%3D1%26idtipodepropiedad%3D%26idsubtipodepropiedad%3D%26busquedakw%3D%26preciominimo%3D%26preciomaximo%3D%26idmoneda%3D%26isLancamento%3Dfalse%26ambiente%3D3%26portal%3Dvivanuncios%26idprovincia%3D8066%26idciudad%3D%26idzonaciudad%3D%26idzonavalor%3D%26idsubzonaciudad%3D&adks=2785285026%2C2893187962%2C3720533012&frm=20&eoidce=1&pgls=CAk.> (resource type: fetch, referrer: https://www.vivanuncios.com.mx/)
2026-08-12 09:42:28,604 [scrapy-playwright] DEBUG: [Context=default] Request: <POST https://www.vivanuncios.com.mx/cdn-cgi/rum?> (resource type: xhr, referrer: https://www.vivanuncios.com.mx/s-venta-inmuebles/chihuahua-chih/v1c1097l10163p1)
2026-08-12 09:42:28,611 [scrapy-playwright] DEBUG: [Context=default] Request: <GET https://90957edded43b6d2c72c92bb826c10d0.safeframe.googlesyndication.com/safeframe/1-0-45/html/container.html> (resource type: document, referrer: https://www.vivanuncios.com.mx/)
2026-08-12 09:42:28,612 [scrapy-playwright] DEBUG: [Context=default] Response: <200 https://www.googletagmanager.com/gtag/js?id=G-C4HWQQM571&cx=c&gtm=4e68a1>
2026-08-12 09:42:28,614 [scrapy-playwright] DEBUG: [Context=default] Response: <200 https://www.googletagmanager.com/gtag/js?id=G-3W0YTSRCK7&cx=c&gtm=4e68a1>
2026-08-12 09:42:28,615 [scrapy-playwright] DEBUG: [Context=default] Response: <200 https://www.vivanuncios.com.mx/cdn-cgi/challenge-platform/h/g/fo/55142797:1786546830:hPjQn3TfM1VzikT80ijZYjNlRfEvVkJCM03FIaa6Blg/a2a09713afe5c8bf/_9QcIo4W7yox000h76DcfSj3sJtNOsYWp5c9Q2r_3nQ-1786549348-1.2.1.1-Tgrje41sFOYAnv24eDuRmjUAEPtC9umJM8gDxD_uUrY_3k3KWsc432oQwsNs5cSw>
2026-08-12 09:42:28,615 [scrapy-playwright] DEBUG: [Context=default] Request: <GET https://challenges.cloudflare.com/cdn-cgi/challenge-platform/h/g/turnstile/f/av0/rch/j1a5n/0x4AAAAAAADnPIDROrmt1Wwj/light/fbE/new/normal?lang=auto> (resource type: document)
2026-08-12 09:42:28,615 [scrapy-playwright] DEBUG: [Context=default] Request: <GET https://www.vivanuncios.com.mx/tracking/g/collect?v=2&tid=G-3W0YTSRCK7&gtm=45je68a1v9235587196z8858857621za20gzb858857621zd858857621&_p=1786549346666&gcd=13l3l3l3l1l1&npa=0&dma=0&ecid=1514065819&_eu=AAAAAGQ&_fplc=0&are=1&cid=2116925861.1786549348&ec_mode=c&frm=0&pscdl=noapi&rcb=19&sr=1280x720&uaa=arm&uab=64&uafvl=Not%253DA%253FBrand%3B99.0.0.0%7CHeadlessChrome%3B151.0.7922.34%7CChromium%3B151.0.7922.34&uam=&uamb=0&uap=macOS&uapv=26.6.0&uaw=0&ul=en-us&ur=MX-CHH&sst.etld=google.com.mx&sst.tft=1786549346666&sst.lpc=212333075&sst.navt=n&sst.ude=0&sst.sw_exp=1&gaf=2&_s=4&tag_exp=115616986~115938465~115938469~118897920~118897930~119367802~119367810~119527019~119793974~119896802&sid=1786549348&sct=1&seg=1&dl=https%3A%2F%2Fwww.vivanuncios.com.mx%2Fs-venta-inmuebles%2Fchihuahua-chih%2Fv1c1097l10163p1&dt=3%2C864%20Propiedades%20e%20inmuebles%20en%20venta%20-%20Chihuahua%2C%20Chihuahua%20-%20Vivanuncios&_tu=BA&en=search&gap.sstd=1&ep.fb_event=true&evnid=1786549347879.385512.317&ep.fb_id=888643211192359&ep.x-fb-ck-fbp=fb.3.1786549347863.3446775697&ep.google_ads_id=11200569259&ep.criteo_user_email=&ep.ecommerce_event=false&ep.isDesarrollo=false&ep.ga4_event=false&ep.x-fb-cd-content_type=home_listing&ep.x-fb-cd-content_ids=&ep.custom_properties=%7B%22city%22%3A%22Chihuahua%22%2C%22region%22%3A%22Chihuahua%22%2C%22country%22%3A%22MX%22%7D&ep.item_ids=145938066%2C149588204%2C150519613&_et=364&ep.user_data.email_address=&ep.user_data.phone_number=&ep.user_data.address.first_name=&ep.user_data.address._tag_metadata.first_name.mode=c&ep.user_data._tag_metadata.email_address.mode=c&ep.user_data._tag_metadata.phone_number.mode=c&tfd=2242&richsstsse> (resource type: fetch, referrer: https://www.vivanuncios.com.mx/s-venta-inmuebles/chihuahua-chih/v1c1097l10163p1)
2026-08-12 09:42:28,616 [scrapy-playwright] DEBUG: [Context=default] Response: <200 https://cm.g.doubleclick.net/partnerpixels?url=https%3A%2F%2Fwww.vivanuncios.com.mx%2Fs-venta-inmuebles%2Fchihuahua%2Fv1c1097l1005p1%3Fsort%3Dmost_lowered_price>
2026-08-12 09:42:28,617 [scrapy-playwright] DEBUG: [Context=default] Response: <200 https://www.vivanuncios.com.mx/cdn-cgi/challenge-platform/h/g/fo/55142797:1786546830:hPjQn3TfM1VzikT80ijZYjNlRfEvVkJCM03FIaa6Blg/a2a097139fcdc8bf/Z2p9cr7BXJUwv6dP5ar5OsQtOOC4zJAUEd2VqtvNobw-1786549348-1.2.1.1-xWbKAHEKTVMvauhhuAGZTb5jNoD3prbmhWFXBcx8c_aBO8g4lc4LebrWY9iA_vvY>
2026-08-12 09:42:28,617 [scrapy-playwright] DEBUG: [Context=default] Request: <GET https://challenges.cloudflare.com/cdn-cgi/challenge-platform/h/g/turnstile/f/av0/rch/5n2jj/0x4AAAAAAADnPIDROrmt1Wwj/light/fbE/new/normal?lang=auto> (resource type: document)
2026-08-12 09:42:28,648 [scrapy-playwright] DEBUG: [Context=default] Request: <POST https://analytics.google.com/g/collect?v=2&tid=G-3W0YTSRCK7&gtm=45je68a1v9235587196z8858857621za20gzb858857621zd858857621&_p=1786549347746&gcd=13l3l3l3l1l1&npa=0&dma=0&_eu=AAAAAGQ&are=1&cid=2116925861.1786549348&frm=0&pscdl=noapi&rcb=4&sr=1280x720&uaa=arm&uab=64&uafvl=Not%253DA%253FBrand%3B99.0.0.0%7CHeadlessChrome%3B151.0.7922.34%7CChromium%3B151.0.7922.34&uam=&uamb=0&uap=macOS&uapv=26.6.0&uaw=0&ul=en-us&gaf=2&_s=1&tag_exp=115616986~115938466~115938469~118897920~118897930~119367802~119367810~119527019~119896802&sid=1786549348&sct=1&seg=1&dl=https%3A%2F%2Fwww.vivanuncios.com.mx%2Fs-venta-inmuebles%2Fchihuahua%2Fv1c1097l1005p1%3Fsort%3Dmost_lowered_price&dt=5%2C011%20Propiedades%20e%20inmuebles%20en%20venta%20bajaron%20de%20precio%20-%20Provincia%20de%20Chihuahua%20-%20Vivanuncios&en=impression_modal&ep.modal_name=Modal_Pol%C3%ADticas&_et=1&tfd=2295> (resource type: fetch, referrer: https://www.vivanuncios.com.mx/)
2026-08-12 09:42:28,648 [scrapy-playwright] DEBUG: [Context=default] Request: <GET https://www.vivanuncios.com.mx/tracking/g/collect?v=2&tid=G-3W0YTSRCK7&gtm=45je68a1v9235587196z8858857621za20gzb858857621zd858857621&_p=1786549347746&gcd=13l3l3l3l1l1&npa=0&dma=0&ecid=1000470001&_eu=AAAAAGQ&_fplc=0&are=1&cid=2116925861.1786549348&ec_mode=c&frm=0&pscdl=noapi&rcb=4&sr=1280x720&uaa=arm&uab=64&uafvl=Not%253DA%253FBrand%3B99.0.0.0%7CHeadlessChrome%3B151.0.7922.34%7CChromium%3B151.0.7922.34&uam=&uamb=0&uap=macOS&uapv=26.6.0&uaw=0&ul=en-us&ur=MX-CHH&sst.etld=google.com.mx&sst.tft=1786549347746&sst.lpc=35724967&sst.navt=n&sst.ude=0&sst.sw_exp=1&gaf=2&_s=2&tag_exp=115616986~115938466~115938469~118897920~118897930~119367802~119367810~119527019~119896802&sid=1786549348&sct=1&seg=1&dl=https%3A%2F%2Fwww.vivanuncios.com.mx%2Fs-venta-inmuebles%2Fchihuahua%2Fv1c1097l1005p1%3Fsort%3Dmost_lowered_price&dt=5%2C011%20Propiedades%20e%20inmuebles%20en%20venta%20bajaron%20de%20precio%20-%20Provincia%20de%20Chihuahua%20-%20Vivanuncios&_tu=BA&en=page_view&gap.sstd=1&ep.fb_event=false&evnid=1786549348346.778606.176&ep.fb_id=888643211192359&ep.x-fb-ck-fbp=fb.3.1786549347863.3446775697&ep.google_ads_id=11200569259&ep.criteo_user_email=&ep.ecommerce_event=false&ep.isDesarrollo=false&ep.ga4_event=true&ep.content_group=Listado&ep.operation_type=Venta&ep.property_type=NA&ep.province=Chihuahua&ep.city=NA&ep.top5_house_id=&ep.is_logged=No&ep.zona=NA&ep.zonaValor=NA&ep.subZona=NA&ep.terminoUbicacion=Chihuahua&ep.aviso_duplicado=No&ep.variant_id=NA&ep.flow_type=Avisos%20Quintoandar%20-%20No&ep.status=Thin%20content%20OFF%20-%20M%C3%A1s%20de%2020%20resultados&ep.subproperty_type=NA&ep.posting_type=Avisos%205A%20-%20NO%20NA&ep.selection=%22NA%22&epn.cantidadUbicaciones=30&epn.selection_value=0&ep.item_id=5%2C011&ep.content_type=NA&epn.posting_list=1&ep.view_type=Listado&ep.pill_active=Si&ep.quick_filter=OFF&ep.in_listing=OFF&_et=2&ep.user_data._tag_mode=AUTO&ep.user_data.email_address=&ep.user_data.phone_number=&ep.user_data.address.first_name=&ep.user_data.address._tag_metadata.first_name.mode=c&tfd=2296&richsstsse> (resource type: fetch, referrer: https://www.vivanuncios.com.mx/s-venta-inmuebles/chihuahua/v1c1097l1005p1?sort=most_lowered_price)
2026-08-12 09:42:28,648 [scrapy-playwright] DEBUG: [Context=default] Request: <GET https://www.vivanuncios.com.mx/tracking/g/collect?v=2&tid=G-3W0YTSRCK7&gtm=45je68a1v9235587196z8858857621za20gzb858857621zd858857621&_p=1786549347746&gcd=13l3l3l3l1l1&npa=0&dma=0&ecid=1000470001&_eu=AAAAAGQ&_fplc=0&are=1&cid=2116925861.1786549348&ec_mode=c&frm=0&pscdl=noapi&rcb=4&sr=1280x720&uaa=arm&uab=64&uafvl=Not%253DA%253FBrand%3B99.0.0.0%7CHeadlessChrome%3B151.0.7922.34%7CChromium%3B151.0.7922.34&uam=&uamb=0&uap=macOS&uapv=26.6.0&uaw=0&ul=en-us&ur=MX-CHH&sst.etld=google.com.mx&sst.tft=1786549347746&sst.lpc=35724967&sst.navt=n&sst.ude=0&sst.sw_exp=1&gaf=2&_s=3&tag_exp=115616986~115938466~115938469~118897920~118897930~119367802~119367810~119527019~119896802&sid=1786549348&sct=1&seg=1&dl=https%3A%2F%2Fwww.vivanuncios.com.mx%2Fs-venta-inmuebles%2Fchihuahua%2Fv1c1097l1005p1%3Fsort%3Dmost_lowered_price&dt=5%2C011%20Propiedades%20e%20inmuebles%20en%20venta%20bajaron%20de%20precio%20-%20Provincia%20de%20Chihuahua%20-%20Vivanuncios&_tu=BA&en=page_view&gap.sstd=1&ep.fb_event=true&evnid=1786549348346.778606.232&ep.fb_id=888643211192359&ep.x-fb-ck-fbp=fb.3.1786549347863.3446775697&ep.google_ads_id=11200569259&ep.criteo_user_email=&ep.ecommerce_event=false&ep.isDesarrollo=false&ep.ga4_event=false&ep.x-fb-cd-content_type=Listado&_et=1&ep.user_data.email_address=&ep.user_data.phone_number=&ep.user_data.address.first_name=&ep.user_data.address._tag_metadata.first_name.mode=c&ep.user_data._tag_metadata.email_address.mode=c&ep.user_data._tag_metadata.phone_number.mode=c&tfd=2298&richsstsse> (resource type: fetch, referrer: https://www.vivanuncios.com.mx/s-venta-inmuebles/chihuahua/v1c1097l1005p1?sort=most_lowered_price)
2026-08-12 09:42:28,649 [scrapy-playwright] DEBUG: [Context=default] Response: <204 https://www.vivanuncios.com.mx/cdn-cgi/rum?>
2026-08-12 09:42:28,649 [scrapy-playwright] DEBUG: [Context=default] Request: <GET https://www.vivanuncios.com.mx/tracking/_/service_worker/68a0/sw_iframe.html?origin=https%3A%2F%2Fwww.vivanuncios.com.mx&1p=1&path=%2Ftracking> (resource type: document)
2026-08-12 09:42:28,651 [scrapy.core.engine] DEBUG: Crawled (200) <GET https://www.vivanuncios.com.mx/s-venta-inmuebles/chihuahua-chih/v1c1097l10163p1> (referer: None) ['playwright']
2026-08-12 09:42:28,703 [scrapy-playwright] DEBUG: [Context=default] Response: <403 https://www.vivanuncios.com.mx/tracking/g/collect?v=2&tid=G-3W0YTSRCK7&gtm=45je68a1v9235587196z8858857621za20gzb858857621zd858857621&_p=1786549346666&gcd=13l3l3l3l1l1&npa=0&dma=0&ecid=1514065819&_eu=AAAAAGQ&_fplc=0&are=1&cid=2116925861.1786549348&ec_mode=c&frm=0&pscdl=noapi&rcb=19&sr=1280x720&uaa=arm&uab=64&uafvl=Not%253DA%253FBrand%3B99.0.0.0%7CHeadlessChrome%3B151.0.7922.34%7CChromium%3B151.0.7922.34&uam=&uamb=0&uap=macOS&uapv=26.6.0&uaw=0&ul=en-us&ur=MX-CHH&sst.etld=google.com.mx&sst.tft=1786549346666&sst.lpc=212333075&sst.navt=n&sst.ude=0&sst.sw_exp=1&gaf=2&_s=4&tag_exp=115616986~115938465~115938469~118897920~118897930~119367802~119367810~119527019~119793974~119896802&sid=1786549348&sct=1&seg=1&dl=https%3A%2F%2Fwww.vivanuncios.com.mx%2Fs-venta-inmuebles%2Fchihuahua-chih%2Fv1c1097l10163p1&dt=3%2C864%20Propiedades%20e%20inmuebles%20en%20venta%20-%20Chihuahua%2C%20Chihuahua%20-%20Vivanuncios&_tu=BA&en=search&gap.sstd=1&ep.fb_event=true&evnid=1786549347879.385512.317&ep.fb_id=888643211192359&ep.x-fb-ck-fbp=fb.3.1786549347863.3446775697&ep.google_ads_id=11200569259&ep.criteo_user_email=&ep.ecommerce_event=false&ep.isDesarrollo=false&ep.ga4_event=false&ep.x-fb-cd-content_type=home_listing&ep.x-fb-cd-content_ids=&ep.custom_properties=%7B%22city%22%3A%22Chihuahua%22%2C%22region%22%3A%22Chihuahua%22%2C%22country%22%3A%22MX%22%7D&ep.item_ids=145938066%2C149588204%2C150519613&_et=364&ep.user_data.email_address=&ep.user_data.phone_number=&ep.user_data.address.first_name=&ep.user_data.address._tag_metadata.first_name.mode=c&ep.user_data._tag_metadata.email_address.mode=c&ep.user_data._tag_metadata.phone_number.mode=c&tfd=2242&richsstsse>
2026-08-12 09:42:28,703 [scrapy-playwright] DEBUG: [Context=default] Response: <200 https://img10.naventcdn.com/ficha/map/Vivanuncios/149315625E.png>
2026-08-12 09:42:28,729 [scrapy-playwright] DEBUG: [Context=default] Response: <403 https://www.vivanuncios.com.mx/tracking/g/collect?v=2&tid=G-3W0YTSRCK7&gtm=45je68a1v9235587196z8858857621za20gzb858857621zd858857621&_p=1786549347746&gcd=13l3l3l3l1l1&npa=0&dma=0&ecid=1000470001&_eu=AAAAAGQ&_fplc=0&are=1&cid=2116925861.1786549348&ec_mode=c&frm=0&pscdl=noapi&rcb=4&sr=1280x720&uaa=arm&uab=64&uafvl=Not%253DA%253FBrand%3B99.0.0.0%7CHeadlessChrome%3B151.0.7922.34%7CChromium%3B151.0.7922.34&uam=&uamb=0&uap=macOS&uapv=26.6.0&uaw=0&ul=en-us&ur=MX-CHH&sst.etld=google.com.mx&sst.tft=1786549347746&sst.lpc=35724967&sst.navt=n&sst.ude=0&sst.sw_exp=1&gaf=2&_s=2&tag_exp=115616986~115938466~115938469~118897920~118897930~119367802~119367810~119527019~119896802&sid=1786549348&sct=1&seg=1&dl=https%3A%2F%2Fwww.vivanuncios.com.mx%2Fs-venta-inmuebles%2Fchihuahua%2Fv1c1097l1005p1%3Fsort%3Dmost_lowered_price&dt=5%2C011%20Propiedades%20e%20inmuebles%20en%20venta%20bajaron%20de%20precio%20-%20Provincia%20de%20Chihuahua%20-%20Vivanuncios&_tu=BA&en=page_view&gap.sstd=1&ep.fb_event=false&evnid=1786549348346.778606.176&ep.fb_id=888643211192359&ep.x-fb-ck-fbp=fb.3.1786549347863.3446775697&ep.google_ads_id=11200569259&ep.criteo_user_email=&ep.ecommerce_event=false&ep.isDesarrollo=false&ep.ga4_event=true&ep.content_group=Listado&ep.operation_type=Venta&ep.property_type=NA&ep.province=Chihuahua&ep.city=NA&ep.top5_house_id=&ep.is_logged=No&ep.zona=NA&ep.zonaValor=NA&ep.subZona=NA&ep.terminoUbicacion=Chihuahua&ep.aviso_duplicado=No&ep.variant_id=NA&ep.flow_type=Avisos%20Quintoandar%20-%20No&ep.status=Thin%20content%20OFF%20-%20M%C3%A1s%20de%2020%20resultados&ep.subproperty_type=NA&ep.posting_type=Avisos%205A%20-%20NO%20NA&ep.selection=%22NA%22&epn.cantidadUbicaciones=30&epn.selection_value=0&ep.item_id=5%2C011&ep.content_type=NA&epn.posting_list=1&ep.view_type=Listado&ep.pill_active=Si&ep.quick_filter=OFF&ep.in_listing=OFF&_et=2&ep.user_data._tag_mode=AUTO&ep.user_data.email_address=&ep.user_data.phone_number=&ep.user_data.address.first_name=&ep.user_data.address._tag_metadata.first_name.mode=c&tfd=2296&richsstsse>
2026-08-12 09:42:28,730 [scrapy-playwright] DEBUG: [Context=default] Response: <403 https://www.vivanuncios.com.mx/tracking/g/collect?v=2&tid=G-3W0YTSRCK7&gtm=45je68a1v9235587196z8858857621za20gzb858857621zd858857621&_p=1786549347746&gcd=13l3l3l3l1l1&npa=0&dma=0&ecid=1000470001&_eu=AAAAAGQ&_fplc=0&are=1&cid=2116925861.1786549348&ec_mode=c&frm=0&pscdl=noapi&rcb=4&sr=1280x720&uaa=arm&uab=64&uafvl=Not%253DA%253FBrand%3B99.0.0.0%7CHeadlessChrome%3B151.0.7922.34%7CChromium%3B151.0.7922.34&uam=&uamb=0&uap=macOS&uapv=26.6.0&uaw=0&ul=en-us&ur=MX-CHH&sst.etld=google.com.mx&sst.tft=1786549347746&sst.lpc=35724967&sst.navt=n&sst.ude=0&sst.sw_exp=1&gaf=2&_s=3&tag_exp=115616986~115938466~115938469~118897920~118897930~119367802~119367810~119527019~119896802&sid=1786549348&sct=1&seg=1&dl=https%3A%2F%2Fwww.vivanuncios.com.mx%2Fs-venta-inmuebles%2Fchihuahua%2Fv1c1097l1005p1%3Fsort%3Dmost_lowered_price&dt=5%2C011%20Propiedades%20e%20inmuebles%20en%20venta%20bajaron%20de%20precio%20-%20Provincia%20de%20Chihuahua%20-%20Vivanuncios&_tu=BA&en=page_view&gap.sstd=1&ep.fb_event=true&evnid=1786549348346.778606.232&ep.fb_id=888643211192359&ep.x-fb-ck-fbp=fb.3.1786549347863.3446775697&ep.google_ads_id=11200569259&ep.criteo_user_email=&ep.ecommerce_event=false&ep.isDesarrollo=false&ep.ga4_event=false&ep.x-fb-cd-content_type=Listado&_et=1&ep.user_data.email_address=&ep.user_data.phone_number=&ep.user_data.address.first_name=&ep.user_data.address._tag_metadata.first_name.mode=c&ep.user_data._tag_metadata.email_address.mode=c&ep.user_data._tag_metadata.phone_number.mode=c&tfd=2298&richsstsse>
2026-08-12 09:42:28,730 [scrapy-playwright] DEBUG: [Context=default] Response: <403 https://www.vivanuncios.com.mx/tracking/_/service_worker/68a0/sw_iframe.html?origin=https%3A%2F%2Fwww.vivanuncios.com.mx&1p=1&path=%2Ftracking>
2026-08-12 09:42:28,731 [scrapy-playwright] DEBUG: [Context=default] Request: <GET https://www.vivanuncios.com.mx/cdn-cgi/challenge-platform/h/g/orchestrate/chl_page/v1?ray=a2a097164b3dc8bf> (resource type: script, referrer: https://www.vivanuncios.com.mx/tracking/_/service_worker/68a0/sw_iframe.html?origin=https%3A%2F%2Fwww.vivanuncios.com.mx&1p=1&path=%2Ftracking&__cf_chl_rt_tk=epnnXucLkLlK0b0Xj7hz6HOVE8Aci61iCJXxr_fHH6s-1786549348-1.0.1.1-b2oz8aCriMJ6OASxlfoyhOolKmchR27GgSKE5FUiMUQ)
2026-08-12 09:42:28,743 [scrapy-playwright] DEBUG: [Context=default] Response: <200 https://challenges.cloudflare.com/cdn-cgi/challenge-platform/h/g/turnstile/f/av0/rch/j1a5n/0x4AAAAAAADnPIDROrmt1Wwj/light/fbE/new/normal?lang=auto>
2026-08-12 09:42:28,751 [scrapy-playwright] DEBUG: [Context=default] Response: <200 https://securepubads.g.doubleclick.net/gampad/ads?pvsid=2378594419345656&correlator=359895460688455&eid=122880269&output=ldjh&gdfp_req=1&vrg=202608060101&ptt=17&impl=fifs&iu_parts=1026403%2CMX_Vivanuncios%2CMX_Vivanuncios_Listado_BarrioPatrocinado%2CMX_Vivanuncios_Leaderboard_1%2CMX_Vivanuncios_Leaderboard_2&enc_prev_ius=0%2F1%2F2%2C0%2F1%2F3%2C0%2F1%2F4&prev_iu_szs=320x50%7C294x468%2C294x250%2C294x250&fluid=height%2C0%2C0&ifi=1&dids=main-container-highlight-adSlo~postings-list-top-adSlot~postings-list-middle-adSlot&adfs=954585118~1487475904~584265098&sfv=1-0-45&sc=1&lrm=10&cookie_enabled=1&abxe=1&dt=1786549348533&lmt=1786549348&adxs=976%2C976%2C976&adys=256%2C4169%2C6906&biw=1280&bih=720&scr_x=0&scr_y=0&btvi=0%7C1%7C2&ucis=1%7C2%7C3&oid=2&u_his=2&u_h=720&u_w=1280&u_ah=720&u_aw=1280&u_cd=24&u_sd=1&u_tz=-360&dmc=16&bc=31&nvt=1&uach=WyJtYWNPUyIsIjI2LjYuMCIsImFybSIsIiIsIjE1MS4wLjc5MjIuMzQiLG51bGwsMCxudWxsLCI2NCIsW1siTm90PUE_QnJhbmQiLCI5OS4wLjAuMCJdLFsiSGVhZGxlc3NDaHJvbWUiLCIxNTEuMC43OTIyLjM0Il0sWyJDaHJvbWl1bSIsIjE1MS4wLjc5MjIuMzQiXV0sMF0.&url=https%3A%2F%2Fwww.vivanuncios.com.mx%2Fs-venta-inmuebles%2Fchihuahua%2Fv1c1097l1005p1%3Fsort%3Dmost_lowered_price&vis=1&psz=294x0%7C0x0%7C0x0&msz=294x0%7C0x0%7C0x0&fws=512%2C512%2C512&ohw=0%2C0%2C0&dlt=1786549347664&idt=837&prev_scp=idtipodeoperacion%3D1%26idtipodepropiedad%3D%26idsubtipodepropiedad%3D%26isLancamento%3Dfalse%26ambiente%3D3%26portal%3Dvivanuncios%26idprovincia%3D8066%26idciudad%3D%26idzonaciudad%3D%26idzonavalor%3D%26idsubzonaciudad%3D%7Cidtipodeoperacion%3D1%26idtipodepropiedad%3D%26idsubtipodepropiedad%3D%26isLancamento%3Dfalse%26ambiente%3D3%26portal%3Dvivanuncios%26idprovincia%3D8066%26idciudad%3D%26idzonaciudad%3D%26idzonavalor%3D%26idsubzonaciudad%3D%7Cidtipodeoperacion%3D1%26idtipodepropiedad%3D%26idsubtipodepropiedad%3D%26isLancamento%3Dfalse%26ambiente%3D3%26portal%3Dvivanuncios%26idprovincia%3D8066%26idciudad%3D%26idzonaciudad%3D%26idzonavalor%3D%26idsubzonaciudad%3D&cust_params=idtipodeoperacion%3D1%26idtipodepropiedad%3D%26idsubtipodepropiedad%3D%26busquedakw%3D%26preciominimo%3D%26preciomaximo%3D%26idmoneda%3D%26isLancamento%3Dfalse%26ambiente%3D3%26portal%3Dvivanuncios%26idprovincia%3D8066%26idciudad%3D%26idzonaciudad%3D%26idzonavalor%3D%26idsubzonaciudad%3D&adks=2785285026%2C2893187962%2C3720533012&frm=20&eoidce=1&pgls=CAk.>
2026-08-12 09:42:28,760 [scrapy-playwright] DEBUG: [Context=default] Response: <200 https://js-agent.newrelic.com/nr-spa-1.297.0.min.js>
2026-08-12 09:42:28,767 [scrapy-playwright] DEBUG: [Context=default] Response: <200 https://challenges.cloudflare.com/cdn-cgi/challenge-platform/h/g/turnstile/f/av0/rch/5n2jj/0x4AAAAAAADnPIDROrmt1Wwj/light/fbE/new/normal?lang=auto>
2026-08-12 09:42:28,772 [scrapy-playwright] DEBUG: [Context=default] Response: <204 https://analytics.google.com/g/collect?v=2&tid=G-3W0YTSRCK7&gtm=45je68a1v9235587196z8858857621za20gzb858857621zd858857621&_p=1786549347746&gcd=13l3l3l3l1l1&npa=0&dma=0&_eu=AAAAAGQ&are=1&cid=2116925861.1786549348&frm=0&pscdl=noapi&rcb=4&sr=1280x720&uaa=arm&uab=64&uafvl=Not%253DA%253FBrand%3B99.0.0.0%7CHeadlessChrome%3B151.0.7922.34%7CChromium%3B151.0.7922.34&uam=&uamb=0&uap=macOS&uapv=26.6.0&uaw=0&ul=en-us&gaf=2&_s=1&tag_exp=115616986~115938466~115938469~118897920~118897930~119367802~119367810~119527019~119896802&sid=1786549348&sct=1&seg=1&dl=https%3A%2F%2Fwww.vivanuncios.com.mx%2Fs-venta-inmuebles%2Fchihuahua%2Fv1c1097l1005p1%3Fsort%3Dmost_lowered_price&dt=5%2C011%20Propiedades%20e%20inmuebles%20en%20venta%20bajaron%20de%20precio%20-%20Provincia%20de%20Chihuahua%20-%20Vivanuncios&en=impression_modal&ep.modal_name=Modal_Pol%C3%ADticas&_et=1&tfd=2295>
2026-08-12 09:42:28,772 [scrapy-playwright] DEBUG: [Context=default] Request: <POST https://bam.nr-data.net/1/9e5469c271?a=278671896&sa=1&v=1.297.0&t=Unnamed%20Transaction&rst=2429&ck=0&s=6d109377885f494f&ref=https://www.vivanuncios.com.mx/s-venta-inmuebles/chihuahua-chih/v1c1097l10163p1&ptid=d35b28a035f55cf2&af=err,spa,xhr,stn,ins&be=183&fe=2023&dc=231&fsh=1&perf=%7B%22timing%22:%7B%22of%22:1786549346337,%22n%22:0,%22rq%22:81,%22rp%22:184,%22rpe%22:213,%22di%22:409,%22ds%22:413,%22de%22:414,%22dc%22:2200,%22l%22:2202,%22le%22:2206%7D,%22navigation%22:%7B%7D%7D&fp=420&fcp=420> (resource type: xhr, referrer: https://www.vivanuncios.com.mx/)
2026-08-12 09:42:28,774 [scrapy-playwright] DEBUG: [Context=default] Response: <200 https://www.vivanuncios.com.mx/cdn-cgi/challenge-platform/h/g/orchestrate/chl_page/v1?ray=a2a097164b3dc8bf>
2026-08-12 09:42:28,783 [scrapy-playwright] DEBUG: [Context=default] Request: <GET https://js-agent.newrelic.com/nr-spa-1.296.0.min.js> (resource type: script, referrer: https://www.vivanuncios.com.mx/a-venta-casa/fraccionamiento-diamante-reliz/casa-en-venta-fracc-monte-caleres/149315625)
2026-08-12 09:42:28,786 [scrapy-playwright] DEBUG: [Context=default] Request: <GET https://challenges.cloudflare.com/turnstile/v0/g/aae2b9a1c261/api.js?onload=mlyM5&render=explicit> (resource type: script)
2026-08-12 09:42:28,789 [scrapy-playwright] DEBUG: [Context=default] Request: <POST https://www.vivanuncios.com.mx/cdn-cgi/rum?> (resource type: xhr, referrer: https://www.vivanuncios.com.mx/a-venta-casa/fraccionamiento-diamante-reliz/casa-en-venta-fracc-monte-caleres/149315625)
2026-08-12 09:42:28,793 [scrapy-playwright] DEBUG: [Context=default] Request: <GET https://securepubads.g.doubleclick.net/tag/js/gpt.js> (resource type: script, referrer: https://www.vivanuncios.com.mx/a-venta-casa/fraccionamiento-diamante-reliz/casa-en-venta-fracc-monte-caleres/149315625)
2026-08-12 09:42:28,808 [scrapy-playwright] DEBUG: [Context=default] Response: <200 https://ep1.adtrafficquality.google/getconfig/sodar?sv=200&tid=gpt&tv=m202608050101&st=env&sjk=6793619207098250>
2026-08-12 09:42:28,819 [scrapy-playwright] DEBUG: [Context=default] Request: <GET https://ep2.adtrafficquality.google/sodar/sodar2.js> (resource type: script, referrer: https://www.vivanuncios.com.mx/)
2026-08-12 09:42:28,821 [scrapy.core.engine] DEBUG: Crawled (200) <GET https://www.vivanuncios.com.mx/a-venta-casa/fraccionamiento-diamante-reliz/casa-en-venta-fracc-monte-caleres/149315625> (referer: None) ['playwright']
2026-08-12 09:42:28,839 [scrapy-playwright] DEBUG: [Context=default] Request: <GET https://www.vivanuncios.com.mx/tracking/g/collect?v=2&tid=G-3W0YTSRCK7&gtm=45je68a1v9235587196z8858857621za20gzb858857621zd858857621&_p=1786549347610&gcd=13l3l3l3l1l1&npa=0&dma=0&ecid=1000470001&_eu=AAAAAGQ&_fplc=0&are=1&cid=2116925861.1786549348&ec_mode=c&frm=0&pscdl=noapi&rcb=7&sr=1280x720&uaa=arm&uab=64&uafvl=Not%253DA%253FBrand%3B99.0.0.0%7CHeadlessChrome%3B151.0.7922.34%7CChromium%3B151.0.7922.34&uam=&uamb=0&uap=macOS&uapv=26.6.0&uaw=0&ul=en-us&ur=MX-CHH&sst.etld=google.com.mx&sst.tft=1786549347610&sst.lpc=37690791&sst.navt=n&sst.ude=0&sst.sw_exp=1&gaf=2&_s=3&tag_exp=115938466~115938468~118897920~118897930~119367802~119367810~119527019~119896802~120315584&sid=1786549348&sct=1&seg=1&dl=https%3A%2F%2Fwww.vivanuncios.com.mx%2Fa-venta-casa%2Ffraccionamiento-diamante-reliz%2Fcasa-en-venta-fracc-monte-caleres%2F149315625&dt=Casas%20en%20venta%20-%20213m2%20-%203%20recamaras%20-%20Fraccionamiento%20Diamant...&_tu=BA&en=page_view&gap.sstd=1&ep.content_group=Ficha&ep.fb_event=false&evnid=1786549347883.489934.179&ep.fb_id=888643211192359&ep.x-fb-ck-fbp=fb.3.1786549347863.3446775697&ep.google_ads_id=11200569259&ep.criteo_user_email=&ep.ecommerce_event=false&ep.isDesarrollo=false&ep.ga4_event=true&ep.category_listing=clasificados&ep.operation_type=venta&ep.property_type=Casa&ep.province=Chihuahua&ep.city=Chihuahua&ep.posting_id=149315625&ep.bathrooms=3&ep.dorms=3&ep.parking=2&ep.listed_by=Century%2021%20Robles%20%26%20Herrera&ep.is_furnished=false&ep.is_logged=No&ep.aviso_duplicado=No&ep.status=true&ep.variant_id=NA&ep.flow_type=NA&ep.terminoUbicacion=Fraccionamiento%20Diamante%20Reliz&ep.user_reputation=NA&_et=346&ep.user_data._tag_mode=AUTO&ep.user_data.email_address=&ep.user_data.phone_number=&ep.user_data.address.first_name=&ep.user_data.address._tag_metadata.first_name.mode=c&tfd=2495&richsstsse> (resource type: fetch, referrer: https://www.vivanuncios.com.mx/a-venta-casa/fraccionamiento-diamante-reliz/casa-en-venta-fracc-monte-caleres/149315625)
2026-08-12 09:42:28,839 [scrapy-playwright] DEBUG: [Context=default] Request: <GET https://www.vivanuncios.com.mx/tracking/g/collect?v=2&tid=G-3W0YTSRCK7&gtm=45je68a1v9235587196z8858857621za20gzb858857621zd858857621&_p=1786549347610&gcd=13l3l3l3l1l1&npa=0&dma=0&ecid=1000470001&_eu=AAAAAGQ&_fplc=0&are=1&cid=2116925861.1786549348&ec_mode=c&frm=0&pscdl=noapi&rcb=7&sr=1280x720&uaa=arm&uab=64&uafvl=Not%253DA%253FBrand%3B99.0.0.0%7CHeadlessChrome%3B151.0.7922.34%7CChromium%3B151.0.7922.34&uam=&uamb=0&uap=macOS&uapv=26.6.0&uaw=0&ul=en-us&ur=MX-CHH&sst.etld=google.com.mx&sst.tft=1786549347610&sst.lpc=37690791&sst.navt=n&sst.ude=0&sst.sw_exp=1&gaf=2&_s=4&tag_exp=115938466~115938468~118897920~118897930~119367802~119367810~119527019~119896802~120315584&cu=MXN&sid=1786549348&sct=1&seg=1&dl=https%3A%2F%2Fwww.vivanuncios.com.mx%2Fa-venta-casa%2Ffraccionamiento-diamante-reliz%2Fcasa-en-venta-fracc-monte-caleres%2F149315625&dt=Casas%20en%20venta%20-%20213m2%20-%203%20recamaras%20-%20Fraccionamiento%20Diamant...&_tu=BA&en=view_item&gap.sstd=1&ep.content_group=Ficha&ep.fb_event=true&evnid=1786549347883.489934.341&ep.fb_id=888643211192359&ep.x-fb-ck-fbp=fb.3.1786549347863.3446775697&ep.google_ads_id=11200569259&ep.criteo_user_email=&ep.ecommerce_event=false&ep.isDesarrollo=false&ep.ga4_event=false&ep.x-fb-cd-content_type=Ficha&ep.x-fb-cd-content_ids=149315625&epn.value=5950000&ep.x-fb-cd-content_category=venta%20clasificados&ep.custom_properties=%7B%22listing_id%22%3A%22149315625%22%7D&ep.item_id=149315625&_et=2&ep.user_data.email_address=&ep.user_data.phone_number=&ep.user_data.address.first_name=&ep.user_data.address._tag_metadata.first_name.mode=c&ep.user_data._tag_metadata.email_address.mode=c&ep.user_data._tag_metadata.phone_number.mode=c&tfd=2498&richsstsse> (resource type: fetch, referrer: https://www.vivanuncios.com.mx/a-venta-casa/fraccionamiento-diamante-reliz/casa-en-venta-fracc-monte-caleres/149315625)
2026-08-12 09:42:28,839 [scrapy-playwright] DEBUG: [Context=default] Request: <GET https://www.vivanuncios.com.mx/tracking/g/collect?v=2&tid=G-3W0YTSRCK7&gtm=45je68a1v9235587196z8858857621za20gzb858857621zd858857621&_p=1786549347610&gcd=13l3l3l3l1l1&npa=0&dma=0&ecid=1000470001&_eu=AAAAAGQ&_fplc=0&are=1&cid=2116925861.1786549348&ec_mode=c&frm=0&pscdl=noapi&rcb=7&sr=1280x720&uaa=arm&uab=64&uafvl=Not%253DA%253FBrand%3B99.0.0.0%7CHeadlessChrome%3B151.0.7922.34%7CChromium%3B151.0.7922.34&uam=&uamb=0&uap=macOS&uapv=26.6.0&uaw=0&ul=en-us&ur=MX-CHH&sst.etld=google.com.mx&sst.tft=1786549347610&sst.lpc=37690791&sst.navt=n&sst.ude=0&sst.sw_exp=1&gaf=2&_s=5&tag_exp=115938466~115938468~118897920~118897930~119367802~119367810~119527019~119896802~120315584&sid=1786549348&sct=1&seg=1&dl=https%3A%2F%2Fwww.vivanuncios.com.mx%2Fa-venta-casa%2Ffraccionamiento-diamante-reliz%2Fcasa-en-venta-fracc-monte-caleres%2F149315625&dt=Casas%20en%20venta%20-%20213m2%20-%203%20recamaras%20-%20Fraccionamiento%20Diamant...&_tu=BA&en=page_view&gap.sstd=1&ep.content_group=Ficha&ep.fb_event=true&evnid=1786549347883.489934.341&ep.fb_id=888643211192359&ep.x-fb-ck-fbp=fb.3.1786549347863.3446775697&ep.google_ads_id=11200569259&ep.criteo_user_email=&ep.ecommerce_event=false&ep.isDesarrollo=false&ep.ga4_event=false&ep.x-fb-cd-content_type=Ficha&ep.user_data.email_address=&ep.user_data.phone_number=&ep.user_data.address.first_name=&ep.user_data.address._tag_metadata.first_name.mode=c&ep.user_data._tag_metadata.email_address.mode=c&ep.user_data._tag_metadata.phone_number.mode=c&tfd=2500&richsstsse> (resource type: fetch, referrer: https://www.vivanuncios.com.mx/a-venta-casa/fraccionamiento-diamante-reliz/casa-en-venta-fracc-monte-caleres/149315625)
2026-08-12 09:42:28,839 [scrapy-playwright] DEBUG: [Context=default] Response: <204 https://www.vivanuncios.com.mx/cdn-cgi/rum?>
2026-08-12 09:42:28,839 [scrapy-playwright] DEBUG: [Context=default] Response: <200 https://js-agent.newrelic.com/nr-spa-1.296.0.min.js>
2026-08-12 09:42:28,844 [scrapy-playwright] DEBUG: [Context=default] Response: <200 https://90957edded43b6d2c72c92bb826c10d0.safeframe.googlesyndication.com/safeframe/1-0-45/html/container.html>
2026-08-12 09:42:28,844 [scrapy-playwright] DEBUG: [Context=default] Request: <POST https://bam.nr-data.net/1/9e5469c271?a=278689064&sa=1&v=1.296.0&t=Unnamed%20Transaction&rst=2506&ck=0&s=6d109377885f494f&ref=https://www.vivanuncios.com.mx/a-venta-casa/fraccionamiento-diamante-reliz/casa-en-venta-fracc-monte-caleres/149315625&ptid=bb6d126f3ee3aa91&af=err,spa,xhr,stn,ins&be=741&fe=1705&dc=625&fsh=0&perf=%7B%22timing%22:%7B%22of%22:1786549346335,%22n%22:0,%22f%22:0,%22dn%22:0,%22dne%22:0,%22c%22:0,%22s%22:0,%22ce%22:0,%22rq%22:84,%22rp%22:741,%22rpe%22:1267,%22di%22:1285,%22ds%22:1365,%22de%22:1366,%22dc%22:2444,%22l%22:2444,%22le%22:2446%7D,%22navigation%22:%7B%7D%7D&fp=1308&fcp=1308> (resource type: xhr, referrer: https://www.vivanuncios.com.mx/a-venta-casa/fraccionamiento-diamante-reliz/casa-en-venta-fracc-monte-caleres/149315625)
2026-08-12 09:42:28,845 [scrapy-playwright] DEBUG: [Context=default] Response: <200 https://challenges.cloudflare.com/turnstile/v0/g/aae2b9a1c261/api.js?onload=mlyM5&render=explicit>
2026-08-12 09:42:28,850 [scrapy-playwright] DEBUG: [Context=default] Request: <GET https://js-agent.newrelic.com/nr-spa-1.297.0.min.js> (resource type: script, referrer: https://www.vivanuncios.com.mx/)
2026-08-12 09:42:28,851 [scrapy-playwright] DEBUG: [Context=default] Request: <GET https://ep1.adtrafficquality.google/getconfig/sodar?sv=200&tid=gpt&tv=m202608060101&st=env&sjk=2378594419345656> (resource type: xhr, referrer: https://www.vivanuncios.com.mx/)
2026-08-12 09:42:28,852 [scrapy-playwright] DEBUG: [Context=default] Request: <POST https://www.vivanuncios.com.mx/cdn-cgi/rum?> (resource type: xhr, referrer: https://www.vivanuncios.com.mx/s-venta-inmuebles/chihuahua/v1c1097l1005p1?sort=most_lowered_price)
2026-08-12 09:42:28,888 [scrapy-playwright] DEBUG: [Context=default] Response: <403 https://www.vivanuncios.com.mx/tracking/g/collect?v=2&tid=G-3W0YTSRCK7&gtm=45je68a1v9235587196z8858857621za20gzb858857621zd858857621&_p=1786549347610&gcd=13l3l3l3l1l1&npa=0&dma=0&ecid=1000470001&_eu=AAAAAGQ&_fplc=0&are=1&cid=2116925861.1786549348&ec_mode=c&frm=0&pscdl=noapi&rcb=7&sr=1280x720&uaa=arm&uab=64&uafvl=Not%253DA%253FBrand%3B99.0.0.0%7CHeadlessChrome%3B151.0.7922.34%7CChromium%3B151.0.7922.34&uam=&uamb=0&uap=macOS&uapv=26.6.0&uaw=0&ul=en-us&ur=MX-CHH&sst.etld=google.com.mx&sst.tft=1786549347610&sst.lpc=37690791&sst.navt=n&sst.ude=0&sst.sw_exp=1&gaf=2&_s=3&tag_exp=115938466~115938468~118897920~118897930~119367802~119367810~119527019~119896802~120315584&sid=1786549348&sct=1&seg=1&dl=https%3A%2F%2Fwww.vivanuncios.com.mx%2Fa-venta-casa%2Ffraccionamiento-diamante-reliz%2Fcasa-en-venta-fracc-monte-caleres%2F149315625&dt=Casas%20en%20venta%20-%20213m2%20-%203%20recamaras%20-%20Fraccionamiento%20Diamant...&_tu=BA&en=page_view&gap.sstd=1&ep.content_group=Ficha&ep.fb_event=false&evnid=1786549347883.489934.179&ep.fb_id=888643211192359&ep.x-fb-ck-fbp=fb.3.1786549347863.3446775697&ep.google_ads_id=11200569259&ep.criteo_user_email=&ep.ecommerce_event=false&ep.isDesarrollo=false&ep.ga4_event=true&ep.category_listing=clasificados&ep.operation_type=venta&ep.property_type=Casa&ep.province=Chihuahua&ep.city=Chihuahua&ep.posting_id=149315625&ep.bathrooms=3&ep.dorms=3&ep.parking=2&ep.listed_by=Century%2021%20Robles%20%26%20Herrera&ep.is_furnished=false&ep.is_logged=No&ep.aviso_duplicado=No&ep.status=true&ep.variant_id=NA&ep.flow_type=NA&ep.terminoUbicacion=Fraccionamiento%20Diamante%20Reliz&ep.user_reputation=NA&_et=346&ep.user_data._tag_mode=AUTO&ep.user_data.email_address=&ep.user_data.phone_number=&ep.user_data.address.first_name=&ep.user_data.address._tag_metadata.first_name.mode=c&tfd=2495&richsstsse>
2026-08-12 09:42:28,888 [scrapy-playwright] DEBUG: [Context=default] Response: <403 https://www.vivanuncios.com.mx/tracking/g/collect?v=2&tid=G-3W0YTSRCK7&gtm=45je68a1v9235587196z8858857621za20gzb858857621zd858857621&_p=1786549347610&gcd=13l3l3l3l1l1&npa=0&dma=0&ecid=1000470001&_eu=AAAAAGQ&_fplc=0&are=1&cid=2116925861.1786549348&ec_mode=c&frm=0&pscdl=noapi&rcb=7&sr=1280x720&uaa=arm&uab=64&uafvl=Not%253DA%253FBrand%3B99.0.0.0%7CHeadlessChrome%3B151.0.7922.34%7CChromium%3B151.0.7922.34&uam=&uamb=0&uap=macOS&uapv=26.6.0&uaw=0&ul=en-us&ur=MX-CHH&sst.etld=google.com.mx&sst.tft=1786549347610&sst.lpc=37690791&sst.navt=n&sst.ude=0&sst.sw_exp=1&gaf=2&_s=4&tag_exp=115938466~115938468~118897920~118897930~119367802~119367810~119527019~119896802~120315584&cu=MXN&sid=1786549348&sct=1&seg=1&dl=https%3A%2F%2Fwww.vivanuncios.com.mx%2Fa-venta-casa%2Ffraccionamiento-diamante-reliz%2Fcasa-en-venta-fracc-monte-caleres%2F149315625&dt=Casas%20en%20venta%20-%20213m2%20-%203%20recamaras%20-%20Fraccionamiento%20Diamant...&_tu=BA&en=view_item&gap.sstd=1&ep.content_group=Ficha&ep.fb_event=true&evnid=1786549347883.489934.341&ep.fb_id=888643211192359&ep.x-fb-ck-fbp=fb.3.1786549347863.3446775697&ep.google_ads_id=11200569259&ep.criteo_user_email=&ep.ecommerce_event=false&ep.isDesarrollo=false&ep.ga4_event=false&ep.x-fb-cd-content_type=Ficha&ep.x-fb-cd-content_ids=149315625&epn.value=5950000&ep.x-fb-cd-content_category=venta%20clasificados&ep.custom_properties=%7B%22listing_id%22%3A%22149315625%22%7D&ep.item_id=149315625&_et=2&ep.user_data.email_address=&ep.user_data.phone_number=&ep.user_data.address.first_name=&ep.user_data.address._tag_metadata.first_name.mode=c&ep.user_data._tag_metadata.email_address.mode=c&ep.user_data._tag_metadata.phone_number.mode=c&tfd=2498&richsstsse>
2026-08-12 09:42:28,888 [scrapy-playwright] DEBUG: [Context=default] Response: <403 https://www.vivanuncios.com.mx/tracking/g/collect?v=2&tid=G-3W0YTSRCK7&gtm=45je68a1v9235587196z8858857621za20gzb858857621zd858857621&_p=1786549347610&gcd=13l3l3l3l1l1&npa=0&dma=0&ecid=1000470001&_eu=AAAAAGQ&_fplc=0&are=1&cid=2116925861.1786549348&ec_mode=c&frm=0&pscdl=noapi&rcb=7&sr=1280x720&uaa=arm&uab=64&uafvl=Not%253DA%253FBrand%3B99.0.0.0%7CHeadlessChrome%3B151.0.7922.34%7CChromium%3B151.0.7922.34&uam=&uamb=0&uap=macOS&uapv=26.6.0&uaw=0&ul=en-us&ur=MX-CHH&sst.etld=google.com.mx&sst.tft=1786549347610&sst.lpc=37690791&sst.navt=n&sst.ude=0&sst.sw_exp=1&gaf=2&_s=5&tag_exp=115938466~115938468~118897920~118897930~119367802~119367810~119527019~119896802~120315584&sid=1786549348&sct=1&seg=1&dl=https%3A%2F%2Fwww.vivanuncios.com.mx%2Fa-venta-casa%2Ffraccionamiento-diamante-reliz%2Fcasa-en-venta-fracc-monte-caleres%2F149315625&dt=Casas%20en%20venta%20-%20213m2%20-%203%20recamaras%20-%20Fraccionamiento%20Diamant...&_tu=BA&en=page_view&gap.sstd=1&ep.content_group=Ficha&ep.fb_event=true&evnid=1786549347883.489934.341&ep.fb_id=888643211192359&ep.x-fb-ck-fbp=fb.3.1786549347863.3446775697&ep.google_ads_id=11200569259&ep.criteo_user_email=&ep.ecommerce_event=false&ep.isDesarrollo=false&ep.ga4_event=false&ep.x-fb-cd-content_type=Ficha&ep.user_data.email_address=&ep.user_data.phone_number=&ep.user_data.address.first_name=&ep.user_data.address._tag_metadata.first_name.mode=c&ep.user_data._tag_metadata.email_address.mode=c&ep.user_data._tag_metadata.phone_number.mode=c&tfd=2500&richsstsse>
2026-08-12 09:42:28,888 [scrapy-playwright] DEBUG: [Context=default] Response: <200 https://securepubads.g.doubleclick.net/tag/js/gpt.js>
2026-08-12 09:42:28,888 [scrapy-playwright] DEBUG: [Context=default] Request: <GET https://www.vivanuncios.com.mx/tracking/g/collect?v=2&tid=G-3W0YTSRCK7&gtm=45je68a1v9235587196z8858857621za20gzb858857621zd858857621&_p=1786549347746&gcd=13l3l3l3l1l1&npa=0&dma=0&ecid=1000470001&_eu=AAAAAGQ&_fplc=0&are=1&cid=2116925861.1786549348&ec_mode=c&frm=0&pscdl=noapi&rcb=4&sr=1280x720&uaa=arm&uab=64&uafvl=Not%253DA%253FBrand%3B99.0.0.0%7CHeadlessChrome%3B151.0.7922.34%7CChromium%3B151.0.7922.34&uam=&uamb=0&uap=macOS&uapv=26.6.0&uaw=0&ul=en-us&ur=MX-CHH&sst.etld=google.com.mx&sst.tft=1786549347746&sst.lpc=35724967&sst.navt=n&sst.ude=0&sst.sw_exp=1&gaf=2&_s=4&tag_exp=115616986~115938466~115938469~118897920~118897930~119367802~119367810~119527019~119896802&sid=1786549348&sct=1&seg=1&dl=https%3A%2F%2Fwww.vivanuncios.com.mx%2Fs-venta-inmuebles%2Fchihuahua%2Fv1c1097l1005p1%3Fsort%3Dmost_lowered_price&dt=5%2C011%20Propiedades%20e%20inmuebles%20en%20venta%20bajaron%20de%20precio%20-%20Provincia%20de%20Chihuahua%20-%20Vivanuncios&_tu=BA&en=search&gap.sstd=1&ep.fb_event=true&evnid=1786549348346.778606.317&ep.fb_id=888643211192359&ep.x-fb-ck-fbp=fb.3.1786549347863.3446775697&ep.google_ads_id=11200569259&ep.criteo_user_email=&ep.ecommerce_event=false&ep.isDesarrollo=false&ep.ga4_event=false&ep.x-fb-cd-content_type=home_listing&ep.x-fb-cd-content_ids=&ep.custom_properties=%7B%22city%22%3A%22NA%22%2C%22region%22%3A%22Chihuahua%22%2C%22country%22%3A%22MX%22%7D&ep.item_ids=150315412%2C150452392%2C149315625&_et=242&ep.user_data.email_address=&ep.user_data.phone_number=&ep.user_data.address.first_name=&ep.user_data.address._tag_metadata.first_name.mode=c&ep.user_data._tag_metadata.email_address.mode=c&ep.user_data._tag_metadata.phone_number.mode=c&tfd=2544&richsstsse> (resource type: fetch, referrer: https://www.vivanuncios.com.mx/s-venta-inmuebles/chihuahua/v1c1097l1005p1?sort=most_lowered_price)
2026-08-12 09:42:28,889 [scrapy-playwright] DEBUG: [Context=default] Response: <204 https://www.vivanuncios.com.mx/cdn-cgi/rum?>
2026-08-12 09:42:28,890 [scrapy.core.engine] DEBUG: Crawled (200) <GET https://www.vivanuncios.com.mx/s-venta-inmuebles/chihuahua/v1c1097l1005p2?sort=most_lowered_price> (referer: None) ['playwright']
2026-08-12 09:42:28,890 [scrapy-playwright] DEBUG: [Context=default] Request: <GET https://securepubads.g.doubleclick.net/pagead/managed/js/gpt/m202608120101/pubads_impl.js?cb=122880414> (resource type: script, referrer: https://www.vivanuncios.com.mx/a-venta-casa/fraccionamiento-diamante-reliz/casa-en-venta-fracc-monte-caleres/149315625)
2026-08-12 09:42:28,890 [scrapy-playwright] DEBUG: [Context=default] Request: <GET https://securepubads.g.doubleclick.net/pagead/managed/dict/m202608110101/gpt> (resource type: other)
2026-08-12 09:42:28,900 [scrapy-playwright] DEBUG: [Context=default] Request: <POST https://www.vivanuncios.com.mx/cdn-cgi/challenge-platform/h/g/fo/55142797:1786546830:hPjQn3TfM1VzikT80ijZYjNlRfEvVkJCM03FIaa6Blg/a2a097164b3dc8bf/C9Cjxxy.DJOk4PQg1cUNpQ9PCpMpCCl2rQLq5542eao-1786549348-1.2.1.1-OGKwf3hDQ302_6w7tbVglvhikn5XLcapghBFEi.GYmzY3dMIa7gSDfYChgQXKoin> (resource type: xhr, referrer: https://www.vivanuncios.com.mx/tracking/_/service_worker/68a0/sw_iframe.html?origin=https%3A%2F%2Fwww.vivanuncios.com.mx&1p=1&path=%2Ftracking)
2026-08-12 09:42:28,900 [scrapy-playwright] DEBUG: [Context=default] Response: <200 https://js-agent.newrelic.com/nr-spa-1.297.0.min.js>
2026-08-12 09:42:28,903 [scrapy-playwright] DEBUG: [Context=default] Response: <200 https://bam.nr-data.net/1/9e5469c271?a=278671896&sa=1&v=1.297.0&t=Unnamed%20Transaction&rst=2429&ck=0&s=6d109377885f494f&ref=https://www.vivanuncios.com.mx/s-venta-inmuebles/chihuahua-chih/v1c1097l10163p1&ptid=d35b28a035f55cf2&af=err,spa,xhr,stn,ins&be=183&fe=2023&dc=231&fsh=1&perf=%7B%22timing%22:%7B%22of%22:1786549346337,%22n%22:0,%22rq%22:81,%22rp%22:184,%22rpe%22:213,%22di%22:409,%22ds%22:413,%22de%22:414,%22dc%22:2200,%22l%22:2202,%22le%22:2206%7D,%22navigation%22:%7B%7D%7D&fp=420&fcp=420>
2026-08-12 09:42:28,906 [scrapy-playwright] DEBUG: [Context=default] Request: <POST https://bam.nr-data.net/1/9e5469c271?a=278671896&sa=1&v=1.297.0&t=Unnamed%20Transaction&rst=2567&ck=0&s=6d109377885f494f&ref=https://www.vivanuncios.com.mx/s-venta-inmuebles/chihuahua/v1c1097l1005p1&ptid=052fe5bb113f972a&af=err,spa,xhr,stn,ins&be=1324&fe=1188&dc=122&fsh=0&perf=%7B%22timing%22:%7B%22of%22:1786549346337,%22n%22:0,%22re%22:1263,%22f%22:1263,%22dn%22:1263,%22dne%22:1263,%22c%22:1263,%22s%22:1263,%22ce%22:1263,%22rq%22:1269,%22rp%22:1324,%22rpe%22:1339,%22di%22:1444,%22ds%22:1445,%22de%22:1446,%22dc%22:2509,%22l%22:2510,%22le%22:2512%7D,%22navigation%22:%7B%22rc%22:1%7D%7D&fp=1436&fcp=1436&timestamp=1786549349070> (resource type: xhr, referrer: https://www.vivanuncios.com.mx/)
2026-08-12 09:42:28,906 [scrapy-playwright] DEBUG: [Context=default] Request: <POST https://bam.nr-data.net/events/1/9e5469c271?a=278671896&sa=1&v=1.297.0&t=Unnamed%20Transaction&rst=2567&ck=0&s=6d109377885f494f&ref=https://www.vivanuncios.com.mx/s-venta-inmuebles/chihuahua-chih/v1c1097l10163p1&ptid=d35b28a035f55cf2> (resource type: xhr, referrer: https://www.vivanuncios.com.mx/)
2026-08-12 09:42:28,920 [scrapy-playwright] DEBUG: [Context=default] Response: <200 https://securepubads.g.doubleclick.net/pagead/managed/dict/m202608110101/gpt>
2026-08-12 09:42:28,923 [scrapy-playwright] DEBUG: [Context=default] Response: <403 https://www.vivanuncios.com.mx/tracking/g/collect?v=2&tid=G-3W0YTSRCK7&gtm=45je68a1v9235587196z8858857621za20gzb858857621zd858857621&_p=1786549347746&gcd=13l3l3l3l1l1&npa=0&dma=0&ecid=1000470001&_eu=AAAAAGQ&_fplc=0&are=1&cid=2116925861.1786549348&ec_mode=c&frm=0&pscdl=noapi&rcb=4&sr=1280x720&uaa=arm&uab=64&uafvl=Not%253DA%253FBrand%3B99.0.0.0%7CHeadlessChrome%3B151.0.7922.34%7CChromium%3B151.0.7922.34&uam=&uamb=0&uap=macOS&uapv=26.6.0&uaw=0&ul=en-us&ur=MX-CHH&sst.etld=google.com.mx&sst.tft=1786549347746&sst.lpc=35724967&sst.navt=n&sst.ude=0&sst.sw_exp=1&gaf=2&_s=4&tag_exp=115616986~115938466~115938469~118897920~118897930~119367802~119367810~119527019~119896802&sid=1786549348&sct=1&seg=1&dl=https%3A%2F%2Fwww.vivanuncios.com.mx%2Fs-venta-inmuebles%2Fchihuahua%2Fv1c1097l1005p1%3Fsort%3Dmost_lowered_price&dt=5%2C011%20Propiedades%20e%20inmuebles%20en%20venta%20bajaron%20de%20precio%20-%20Provincia%20de%20Chihuahua%20-%20Vivanuncios&_tu=BA&en=search&gap.sstd=1&ep.fb_event=true&evnid=1786549348346.778606.317&ep.fb_id=888643211192359&ep.x-fb-ck-fbp=fb.3.1786549347863.3446775697&ep.google_ads_id=11200569259&ep.criteo_user_email=&ep.ecommerce_event=false&ep.isDesarrollo=false&ep.ga4_event=false&ep.x-fb-cd-content_type=home_listing&ep.x-fb-cd-content_ids=&ep.custom_properties=%7B%22city%22%3A%22NA%22%2C%22region%22%3A%22Chihuahua%22%2C%22country%22%3A%22MX%22%7D&ep.item_ids=150315412%2C150452392%2C149315625&_et=242&ep.user_data.email_address=&ep.user_data.phone_number=&ep.user_data.address.first_name=&ep.user_data.address._tag_metadata.first_name.mode=c&ep.user_data._tag_metadata.email_address.mode=c&ep.user_data._tag_metadata.phone_number.mode=c&tfd=2544&richsstsse>
2026-08-12 09:42:28,925 [scrapy-playwright] DEBUG: [Context=default] Request: <POST https://challenges.cloudflare.com/cdn-cgi/challenge-platform/h/g/fo/2711065059:1786546832:yHHgWXFjB-iYrGeX5iDOfFr3zbWtNgHjzHT3lfA7X5w/a2a097165bcc1654/oM_.X6.cabMMw54arkoW4f1Ky9dR3cuR1mDeS5bEvtk-1786549348-1.2.1.1-ceuzaTobTMMLAOw1GKtxUHji0orot9hrHORALY7AcUavNeHwF2lccIxFLr7U0iQT> (resource type: xhr, referrer: https://challenges.cloudflare.com/cdn-cgi/challenge-platform/h/g/turnstile/f/av0/rch/j1a5n/0x4AAAAAAADnPIDROrmt1Wwj/light/fbE/new/normal?lang=auto)
2026-08-12 09:42:28,938 [scrapy-playwright] DEBUG: [Context=default] Response: <200 https://ep1.adtrafficquality.google/getconfig/sodar?sv=200&tid=gpt&tv=m202608060101&st=env&sjk=2378594419345656>
2026-08-12 09:42:28,949 [scrapy-playwright] DEBUG: [Context=default] Request: <GET https://ep2.adtrafficquality.google/sodar/sodar2.js> (resource type: script, referrer: https://www.vivanuncios.com.mx/)
2026-08-12 09:42:28,949 [scrapy-playwright] DEBUG: [Context=default] Request: <POST https://challenges.cloudflare.com/cdn-cgi/challenge-platform/h/g/fo/2711065059:1786546832:yHHgWXFjB-iYrGeX5iDOfFr3zbWtNgHjzHT3lfA7X5w/a2a097165bd11654/YaNNUeN8spMUTgPxGE2wyDXRblqhx8vvGxNKq.rH5Jg-1786549348-1.2.1.1-SKsRii7aXa5G5DViW4m.38ekTiIlZRbPz0QBrkZqUJV3Q5kNh84Z4e8FgNfzTz99> (resource type: xhr, referrer: https://challenges.cloudflare.com/cdn-cgi/challenge-platform/h/g/turnstile/f/av0/rch/5n2jj/0x4AAAAAAADnPIDROrmt1Wwj/light/fbE/new/normal?lang=auto)
2026-08-12 09:42:28,951 [scrapy-playwright] DEBUG: [Context=default] Response: <200 https://securepubads.g.doubleclick.net/pagead/managed/js/gpt/m202608120101/pubads_impl.js?cb=122880414>
2026-08-12 09:42:28,968 [scrapy-playwright] DEBUG: [Context=default] Response: <200 https://www.vivanuncios.com.mx/cdn-cgi/challenge-platform/h/g/fo/55142797:1786546830:hPjQn3TfM1VzikT80ijZYjNlRfEvVkJCM03FIaa6Blg/a2a097164b3dc8bf/C9Cjxxy.DJOk4PQg1cUNpQ9PCpMpCCl2rQLq5542eao-1786549348-1.2.1.1-OGKwf3hDQ302_6w7tbVglvhikn5XLcapghBFEi.GYmzY3dMIa7gSDfYChgQXKoin>
2026-08-12 09:42:28,968 [scrapy-playwright] DEBUG: [Context=default] Request: <GET https://challenges.cloudflare.com/cdn-cgi/challenge-platform/h/g/turnstile/f/av0/rch/do0v6/0x4AAAAAAADnPIDROrmt1Wwj/light/fbE/new/normal?lang=auto> (resource type: document)
2026-08-12 09:42:28,988 [scrapy-playwright] DEBUG: [Context=default] Response: <200 https://bam.nr-data.net/1/9e5469c271?a=278671896&sa=1&v=1.297.0&t=Unnamed%20Transaction&rst=2567&ck=0&s=6d109377885f494f&ref=https://www.vivanuncios.com.mx/s-venta-inmuebles/chihuahua/v1c1097l1005p1&ptid=052fe5bb113f972a&af=err,spa,xhr,stn,ins&be=1324&fe=1188&dc=122&fsh=0&perf=%7B%22timing%22:%7B%22of%22:1786549346337,%22n%22:0,%22re%22:1263,%22f%22:1263,%22dn%22:1263,%22dne%22:1263,%22c%22:1263,%22s%22:1263,%22ce%22:1263,%22rq%22:1269,%22rp%22:1324,%22rpe%22:1339,%22di%22:1444,%22ds%22:1445,%22de%22:1446,%22dc%22:2509,%22l%22:2510,%22le%22:2512%7D,%22navigation%22:%7B%22rc%22:1%7D%7D&fp=1436&fcp=1436&timestamp=1786549349070>
2026-08-12 09:42:28,992 [scrapy-playwright] DEBUG: [Context=default] Request: <GET https://cm.g.doubleclick.net/partnerpixels?url=https%3A%2F%2Fwww.vivanuncios.com.mx%2Fa-venta-casa%2Ffraccionamiento-diamante-reliz%2Fcasa-en-venta-fracc-monte-caleres%2F149315625> (resource type: document, referrer: https://www.vivanuncios.com.mx/a-venta-casa/fraccionamiento-diamante-reliz/casa-en-venta-fracc-monte-caleres/149315625)
2026-08-12 09:42:28,992 [scrapy-playwright] DEBUG: [Context=default] Response: <200 https://ep2.adtrafficquality.google/sodar/sodar2.js>
2026-08-12 09:42:28,993 [scrapy-playwright] DEBUG: [Context=default] Request: <POST https://bam.nr-data.net/events/1/9e5469c271?a=278671896&sa=1&v=1.297.0&t=Unnamed%20Transaction&rst=2652&ck=0&s=6d109377885f494f&ref=https://www.vivanuncios.com.mx/s-venta-inmuebles/chihuahua/v1c1097l1005p1&ptid=052fe5bb113f972a> (resource type: xhr, referrer: https://www.vivanuncios.com.mx/)
2026-08-12 09:42:28,994 [scrapy-playwright] DEBUG: [Context=default] Request: <GET https://ep2.adtrafficquality.google/sodar/sodar2/255/runner.html> (resource type: document, referrer: https://www.vivanuncios.com.mx/)
2026-08-12 09:42:28,994 [scrapy-playwright] DEBUG: [Context=default] Request: <GET https://www.google.com/recaptcha/api2/aframe> (resource type: document, referrer: https://www.vivanuncios.com.mx/)
2026-08-12 09:42:29,009 [scrapy-playwright] DEBUG: [Context=default] Response: <200 https://challenges.cloudflare.com/cdn-cgi/challenge-platform/h/g/turnstile/f/av0/rch/do0v6/0x4AAAAAAADnPIDROrmt1Wwj/light/fbE/new/normal?lang=auto>
2026-08-12 09:42:29,018 [scrapy-playwright] DEBUG: [Context=default] Response: <200 https://ep2.adtrafficquality.google/sodar/sodar2.js>
2026-08-12 09:42:29,024 [scrapy-playwright] DEBUG: [Context=default] Request: <GET https://ep2.adtrafficquality.google/sodar/sodar2/255/runner.html> (resource type: document, referrer: https://www.vivanuncios.com.mx/)
2026-08-12 09:42:29,027 [scrapy-playwright] DEBUG: [Context=default] Request: <GET https://www.google.com/recaptcha/api2/aframe> (resource type: document, referrer: https://www.vivanuncios.com.mx/)
2026-08-12 09:42:29,029 [scrapy-playwright] DEBUG: [Context=default] Response: <200 https://ep2.adtrafficquality.google/sodar/sodar2/255/runner.html>
2026-08-12 09:42:29,029 [scrapy-playwright] DEBUG: [Context=default] Request: <GET https://ep1.adtrafficquality.google/getconfig/sodar?sv=200&tid=gpt&tv=m202608120101&st=env&sjk=6275385776313921> (resource type: xhr, referrer: https://www.vivanuncios.com.mx/a-venta-casa/fraccionamiento-diamante-reliz/casa-en-venta-fracc-monte-caleres/149315625)
2026-08-12 09:42:29,030 [scrapy-playwright] DEBUG: [Context=default] Request: <GET https://securepubads.g.doubleclick.net/gampad/ads?pvsid=6275385776313921&correlator=3049246915707609&eid=122880100%2C122880414%2C95393819&output=ldjh&gdfp_req=1&vrg=202608120101&ptt=17&impl=fifs&iu_parts=1026403%2CMX_Vivanuncios%2CMX_Vivanuncios_Detalle_Leaderboard&enc_prev_ius=%2F0%2F1%2F2&prev_iu_szs=728x90&ifi=1&dids=adSlot-0&adfs=3189865424&sfv=1-0-45&sc=1&cookie_enabled=1&abxe=1&dt=1786549349003&lmt=1786549347&adxs=-12245933&adys=-12245933&biw=1280&bih=720&scr_x=0&scr_y=0&btvi=-1&ucis=1&oid=2&u_his=2&u_h=720&u_w=1280&u_ah=720&u_aw=1280&u_cd=24&u_sd=1&u_tz=-360&dmc=16&bc=31&nvt=1&uach=WyJtYWNPUyIsIjI2LjYuMCIsImFybSIsIiIsIjE1MS4wLjc5MjIuMzQiLG51bGwsMCxudWxsLCI2NCIsW1siTm90PUE_QnJhbmQiLCI5OS4wLjAuMCJdLFsiSGVhZGxlc3NDaHJvbWUiLCIxNTEuMC43OTIyLjM0Il0sWyJDaHJvbWl1bSIsIjE1MS4wLjc5MjIuMzQiXV0sMF0.&uas=3&url=https%3A%2F%2Fwww.vivanuncios.com.mx%2Fa-venta-casa%2Ffraccionamiento-diamante-reliz%2Fcasa-en-venta-fracc-monte-caleres%2F149315625&vis=1&psz=0x0&msz=0x0&fws=132&ohw=728&dlt=1786549347603&idt=1350&cust_params=idprovincia%3D8066%26idciudad%3D102000445%26idzonaciudad%3D102015483%26idtipodeoperacion%3D1%26idtipodepropiedad%3D1%26idempresa%3D102276688%26idAviso%3D149315625%26idMoneda%3D10%26precio%3D5950000%26portal%3Dvivanuncios%26ambiente%3D3&adks=2377710083&frm=20&eoidce=1&pgls=CAk.> (resource type: fetch, referrer: https://www.vivanuncios.com.mx/a-venta-casa/fraccionamiento-diamante-reliz/casa-en-venta-fracc-monte-caleres/149315625)
2026-08-12 09:42:29,031 [scrapy-playwright] DEBUG: [Context=default] Request: <GET https://securepubads.g.doubleclick.net/gampad/ads?pvsid=6275385776313921&correlator=3049246915707609&eid=122880100%2C122880414%2C95393819&output=ldjh&gdfp_req=1&vrg=202608120101&ptt=17&impl=fifs&iu_parts=1026403%2CMX_Vivanuncios%2CMX_Vivanuncios_Detalle_NativeAd-Desktop&enc_prev_ius=%2F0%2F1%2F2&prev_iu_szs=320x50&fluid=height&ifi=2&dids=adSlot-1&adfs=3878435480&sfv=1-0-45&sc=1&cookie_enabled=1&abxe=1&dt=1786549349006&lmt=1786549347&adxs=-12245933&adys=-12245933&biw=1280&bih=720&scr_x=0&scr_y=0&btvi=-1&ucis=2&oid=2&u_his=2&u_h=720&u_w=1280&u_ah=720&u_aw=1280&u_cd=24&u_sd=1&u_tz=-360&dmc=16&bc=31&nvt=1&uach=WyJtYWNPUyIsIjI2LjYuMCIsImFybSIsIiIsIjE1MS4wLjc5MjIuMzQiLG51bGwsMCxudWxsLCI2NCIsW1siTm90PUE_QnJhbmQiLCI5OS4wLjAuMCJdLFsiSGVhZGxlc3NDaHJvbWUiLCIxNTEuMC43OTIyLjM0Il0sWyJDaHJvbWl1bSIsIjE1MS4wLjc5MjIuMzQiXV0sMF0.&uas=3&url=https%3A%2F%2Fwww.vivanuncios.com.mx%2Fa-venta-casa%2Ffraccionamiento-diamante-reliz%2Fcasa-en-venta-fracc-monte-caleres%2F149315625&vis=1&psz=0x0&msz=0x0&fws=128&ohw=0&dlt=1786549347603&idt=1350&cust_params=idprovincia%3D8066%26idciudad%3D102000445%26idzonaciudad%3D102015483%26idtipodeoperacion%3D1%26idtipodepropiedad%3D1%26idempresa%3D102276688%26idAviso%3D149315625%26idMoneda%3D10%26precio%3D5950000%26portal%3Dvivanuncios%26ambiente%3D3&adks=4164049670&frm=20&eoidce=1&pgls=CAk.> (resource type: fetch, referrer: https://www.vivanuncios.com.mx/a-venta-casa/fraccionamiento-diamante-reliz/casa-en-venta-fracc-monte-caleres/149315625)
2026-08-12 09:42:29,031 [scrapy-playwright] DEBUG: [Context=default] Response: <200 https://bam.nr-data.net/events/1/9e5469c271?a=278671896&sa=1&v=1.297.0&t=Unnamed%20Transaction&rst=2567&ck=0&s=6d109377885f494f&ref=https://www.vivanuncios.com.mx/s-venta-inmuebles/chihuahua-chih/v1c1097l10163p1&ptid=d35b28a035f55cf2>
2026-08-12 09:42:29,032 [scrapy-playwright] DEBUG: [Context=default] Request: <GET https://60ef74c8f7c1ddf50712ab1478126033.safeframe.googlesyndication.com/safeframe/1-0-45/html/container.html> (resource type: document, referrer: https://www.vivanuncios.com.mx/a-venta-casa/fraccionamiento-diamante-reliz/casa-en-venta-fracc-monte-caleres/149315625)
2026-08-12 09:42:29,033 [scrapy-playwright] DEBUG: [Context=default] Request: <GET https://pagead2.googlesyndication.com/bg/yQ1ZEylnsXIyF7if62X1hSIj7AdytWEYswERqBPOWRU.js> (resource type: script, referrer: https://ep2.adtrafficquality.google/)
2026-08-12 09:42:29,045 [scrapy-playwright] DEBUG: [Context=default] Response: <200 https://bam.nr-data.net/1/9e5469c271?a=278689064&sa=1&v=1.296.0&t=Unnamed%20Transaction&rst=2506&ck=0&s=6d109377885f494f&ref=https://www.vivanuncios.com.mx/a-venta-casa/fraccionamiento-diamante-reliz/casa-en-venta-fracc-monte-caleres/149315625&ptid=bb6d126f3ee3aa91&af=err,spa,xhr,stn,ins&be=741&fe=1705&dc=625&fsh=0&perf=%7B%22timing%22:%7B%22of%22:1786549346335,%22n%22:0,%22f%22:0,%22dn%22:0,%22dne%22:0,%22c%22:0,%22s%22:0,%22ce%22:0,%22rq%22:84,%22rp%22:741,%22rpe%22:1267,%22di%22:1285,%22ds%22:1365,%22de%22:1366,%22dc%22:2444,%22l%22:2444,%22le%22:2446%7D,%22navigation%22:%7B%7D%7D&fp=1308&fcp=1308>
2026-08-12 09:42:29,053 [scrapy-playwright] DEBUG: [Context=default] Response: <200 https://ep2.adtrafficquality.google/sodar/sodar2/255/runner.html>
2026-08-12 09:42:29,056 [scrapy-playwright] DEBUG: [Context=default] Response: <200 https://www.google.com/recaptcha/api2/aframe>
2026-08-12 09:42:29,058 [scrapy-playwright] DEBUG: [Context=default] Request: <GET https://pagead2.googlesyndication.com/bg/yQ1ZEylnsXIyF7if62X1hSIj7AdytWEYswERqBPOWRU.js> (resource type: script, referrer: https://ep2.adtrafficquality.google/)
2026-08-12 09:42:29,058 [scrapy-playwright] DEBUG: [Context=default] Request: <GET https://pagead2.googlesyndication.com/pagead/sodar?id=sodar2&v=255&li=gpt_m202608050101&jk=6793619207098250&rc=> (resource type: image, referrer: https://www.google.com/)
2026-08-12 09:42:29,066 [scrapy-playwright] DEBUG: [Context=default] Response: <200 https://cm.g.doubleclick.net/partnerpixels?url=https%3A%2F%2Fwww.vivanuncios.com.mx%2Fa-venta-casa%2Ffraccionamiento-diamante-reliz%2Fcasa-en-venta-fracc-monte-caleres%2F149315625>
2026-08-12 09:42:29,068 [scrapy-playwright] DEBUG: [Context=default] Response: <200 https://bam.nr-data.net/events/1/9e5469c271?a=278671896&sa=1&v=1.297.0&t=Unnamed%20Transaction&rst=2652&ck=0&s=6d109377885f494f&ref=https://www.vivanuncios.com.mx/s-venta-inmuebles/chihuahua/v1c1097l1005p1&ptid=052fe5bb113f972a>
2026-08-12 09:42:29,090 [scrapy-playwright] DEBUG: [Context=default] Response: <200 https://www.google.com/recaptcha/api2/aframe>
2026-08-12 09:42:29,093 [scrapy-playwright] DEBUG: [Context=default] Request: <GET https://pagead2.googlesyndication.com/pagead/sodar?id=sodar2&v=255&li=gpt_m202608060101&jk=2378594419345656&rc=> (resource type: image, referrer: https://www.google.com/)
2026-08-12 09:42:29,119 [scrapy-playwright] DEBUG: [Context=default] Response: <200 https://ep1.adtrafficquality.google/getconfig/sodar?sv=200&tid=gpt&tv=m202608120101&st=env&sjk=6275385776313921>
2026-08-12 09:42:29,120 [scrapy-playwright] DEBUG: [Context=default] Request: <GET https://ep2.adtrafficquality.google/sodar/sodar2.js> (resource type: script, referrer: https://www.vivanuncios.com.mx/a-venta-casa/fraccionamiento-diamante-reliz/casa-en-venta-fracc-monte-caleres/149315625)
2026-08-12 09:42:29,164 [scrapy-playwright] DEBUG: [Context=default] Request: <POST https://challenges.cloudflare.com/cdn-cgi/challenge-platform/h/g/fo/2711065059:1786546832:yHHgWXFjB-iYrGeX5iDOfFr3zbWtNgHjzHT3lfA7X5w/a2a09717fa131654/aDiWvNY8tYIzDmkVMTNuwJ2sDhNHhZ3rax7p5bkSoVs-1786549349-1.2.1.1-8i4u45Pnfs8DFahMhz7ofjUTITVAwbteW9n05pkLGg3VezlHJHiZc_oBC6aOY02g> (resource type: xhr, referrer: https://challenges.cloudflare.com/cdn-cgi/challenge-platform/h/g/turnstile/f/av0/rch/do0v6/0x4AAAAAAADnPIDROrmt1Wwj/light/fbE/new/normal?lang=auto)
2026-08-12 09:42:29,177 [scrapy-playwright] DEBUG: [Context=default] Response: <200 https://pagead2.googlesyndication.com/bg/yQ1ZEylnsXIyF7if62X1hSIj7AdytWEYswERqBPOWRU.js>
2026-08-12 09:42:29,180 [scrapy-playwright] DEBUG: [Context=default] Response: <200 https://securepubads.g.doubleclick.net/gampad/ads?pvsid=6275385776313921&correlator=3049246915707609&eid=122880100%2C122880414%2C95393819&output=ldjh&gdfp_req=1&vrg=202608120101&ptt=17&impl=fifs&iu_parts=1026403%2CMX_Vivanuncios%2CMX_Vivanuncios_Detalle_Leaderboard&enc_prev_ius=%2F0%2F1%2F2&prev_iu_szs=728x90&ifi=1&dids=adSlot-0&adfs=3189865424&sfv=1-0-45&sc=1&cookie_enabled=1&abxe=1&dt=1786549349003&lmt=1786549347&adxs=-12245933&adys=-12245933&biw=1280&bih=720&scr_x=0&scr_y=0&btvi=-1&ucis=1&oid=2&u_his=2&u_h=720&u_w=1280&u_ah=720&u_aw=1280&u_cd=24&u_sd=1&u_tz=-360&dmc=16&bc=31&nvt=1&uach=WyJtYWNPUyIsIjI2LjYuMCIsImFybSIsIiIsIjE1MS4wLjc5MjIuMzQiLG51bGwsMCxudWxsLCI2NCIsW1siTm90PUE_QnJhbmQiLCI5OS4wLjAuMCJdLFsiSGVhZGxlc3NDaHJvbWUiLCIxNTEuMC43OTIyLjM0Il0sWyJDaHJvbWl1bSIsIjE1MS4wLjc5MjIuMzQiXV0sMF0.&uas=3&url=https%3A%2F%2Fwww.vivanuncios.com.mx%2Fa-venta-casa%2Ffraccionamiento-diamante-reliz%2Fcasa-en-venta-fracc-monte-caleres%2F149315625&vis=1&psz=0x0&msz=0x0&fws=132&ohw=728&dlt=1786549347603&idt=1350&cust_params=idprovincia%3D8066%26idciudad%3D102000445%26idzonaciudad%3D102015483%26idtipodeoperacion%3D1%26idtipodepropiedad%3D1%26idempresa%3D102276688%26idAviso%3D149315625%26idMoneda%3D10%26precio%3D5950000%26portal%3Dvivanuncios%26ambiente%3D3&adks=2377710083&frm=20&eoidce=1&pgls=CAk.>
2026-08-12 09:42:29,182 [scrapy-playwright] DEBUG: [Context=default] Response: <200 https://securepubads.g.doubleclick.net/gampad/ads?pvsid=6275385776313921&correlator=3049246915707609&eid=122880100%2C122880414%2C95393819&output=ldjh&gdfp_req=1&vrg=202608120101&ptt=17&impl=fifs&iu_parts=1026403%2CMX_Vivanuncios%2CMX_Vivanuncios_Detalle_NativeAd-Desktop&enc_prev_ius=%2F0%2F1%2F2&prev_iu_szs=320x50&fluid=height&ifi=2&dids=adSlot-1&adfs=3878435480&sfv=1-0-45&sc=1&cookie_enabled=1&abxe=1&dt=1786549349006&lmt=1786549347&adxs=-12245933&adys=-12245933&biw=1280&bih=720&scr_x=0&scr_y=0&btvi=-1&ucis=2&oid=2&u_his=2&u_h=720&u_w=1280&u_ah=720&u_aw=1280&u_cd=24&u_sd=1&u_tz=-360&dmc=16&bc=31&nvt=1&uach=WyJtYWNPUyIsIjI2LjYuMCIsImFybSIsIiIsIjE1MS4wLjc5MjIuMzQiLG51bGwsMCxudWxsLCI2NCIsW1siTm90PUE_QnJhbmQiLCI5OS4wLjAuMCJdLFsiSGVhZGxlc3NDaHJvbWUiLCIxNTEuMC43OTIyLjM0Il0sWyJDaHJvbWl1bSIsIjE1MS4wLjc5MjIuMzQiXV0sMF0.&uas=3&url=https%3A%2F%2Fwww.vivanuncios.com.mx%2Fa-venta-casa%2Ffraccionamiento-diamante-reliz%2Fcasa-en-venta-fracc-monte-caleres%2F149315625&vis=1&psz=0x0&msz=0x0&fws=128&ohw=0&dlt=1786549347603&idt=1350&cust_params=idprovincia%3D8066%26idciudad%3D102000445%26idzonaciudad%3D102015483%26idtipodeoperacion%3D1%26idtipodepropiedad%3D1%26idempresa%3D102276688%26idAviso%3D149315625%26idMoneda%3D10%26precio%3D5950000%26portal%3Dvivanuncios%26ambiente%3D3&adks=4164049670&frm=20&eoidce=1&pgls=CAk.>
2026-08-12 09:42:29,193 [scrapy-playwright] DEBUG: [Context=default] Request: <POST https://bam.nr-data.net/events/1/9e5469c271?a=278689064&sa=1&v=1.296.0&t=Unnamed%20Transaction&rst=2851&ck=0&s=6d109377885f494f&ref=https://www.vivanuncios.com.mx/a-venta-casa/fraccionamiento-diamante-reliz/casa-en-venta-fracc-monte-caleres/149315625&ptid=bb6d126f3ee3aa91> (resource type: xhr, referrer: https://www.vivanuncios.com.mx/a-venta-casa/fraccionamiento-diamante-reliz/casa-en-venta-fracc-monte-caleres/149315625)
2026-08-12 09:42:29,196 [scrapy-playwright] DEBUG: [Context=default] Response: <200 https://pagead2.googlesyndication.com/bg/yQ1ZEylnsXIyF7if62X1hSIj7AdytWEYswERqBPOWRU.js>
2026-08-12 09:42:29,197 [scrapy-playwright] DEBUG: [Context=default] Response: <200 https://ep2.adtrafficquality.google/sodar/sodar2.js>
2026-08-12 09:42:29,207 [scrapy-playwright] DEBUG: [Context=default] Request: <GET https://ep2.adtrafficquality.google/sodar/sodar2/255/runner.html> (resource type: document, referrer: https://www.vivanuncios.com.mx/a-venta-casa/fraccionamiento-diamante-reliz/casa-en-venta-fracc-monte-caleres/149315625)
2026-08-12 09:42:29,209 [scrapy-playwright] DEBUG: [Context=default] Request: <GET https://www.google.com/recaptcha/api2/aframe> (resource type: document, referrer: https://www.vivanuncios.com.mx/a-venta-casa/fraccionamiento-diamante-reliz/casa-en-venta-fracc-monte-caleres/149315625)
2026-08-12 09:42:29,216 [scrapy-playwright] DEBUG: [Context=default] Response: <204 https://pagead2.googlesyndication.com/pagead/sodar?id=sodar2&v=255&li=gpt_m202608050101&jk=6793619207098250&rc=>
2026-08-12 09:42:29,217 [scrapy-playwright] DEBUG: [Context=default] Response: <200 https://challenges.cloudflare.com/cdn-cgi/challenge-platform/h/g/fo/2711065059:1786546832:yHHgWXFjB-iYrGeX5iDOfFr3zbWtNgHjzHT3lfA7X5w/a2a097165bd11654/YaNNUeN8spMUTgPxGE2wyDXRblqhx8vvGxNKq.rH5Jg-1786549348-1.2.1.1-SKsRii7aXa5G5DViW4m.38ekTiIlZRbPz0QBrkZqUJV3Q5kNh84Z4e8FgNfzTz99>
2026-08-12 09:42:29,217 [scrapy-playwright] DEBUG: [Context=default] Response: <204 https://pagead2.googlesyndication.com/pagead/sodar?id=sodar2&v=255&li=gpt_m202608060101&jk=2378594419345656&rc=>
2026-08-12 09:42:29,235 [scrapy-playwright] DEBUG: [Context=default] Request: <GET https://ep2.adtrafficquality.google/generate_204?FMkLBw> (resource type: image, referrer: https://ep2.adtrafficquality.google/sodar/sodar2/255/runner.html)
2026-08-12 09:42:29,237 [scrapy-playwright] DEBUG: [Context=default] Response: <200 https://ep2.adtrafficquality.google/sodar/sodar2/255/runner.html>
2026-08-12 09:42:29,242 [scrapy-playwright] DEBUG: [Context=default] Response: <200 https://challenges.cloudflare.com/cdn-cgi/challenge-platform/h/g/fo/2711065059:1786546832:yHHgWXFjB-iYrGeX5iDOfFr3zbWtNgHjzHT3lfA7X5w/a2a097165bcc1654/oM_.X6.cabMMw54arkoW4f1Ky9dR3cuR1mDeS5bEvtk-1786549348-1.2.1.1-ceuzaTobTMMLAOw1GKtxUHji0orot9hrHORALY7AcUavNeHwF2lccIxFLr7U0iQT>
2026-08-12 09:42:29,247 [scrapy-playwright] DEBUG: [Context=default] Request: <GET https://pagead2.googlesyndication.com/bg/yQ1ZEylnsXIyF7if62X1hSIj7AdytWEYswERqBPOWRU.js> (resource type: script, referrer: https://ep2.adtrafficquality.google/)
2026-08-12 09:42:29,250 [scrapy-playwright] DEBUG: [Context=default] Request: <GET https://ep2.adtrafficquality.google/generate_204?xj3ZVA> (resource type: image, referrer: https://ep2.adtrafficquality.google/sodar/sodar2/255/runner.html)
2026-08-12 09:42:29,263 [scrapy-playwright] DEBUG: [Context=default] Response: <200 https://60ef74c8f7c1ddf50712ab1478126033.safeframe.googlesyndication.com/safeframe/1-0-45/html/container.html>
2026-08-12 09:42:29,274 [scrapy-playwright] DEBUG: [Context=default] Response: <204 https://ep2.adtrafficquality.google/generate_204?FMkLBw>
2026-08-12 09:42:29,282 [scrapy-playwright] DEBUG: [Context=default] Response: <200 https://bam.nr-data.net/events/1/9e5469c271?a=278689064&sa=1&v=1.296.0&t=Unnamed%20Transaction&rst=2851&ck=0&s=6d109377885f494f&ref=https://www.vivanuncios.com.mx/a-venta-casa/fraccionamiento-diamante-reliz/casa-en-venta-fracc-monte-caleres/149315625&ptid=bb6d126f3ee3aa91>
2026-08-12 09:42:29,283 [scrapy-playwright] DEBUG: [Context=default] Response: <200 https://www.google.com/recaptcha/api2/aframe>
2026-08-12 09:42:29,284 [scrapy-playwright] DEBUG: [Context=default] Response: <204 https://ep2.adtrafficquality.google/generate_204?xj3ZVA>
2026-08-12 09:42:29,285 [scrapy-playwright] DEBUG: [Context=default] Response: <200 https://pagead2.googlesyndication.com/bg/yQ1ZEylnsXIyF7if62X1hSIj7AdytWEYswERqBPOWRU.js>
2026-08-12 09:42:29,299 [scrapy-playwright] DEBUG: [Context=default] Request: <GET https://pagead2.googlesyndication.com/pagead/sodar?id=sodar2&v=255&li=gpt_m202608120101&jk=6275385776313921&rc=> (resource type: image, referrer: https://www.google.com/)
2026-08-12 09:42:29,328 [scrapy-playwright] DEBUG: [Context=default] Request: <GET https://ep2.adtrafficquality.google/generate_204?0WHY3w> (resource type: image, referrer: https://ep2.adtrafficquality.google/sodar/sodar2/255/runner.html)
2026-08-12 09:42:29,351 [scrapy-playwright] DEBUG: [Context=default] Request: <GET https://hagen.challenges.cloudflare.com/cdn-cgi/challenge-platform/h/g/i/a2a097165bd11654/YaNNUeN8spMUTgPxGE2wyDXRblqhx8vvGxNKq.rH5Jg-1786549348-1.2.1.1-SKsRii7aXa5G5DViW4m.38ekTiIlZRbPz0QBrkZqUJV3Q5kNh84Z4e8FgNfzTz99> (resource type: fetch)
2026-08-12 09:42:29,352 [scrapy-playwright] DEBUG: [Context=default] Request: <GET https://challenges.cloudflare.com/cdn-cgi/challenge-platform/h/g/pat/a2a097165bd11654/1786549349104/b61f97d099c4c544318e8ae210f5c1b4395eea61f64ee1840b0e90fe53329055/qVGpH9rbP450Kmq9C6cPqEQf4RX63rfNqZQA4wb4h2w-1786549349-1.3.1.1-2eC6rClPI8g4J8ceE_Tcb0HWkHOOD7ruk5JXeVaqvDPETBcT8pJjjAqtd_jScQdOF9n4qaDVKL5x0V64iJ.lLf6P2ECcORQb8bE8CX7sntv2yHb3CPrJTjqUpMf1QoRK_kbxbtzYXr51YOL5XfMxCq11S1t36DZGsOfwRohPeFikWNpL7B4eaVC6Mx.aJbbXDMSz2goCaiTOzfwffYU7.6LaX6FWwJq6z3mYQYTOjhatAZAP6JbV7wtHgQMuYBO_3Jc8alpOxsNxAvS8n0pOQk.5C89BL6VJKtKE.jxi103dTYhX553zk0rm1rRk5M4dew_qdXhlUlzYxhg5V4jelA69S8RC40tOD2ZQHXObI9fQgBBAK0Sn5sNTA1OCexyywwveurr96XHp6_Kp9Kz6pPqvu4k9FYPMCKrhWScQO7qWIIQPiIeQqxFFKhQqc3SMBDpZoUGY45YU2M1ihkJST8mo_Ngdb.WVeWJByWFiuYaNIBYULmhqi0e5V0mVqpdtAw.JS9_Ja7pExaR.H04Ra0oy3STYev3qZgd1AO.LBNBM445l..PzP4QmpdRJNpZcu4dJK4li4WEPzNxPioO.8Q1xDg1S6CioRayR7ccjTVrrmz5fbTqYBRKmCDQ_FPSqt9uLQDmOOM2HPJPT7nMlMuFf2T7C7U4vjYwzAbFWSiT7pR9z2pS_W3vqsi.rHsjz3KJVnA616E3Z6KhrwyuWWVv9gotPqIMc7EVY9Yc7Posa6Ale2PF..QhjRikGW2sW8C.lDH3_hNr46j3YxxiMJRCimxyZVTVbB.cb7hoQe1cg7DRpXcPcmbAVXly8XZ85xp8CY5ungJaKAkASHKruMw> (resource type: fetch)
2026-08-12 09:42:29,356 [scrapy-playwright] DEBUG: [Context=default] Response: <204 https://ep2.adtrafficquality.google/generate_204?0WHY3w>
2026-08-12 09:42:29,368 [scrapy-playwright] DEBUG: [Context=default] Request: <GET https://challenges.cloudflare.com/cdn-cgi/challenge-platform/h/g/pat/a2a097165bcc1654/1786549349083/618c7f847caf783aa7d7347523cd92dd152b03bc2249f3a48bfe1bacc9d4cd64/PI5qHaR7guFk.vbkvzkSlcTPv0I3q.jSJHDvKW0FX10-1786549349-1.3.1.1-niF_aWCGJhYf0nvEWHgBlcH7MsESuBbwMJeQ2NGfrtLnpg.k7uohMa6xVyK6lerqjFh2hIne6C_SeVAdY5SMZT9ySnn9RlLQxQ3PKVhiiCAButPQwYVF1REaqueb_iJNSUL41eZA5ME67esVkIU.m0XnPwiorT3i7xTiCsCeBIdGs.kX7Irvs8DPUkdlw6DHIbmRUkOzuOQyyyOPUGjfwDtzprW7a.qC51hKsZ.wtFZhLB1otkTTwku1Wd1hBkATUv8hAZ68hCZL0tbhvhRCnGlcLSbP17eYA3uZTSrDB9AkZ625caGJm6xjx9V6e_DgztHcB5I3UVvW9DqlmofJoL_K9EHyKDzE2eS1YjTg3saZk9ezgaNmkrVwkAQ3NE5LOTuASrMXg0zUQIyx87wY_xJbqMcauqlHAxwfkTdq8eJuy7JKmaKfw.FTiYxbAjawVZsu65HvN_LNWejHJ2fAMQ9UOVRgyKpe7be87ru04lg31jWZF1vC3yNZKZcllTRqykBJLSETviW70EUjVawZgz6aB9dKiDzwRh83EJFlBxaUNyaCj03BTL0gcMVjTmpWYboOSWCOcMcnI5W.CzY8PiQg4GTI9dkJ9gUJGV_kW8zgA2beUkOZqs8gnEh8B5L4Yp0TXn0FT8tAwqGATgHb5w5f5EOKck7UMl5OrNa0UHeJi9oAM3a.eBkxfsIxBL6il9.IF9tBE1q06aQbGfTBf8V3lZILkhc3Ps373B5PRo1jykUDinnYxkh6H7X_Xu8JFLGDAJ5VoEyDZA.yn83Jg1M1A4dzFuB_eBRCNGJ.vRnrTBDHnnA_dfQg9QWt59V81zGOplPzpaTxkgrBaQZWLQ> (resource type: fetch)
2026-08-12 09:42:29,372 [scrapy-playwright] DEBUG: [Context=default] Request: <GET https://hagen.challenges.cloudflare.com/cdn-cgi/challenge-platform/h/g/i/a2a097165bcc1654/oM_.X6.cabMMw54arkoW4f1Ky9dR3cuR1mDeS5bEvtk-1786549348-1.2.1.1-ceuzaTobTMMLAOw1GKtxUHji0orot9hrHORALY7AcUavNeHwF2lccIxFLr7U0iQT> (resource type: fetch)
2026-08-12 09:42:29,373 [scrapy-playwright] DEBUG: [Context=default] Response: <204 https://pagead2.googlesyndication.com/pagead/sodar?id=sodar2&v=255&li=gpt_m202608120101&jk=6275385776313921&rc=>
2026-08-12 09:42:29,383 [scrapy-playwright] DEBUG: [Context=default] Response: <401 https://challenges.cloudflare.com/cdn-cgi/challenge-platform/h/g/pat/a2a097165bd11654/1786549349104/b61f97d099c4c544318e8ae210f5c1b4395eea61f64ee1840b0e90fe53329055/qVGpH9rbP450Kmq9C6cPqEQf4RX63rfNqZQA4wb4h2w-1786549349-1.3.1.1-2eC6rClPI8g4J8ceE_Tcb0HWkHOOD7ruk5JXeVaqvDPETBcT8pJjjAqtd_jScQdOF9n4qaDVKL5x0V64iJ.lLf6P2ECcORQb8bE8CX7sntv2yHb3CPrJTjqUpMf1QoRK_kbxbtzYXr51YOL5XfMxCq11S1t36DZGsOfwRohPeFikWNpL7B4eaVC6Mx.aJbbXDMSz2goCaiTOzfwffYU7.6LaX6FWwJq6z3mYQYTOjhatAZAP6JbV7wtHgQMuYBO_3Jc8alpOxsNxAvS8n0pOQk.5C89BL6VJKtKE.jxi103dTYhX553zk0rm1rRk5M4dew_qdXhlUlzYxhg5V4jelA69S8RC40tOD2ZQHXObI9fQgBBAK0Sn5sNTA1OCexyywwveurr96XHp6_Kp9Kz6pPqvu4k9FYPMCKrhWScQO7qWIIQPiIeQqxFFKhQqc3SMBDpZoUGY45YU2M1ihkJST8mo_Ngdb.WVeWJByWFiuYaNIBYULmhqi0e5V0mVqpdtAw.JS9_Ja7pExaR.H04Ra0oy3STYev3qZgd1AO.LBNBM445l..PzP4QmpdRJNpZcu4dJK4li4WEPzNxPioO.8Q1xDg1S6CioRayR7ccjTVrrmz5fbTqYBRKmCDQ_FPSqt9uLQDmOOM2HPJPT7nMlMuFf2T7C7U4vjYwzAbFWSiT7pR9z2pS_W3vqsi.rHsjz3KJVnA616E3Z6KhrwyuWWVv9gotPqIMc7EVY9Yc7Posa6Ale2PF..QhjRikGW2sW8C.lDH3_hNr46j3YxxiMJRCimxyZVTVbB.cb7hoQe1cg7DRpXcPcmbAVXly8XZ85xp8CY5ungJaKAkASHKruMw>
2026-08-12 09:42:29,398 [scrapy-playwright] DEBUG: [Context=default] Response: <401 https://challenges.cloudflare.com/cdn-cgi/challenge-platform/h/g/pat/a2a097165bcc1654/1786549349083/618c7f847caf783aa7d7347523cd92dd152b03bc2249f3a48bfe1bacc9d4cd64/PI5qHaR7guFk.vbkvzkSlcTPv0I3q.jSJHDvKW0FX10-1786549349-1.3.1.1-niF_aWCGJhYf0nvEWHgBlcH7MsESuBbwMJeQ2NGfrtLnpg.k7uohMa6xVyK6lerqjFh2hIne6C_SeVAdY5SMZT9ySnn9RlLQxQ3PKVhiiCAButPQwYVF1REaqueb_iJNSUL41eZA5ME67esVkIU.m0XnPwiorT3i7xTiCsCeBIdGs.kX7Irvs8DPUkdlw6DHIbmRUkOzuOQyyyOPUGjfwDtzprW7a.qC51hKsZ.wtFZhLB1otkTTwku1Wd1hBkATUv8hAZ68hCZL0tbhvhRCnGlcLSbP17eYA3uZTSrDB9AkZ625caGJm6xjx9V6e_DgztHcB5I3UVvW9DqlmofJoL_K9EHyKDzE2eS1YjTg3saZk9ezgaNmkrVwkAQ3NE5LOTuASrMXg0zUQIyx87wY_xJbqMcauqlHAxwfkTdq8eJuy7JKmaKfw.FTiYxbAjawVZsu65HvN_LNWejHJ2fAMQ9UOVRgyKpe7be87ru04lg31jWZF1vC3yNZKZcllTRqykBJLSETviW70EUjVawZgz6aB9dKiDzwRh83EJFlBxaUNyaCj03BTL0gcMVjTmpWYboOSWCOcMcnI5W.CzY8PiQg4GTI9dkJ9gUJGV_kW8zgA2beUkOZqs8gnEh8B5L4Yp0TXn0FT8tAwqGATgHb5w5f5EOKck7UMl5OrNa0UHeJi9oAM3a.eBkxfsIxBL6il9.IF9tBE1q06aQbGfTBf8V3lZILkhc3Ps373B5PRo1jykUDinnYxkh6H7X_Xu8JFLGDAJ5VoEyDZA.yn83Jg1M1A4dzFuB_eBRCNGJ.vRnrTBDHnnA_dfQg9QWt59V81zGOplPzpaTxkgrBaQZWLQ>
2026-08-12 09:42:29,440 [scrapy-playwright] DEBUG: [Context=default] Response: <204 https://hagen.challenges.cloudflare.com/cdn-cgi/challenge-platform/h/g/i/a2a097165bcc1654/oM_.X6.cabMMw54arkoW4f1Ky9dR3cuR1mDeS5bEvtk-1786549348-1.2.1.1-ceuzaTobTMMLAOw1GKtxUHji0orot9hrHORALY7AcUavNeHwF2lccIxFLr7U0iQT>
2026-08-12 09:42:29,440 [scrapy-playwright] DEBUG: [Context=default] Response: <204 https://hagen.challenges.cloudflare.com/cdn-cgi/challenge-platform/h/g/i/a2a097165bd11654/YaNNUeN8spMUTgPxGE2wyDXRblqhx8vvGxNKq.rH5Jg-1786549348-1.2.1.1-SKsRii7aXa5G5DViW4m.38ekTiIlZRbPz0QBrkZqUJV3Q5kNh84Z4e8FgNfzTz99>
2026-08-12 09:42:29,462 [scrapy-playwright] DEBUG: [Context=default] Request: <GET https://challenges.cloudflare.com/cdn-cgi/challenge-platform/h/g/ci/a2a097165bcc1654/1786549349084/6IhIVR4UL6jFO_sb8uNycbDF4GGOQoej9AmZBmf7lfM-1786549349-1.3.1.1-5oSfPV54F2_yALu28OsS2gCdfmV6k4qwQ6XegtMPcec3gsq9aiKWWR3Gh9xrL7krncMWtFNILuZUNICQ97FfpY5BG8_gZy83g3WUxzyT5u5tShL6eEqqAjinn4ZfQyCnjqWlyTi5S1PuffNdYIjj0CQZpj3J_NHVo_0liZRO7jLppS9BSwVcp9m4OeCi4O7NBNnGNBZrfU7ifE7CHjo1wFRvPZSd.13nQmAYVJDvvJ7CS3WXMo92Ar5RBGsemFHwyjPYfHzGrVbTrJ1N1OA3SobClu7lkS5AfGHy9SG9D362iLP8twPxFcfKLQrH3i99GuDmgGXdGaXZLZbocrNxxcVpp5_e3.Fu60ZFRlL5rsGPBg.byXQvZtwrkHWJjnd9CeFf0iLRKRWVVRJPAjWEWTHWTpnoXJo84BeOfJIUAhR.ajd2S6_k1BOpXHaRJ9PstpaLD9M9dmly2gLSYJKp36StX5xbXOn05QbbvaUm7qrqT1m3N4fZDSKvIVAbPbyBctkPg4_2T3w0NmmGm3ic_FVoYdCiQTn2J8zTrfUv4QdspC2WfzsH7B0NCVS3c7Tw1FBbQIHZNyp.jSlmHyhcvm6SEMvxBJekSaFGAB0BD.Bdfew07o.N5lHM1MivUmKkNHFqpszryKboGVsg8wjkZZWZyeqRIaJAsMUHNfcTwWt_q7KkFJ3vSraXWmM0IWTjUPaCPeZU.21nag6MF8253EB4d4muHgZ5bpwB0RnnkEc> (resource type: image, referrer: https://challenges.cloudflare.com/cdn-cgi/challenge-platform/h/g/turnstile/f/av0/rch/j1a5n/0x4AAAAAAADnPIDROrmt1Wwj/light/fbE/new/normal?lang=auto)
2026-08-12 09:42:29,464 [scrapy-playwright] DEBUG: [Context=default] Response: <200 https://challenges.cloudflare.com/cdn-cgi/challenge-platform/h/g/fo/2711065059:1786546832:yHHgWXFjB-iYrGeX5iDOfFr3zbWtNgHjzHT3lfA7X5w/a2a09717fa131654/aDiWvNY8tYIzDmkVMTNuwJ2sDhNHhZ3rax7p5bkSoVs-1786549349-1.2.1.1-8i4u45Pnfs8DFahMhz7ofjUTITVAwbteW9n05pkLGg3VezlHJHiZc_oBC6aOY02g>
2026-08-12 09:42:29,769 [scrapy-playwright] DEBUG: [Context=default] Request: <GET https://ep1.adtrafficquality.google/pagead/sodar?id=sodar2&v=255&t=2&li=gpt_m202608050101&jk=6793619207098250&bg=!ICOlI0HNAAYpRUYQCUU7AEcBe5WfOAvkauaStP4V0Y01Boe13hkjTkyoBgesWlMR1Ri_0G0ERkKLwsQE9TwuUP590qZTZ0xdOjOzLq9U313kX7_9zJwixgIAAABOUgAAAAJoAQd-ADecifXhSb-yxrscifnsIR0Y6CeYpKLZ6gQsMcir74NzDbcS6am7EnuHCxU6IQMT9tCmGTv_kveRmQKo0lhngbYazNjXoyfOJh-egMSQcvzCrAiie2BkUCy4NXGGSPa8Lb9z3iJEL-P0FYge0I53oXxQXn76xaOdkGRzALDOGxkq3uLs_UgGICH0Lh2QKBx0aAP95WZNWmQbMaKIQEdvLYXacTLhPlcy7puuNkSAkR-XZftQYhKwRR8t6Xnj3wuAAdyTtfye4gkxCU4Kl39eKL5LaZJxd3eezSmk3E7SUssMS0v2B4jfh_zv2WkG-5QsBSnI1DF_iKCdtHi3w-aJtin9DzIa4DaD7JsZ7uhi9l-MdM0jgOC8llgYq-iam6B8AK_AoruqUZD7sSfCweywcWU7JaEYyGDCxKuYVbS_V08CZO2b9FYq70LPqTpnoLPcQPnVTELqTBJ88WKFQrEAUyOvA9VJW9S5LRp-zMdVXdqRGGFGr-Vif88vMMlzgqlDTZihBDDX6kEQWJOBLSCv4kZa3RUQ-CZuxvCEaVR7yl2UURhxosvHEfpNmLEwGpFO3J8B6SDGbvfhnLunKoUveMaHsvFy_ZO69-2AvIPUAnFObNRw37Vz6oXVsK9W-hiNQi_Wx7RIShObkd75AkJ1NQtoU7Kf_WG_houGM0aeEO-9lOhX5hA1zUCVuTF6aaUu7mHJEXeYLunxGUJHGw7bj4vMARaKNoyYsqve3o87jLBPyb7IHSDfVYkoyl4ThpvRkiqtK6q1f5ovpnZO_yHDIagISr_SmqhhtYZpflmzcHs27H4ngr1dvIfLlZMTMawIanmbBCTVfK08VJHQ_6ZIVgb0_0ysb5ClXQranFMdTcN8Kg2upXyXW3Al1EU1HukzL5-WDjiYiEmTmKCl_8GOWUN9Svm6ct7fx2kDbqn2V0twjN6aC1zWWCik5Uw3933ZARVbon3VOlTBdJ3jxcHvMwWog6c> (resource type: image, referrer: https://www.vivanuncios.com.mx/)
2026-08-12 09:42:29,774 [scrapy-playwright] DEBUG: [Context=default] Request: <GET https://challenges.cloudflare.com/cdn-cgi/challenge-platform/h/g/ci/a2a097165bd11654/1786549349105/.sR11tephSP0hoGJpMbswDEoUK40T00ZCNtCnRGXfCM-1786549349-1.3.1.1-yOg_N.loxcf.92Svdvy3ZqYMa7NyPQpJw4dQM0xaRi8Q.hgw_h9fsQoE8rstVR7tz7c7nabmDEyeqLzpm5.hUAcfzMv9T8TntajsgwASU3BUsdRU4hbGUNarreCC44R.d4EJvYTLsD7E81oHd_ho8Elb0ffhlGwlWB2opOCGW8EJNKQNXImGXQJSkF3JNxAg.OGCr93F2snJaoKPOqBKngBjlaCSdv_VZ3lkXId4DUxPo8DJ_Kwu_mz19UzAfJDEQMyubWrg5oTLL9uo_2K7Jd76MpqZqc6gJBFaKTBPKy_WfqLj1NmPo2awv8bQX9SCm5lLbSMBlTG1mVsEbqZJiAei.0oWVvu3HtKL1nLtx.y4eiFQ2T.L2e1.WZATFKdcPTs2USb2rifFsQGF1mf00m8ndNnvcNWlNc9V1ZalPGog0xZOTHA3J1vGcJt4x2GYucLX8FcxZoIxCb_2T0Wyrf5veKvVkjO4TuXdy1DJqkCL9r2rNk4V2XL2d0ba.DH1NuOcIJlgn3voZbyfQzOfly0jW5QC5zEJCIITPj34BCOnatWQjjN7Yg8Yzh5L3LOdQAqCni_s8nuoG3XqxR54lVZtyQeTVb0E.vW34eMA5IiZ2.0eYh6OIFleR4U3cCN4yd4QOkFark1eqCFuIDLpoQz_fzwyDrxIoztaCTWHZ4WD4McOLWIh4g46mKHVmqgIfT6AF150lHTPBdbYEQ5y9ZmI4Bm3wkScwqenQEOzbQg> (resource type: image, referrer: https://challenges.cloudflare.com/cdn-cgi/challenge-platform/h/g/turnstile/f/av0/rch/5n2jj/0x4AAAAAAADnPIDROrmt1Wwj/light/fbE/new/normal?lang=auto)
2026-08-12 09:42:29,778 [scrapy-playwright] DEBUG: [Context=default] Response: <200 https://challenges.cloudflare.com/cdn-cgi/challenge-platform/h/g/ci/a2a097165bcc1654/1786549349084/6IhIVR4UL6jFO_sb8uNycbDF4GGOQoej9AmZBmf7lfM-1786549349-1.3.1.1-5oSfPV54F2_yALu28OsS2gCdfmV6k4qwQ6XegtMPcec3gsq9aiKWWR3Gh9xrL7krncMWtFNILuZUNICQ97FfpY5BG8_gZy83g3WUxzyT5u5tShL6eEqqAjinn4ZfQyCnjqWlyTi5S1PuffNdYIjj0CQZpj3J_NHVo_0liZRO7jLppS9BSwVcp9m4OeCi4O7NBNnGNBZrfU7ifE7CHjo1wFRvPZSd.13nQmAYVJDvvJ7CS3WXMo92Ar5RBGsemFHwyjPYfHzGrVbTrJ1N1OA3SobClu7lkS5AfGHy9SG9D362iLP8twPxFcfKLQrH3i99GuDmgGXdGaXZLZbocrNxxcVpp5_e3.Fu60ZFRlL5rsGPBg.byXQvZtwrkHWJjnd9CeFf0iLRKRWVVRJPAjWEWTHWTpnoXJo84BeOfJIUAhR.ajd2S6_k1BOpXHaRJ9PstpaLD9M9dmly2gLSYJKp36StX5xbXOn05QbbvaUm7qrqT1m3N4fZDSKvIVAbPbyBctkPg4_2T3w0NmmGm3ic_FVoYdCiQTn2J8zTrfUv4QdspC2WfzsH7B0NCVS3c7Tw1FBbQIHZNyp.jSlmHyhcvm6SEMvxBJekSaFGAB0BD.Bdfew07o.N5lHM1MivUmKkNHFqpszryKboGVsg8wjkZZWZyeqRIaJAsMUHNfcTwWt_q7KkFJ3vSraXWmM0IWTjUPaCPeZU.21nag6MF8253EB4d4muHgZ5bpwB0RnnkEc>
2026-08-12 09:42:29,784 [scrapy-playwright] DEBUG: [Context=default] Request: <GET https://ep1.adtrafficquality.google/pagead/sodar?id=sodar2&v=255&t=2&li=gpt_m202608060101&jk=2378594419345656&bg=!SEulSynNAAYpRUYQCUU7AEcBe5WfOHCkPq0aeCvW-f8_3_DVK84XiSHOF0TdQmBHtLXQEngjChb9Kw_7fLIBZyMfMJHbHfTxhptDPsSDdh8Ju7ITS9F6lQIAAABEUgAAAANoAQd-ADeBotOWyLP1XQt74fqmu6OA9Io5wKQq6nQQo_ZQoGcqMcVGs_5MaYA0N9VCJ3gaQ87db1WodzJ4CgCNS9DOxr91HuU7uSRSfEugMaVmyYr9Hiv0uTF1KY4j2KPllgQiUsKYaJEecBiR54dhopV3oX_zY9I3JlzIXkmCKhkxfgk5LYbObVln-A4uBB8uKMaHWEY-4t7mxB6jUSh_uUTCcxO2FmX39FZmP5Cm77kOayr5JQooQ78_mABkSIWnG-EyGMQXcq0xK5jCmQKdwDNN8LmNgeLbkkKw68nuJDxwKiyhEaFP66e4RLUwuk_37TxKsl5V5CSNYHaeqLJwnJ9WwzjwRolcoDXXcBR6sdsP0MgTp5MZsLhsz8aLu3B2OvTIQfTKI8-9wP4On2LfclsA7irav02GnMX8G8OEwMVMSk-gE5ne7K4kLn87jD4lfezpTyMyBoeOuenm-AFpZfhyQ_Z034bfnE83UR7t6QW1tFVgPOaR7YDMsX_FbR92W_VugCbqn-Vm14Qq3oZUydGxqWV_U-MsVbH8Bcy9_pnxIFX-D-s_cQB4onunBovy6xLFkfX9JY_8iZotXBsEYLSOsAeBJ1VASd5j9WKb1m7oVWygAsHVtSAnsPjDySztQzU77gHM-X6Q_ZGlF5NUecL2wG3ZKQB1OTWF-sVUQdkwV9KU2Yx0jXuScYU-CfFvbd22LK4AHFOxS1qRFvMN9_6buWxH1C71py-iq4HJ3mrgm-AapWYzwMOsn2bHhFMqYYqlvbqCTm2Ae077mbxlSEkhKmenP-Rvc_8QkAmHS0xZV_Hjc93b-DljcFQGUVtIVfhYPxrEv_GnArM1_Aw21sUqi-gU6x14o4_blkST17386XM-HbVuFsgV2P-9auZjL2Nh5StKVDFO1KNVMy_hhDpoxnYxsm8Ubbv7UZtXVKsKqdVFVEFkYIOcYXc99pP7URIasneerIWJF6RMRpDxkJvJmS5sViIomxuK1gRpQtW4tP0DtABdHoVZPS3SVYvqqbgEX3nF_1YjxKeq2ftKrzhuYFrJEO-oM0e3rhUeclfoHCeubSmDhWHy7qlkiewGRu6jbeFe-pGS4OjBpbI4EI94VJNfPS8JD3VxmFRYPq0JPUV3dur-vpLoYm7MMTXhg0fHeN0cr5aEeWME> (resource type: image, referrer: https://www.vivanuncios.com.mx/)
2026-08-12 09:42:29,826 [scrapy-playwright] DEBUG: [Context=default] Response: <200 https://challenges.cloudflare.com/cdn-cgi/challenge-platform/h/g/ci/a2a097165bd11654/1786549349105/.sR11tephSP0hoGJpMbswDEoUK40T00ZCNtCnRGXfCM-1786549349-1.3.1.1-yOg_N.loxcf.92Svdvy3ZqYMa7NyPQpJw4dQM0xaRi8Q.hgw_h9fsQoE8rstVR7tz7c7nabmDEyeqLzpm5.hUAcfzMv9T8TntajsgwASU3BUsdRU4hbGUNarreCC44R.d4EJvYTLsD7E81oHd_ho8Elb0ffhlGwlWB2opOCGW8EJNKQNXImGXQJSkF3JNxAg.OGCr93F2snJaoKPOqBKngBjlaCSdv_VZ3lkXId4DUxPo8DJ_Kwu_mz19UzAfJDEQMyubWrg5oTLL9uo_2K7Jd76MpqZqc6gJBFaKTBPKy_WfqLj1NmPo2awv8bQX9SCm5lLbSMBlTG1mVsEbqZJiAei.0oWVvu3HtKL1nLtx.y4eiFQ2T.L2e1.WZATFKdcPTs2USb2rifFsQGF1mf00m8ndNnvcNWlNc9V1ZalPGog0xZOTHA3J1vGcJt4x2GYucLX8FcxZoIxCb_2T0Wyrf5veKvVkjO4TuXdy1DJqkCL9r2rNk4V2XL2d0ba.DH1NuOcIJlgn3voZbyfQzOfly0jW5QC5zEJCIITPj34BCOnatWQjjN7Yg8Yzh5L3LOdQAqCni_s8nuoG3XqxR54lVZtyQeTVb0E.vW34eMA5IiZ2.0eYh6OIFleR4U3cCN4yd4QOkFark1eqCFuIDLpoQz_fzwyDrxIoztaCTWHZ4WD4McOLWIh4g46mKHVmqgIfT6AF150lHTPBdbYEQ5y9ZmI4Bm3wkScwqenQEOzbQg>
2026-08-12 09:42:29,828 [scrapy-playwright] DEBUG: [Context=default] Request: <GET https://challenges.cloudflare.com/cdn-cgi/challenge-platform/h/g/pat/a2a09717fa131654/1786549349320/7cbc3dc2af3125e433856f77c4e3e1755a7c72d704a84613b1edb5b6ad29ab2c/Nv2GAig_n5ON.w1Qgj9GNZpAJFnZyjlLOsMgkkrDKbs-1786549349-1.3.1.1-cHSMcLCeIIPeHN_hLIOK9J9PLxThLd6BP1C.kYzWAjjVDb9hfhtWKA4rGUq8VV07V89kH0akDanF_ab7kUbd3Td8aVHOLgw6HH2FmMruaCZG5tq0.Z0ynyEqJdzvE1Fk2b_r_ONPGIhg2gbM4d6Mgj5voYhTXeO3mMNQw4j8F1LkgsiZd1TQ_.OYFX8EbEZIY6rpNKMZ5vSGiWNCC3ItokiNcPEYUQGaioDCnFRAgMDsLK3FpUgL4x3qit9N3vsIdhB4IclHiW_SyD2fYq0agiAG5Acdz7jNpCiyC7apzOpCWdKU_aoULnZPfy4I7f.whEPLkYJYuE_91kEVeBrt1PlDLyD8Jcin45TN6YGsY6JPa0PDwbguWLRdkuVEUFbEFevldTZVjkdlpJBgNRO58sK1lKFwPo_yU3Qj7t0BOJ1i3UG0jlz9WkDOjFxBGH84MRE0wJgSjUfw03537kYKvGl8s7W6s4UbN7phzF26tmkFGKgqVE03Tb_rDj7Hhkl50e9r4p7mk6M74BMOAwlfR4PxltDnW_.Uep9E.rIeesOOZ31ArbDizUJKA8nCnCkpQwo4l9XbJNzKFVTJjVstaeMA0k_4sHqemevNAemAlBax_1twvqnnUZCI.gvUexLBSBfzqiCIJo7M_9ukXiAmG5HyRYW3JjUpPdycHz8MOnR_.Bx4VvyXjcsJlSUwM4Kc3n8hBZiR75w9Ll6X0MuQBWAzKn1W5BCVH6y1PCMvM_x0wER2EMH.Z9K5QSIpUbz7dLfwbINgKReS.VeTz8Jf_4ogsQgr.VXcxUAhyYdFYNzz6huuBk6j4GOj8olOLtxm_Okvgm9CS.40HqO5vzWGlw> (resource type: fetch)
2026-08-12 09:42:29,830 [scrapy-playwright] DEBUG: [Context=default] Request: <GET https://hagen.challenges.cloudflare.com/cdn-cgi/challenge-platform/h/g/i/a2a09717fa131654/aDiWvNY8tYIzDmkVMTNuwJ2sDhNHhZ3rax7p5bkSoVs-1786549349-1.2.1.1-8i4u45Pnfs8DFahMhz7ofjUTITVAwbteW9n05pkLGg3VezlHJHiZc_oBC6aOY02g> (resource type: fetch)
2026-08-12 09:42:29,851 [scrapy-playwright] DEBUG: [Context=default] Request: <GET https://ep1.adtrafficquality.google/pagead/sodar?id=sodar2&v=255&t=2&li=gpt_m202608120101&jk=6275385776313921&bg=!1dal1rTNAAYpRUYQCUU7AEcBe5WfOL_TAmW4KJHjejDUKjMukN90mb1T7D58huHu4n8cS52izA3QptwR3RjHzGZQO598qOh9fV6anbttIfB1ucCln_ixigIAAAA2UgAAAAFoAQd-ADe4tJEa8UOaQlmTdjnmO3Jl6LauVOOAGVGBdvyFUn44jtHZAQFMzSjiWZgOBMCmWjNQWZO_1sDRCgCWIwWuCkreE79e2yUxgoWRQJ8GUTNLcbg07RvyWdurRGnC9HjD9Am2iH0jqTmtwg51t1dKbbrvZws8XihPeXmmYYDTFBEDFIHKoT2snTgyBqNSg0gMtNLUAjcXYY0yQqvmZJs1ftX6NY7kuh7z78pReck2NvxmuCukcSOL09jfJ_TyjRR0ZA-JYYffwnowQV_9B2k69iY6mQKk6ej5PYYXyll3nP2gl4no94tYZruzeI_aLtxGaCGWhxQ6seLvWD1oIh3ECY3ASDi3RcxbHty_ixmKDQAtb_HOwC7s0O1xPoZtPyGQCLXJQvT1x7jNl5vOOnuJM70wyFHyfR1ClAQoL5rinJO8yw_YL9i5HVGPTu-Yb_oFcCSN1Hrk25mO0-u5MQpqL_xJiVEiriSUjgn3vIO1mcNJ-AfyDxdfUFUTlanQXR0DFz_MBlwHYjMfJW22TToxAKsbTQiZvT3YZmpeMw1jDafnlYaLH5UhUgfm2Va1hG4Ce41ED8y0UUu0Z3jIJIQB_qa2TnBlonJ33f_ORYn4_PV-JXrDzidKOb-37SC0yovfnzIqQpZh56rU_4mdnx_6s1Iy-84G9pOef9E1Ml19yOqfR33UjxZNe98MRQn1cvosYte4eoYY2rN7BzEmBDRrvSNWUWmTpPg5kNh5YVaEIYfL1Ps2ZnuHB73w_euSEpl65dh69RDGzIaO0H2eWEokVRqzZU60g_kKhmPVBtYzSELWnn1Dysa3z44cVi0fvMHBj3O_icwOc9mB2e_vNzXmu33pL3TqRoSqBUIobFacD_-8tKB4DOKEaRL2eCgAVJQOPaZfFEmujealmreHE36NI6H-O6xPndBtRKq44nzVIKnM1OZaUBfbvs01btxRhLPM3U7YvvGM9t-XjcKvd9gwTcovuJ8NXsXTXuoEXkgPUPAbfzUnpZPXCzJJGIgrYCMXr5cWu-aZfKoMCrV3Y2Ic5m9MhRnclcECVMZukAK6jrU9S4OMWKNk1BA5lNwy-hNbnQG3j79RcY6o3EwhLQWqbOdxFYRKf3fDL7XaKroqIfMXgA8Pa33Ht8sSvJ4T9B4BTUhvfxzc5fLKttO1lDFOMFPgRnIuyI-Jyg> (resource type: image, referrer: https://www.vivanuncios.com.mx/a-venta-casa/fraccionamiento-diamante-reliz/casa-en-venta-fracc-monte-caleres/149315625)
2026-08-12 09:42:29,858 [scrapy-playwright] DEBUG: [Context=default] Response: <204 https://hagen.challenges.cloudflare.com/cdn-cgi/challenge-platform/h/g/i/a2a09717fa131654/aDiWvNY8tYIzDmkVMTNuwJ2sDhNHhZ3rax7p5bkSoVs-1786549349-1.2.1.1-8i4u45Pnfs8DFahMhz7ofjUTITVAwbteW9n05pkLGg3VezlHJHiZc_oBC6aOY02g>
2026-08-12 09:42:29,859 [scrapy-playwright] DEBUG: [Context=default] Response: <401 https://challenges.cloudflare.com/cdn-cgi/challenge-platform/h/g/pat/a2a09717fa131654/1786549349320/7cbc3dc2af3125e433856f77c4e3e1755a7c72d704a84613b1edb5b6ad29ab2c/Nv2GAig_n5ON.w1Qgj9GNZpAJFnZyjlLOsMgkkrDKbs-1786549349-1.3.1.1-cHSMcLCeIIPeHN_hLIOK9J9PLxThLd6BP1C.kYzWAjjVDb9hfhtWKA4rGUq8VV07V89kH0akDanF_ab7kUbd3Td8aVHOLgw6HH2FmMruaCZG5tq0.Z0ynyEqJdzvE1Fk2b_r_ONPGIhg2gbM4d6Mgj5voYhTXeO3mMNQw4j8F1LkgsiZd1TQ_.OYFX8EbEZIY6rpNKMZ5vSGiWNCC3ItokiNcPEYUQGaioDCnFRAgMDsLK3FpUgL4x3qit9N3vsIdhB4IclHiW_SyD2fYq0agiAG5Acdz7jNpCiyC7apzOpCWdKU_aoULnZPfy4I7f.whEPLkYJYuE_91kEVeBrt1PlDLyD8Jcin45TN6YGsY6JPa0PDwbguWLRdkuVEUFbEFevldTZVjkdlpJBgNRO58sK1lKFwPo_yU3Qj7t0BOJ1i3UG0jlz9WkDOjFxBGH84MRE0wJgSjUfw03537kYKvGl8s7W6s4UbN7phzF26tmkFGKgqVE03Tb_rDj7Hhkl50e9r4p7mk6M74BMOAwlfR4PxltDnW_.Uep9E.rIeesOOZ31ArbDizUJKA8nCnCkpQwo4l9XbJNzKFVTJjVstaeMA0k_4sHqemevNAemAlBax_1twvqnnUZCI.gvUexLBSBfzqiCIJo7M_9ukXiAmG5HyRYW3JjUpPdycHz8MOnR_.Bx4VvyXjcsJlSUwM4Kc3n8hBZiR75w9Ll6X0MuQBWAzKn1W5BCVH6y1PCMvM_x0wER2EMH.Z9K5QSIpUbz7dLfwbINgKReS.VeTz8Jf_4ogsQgr.VXcxUAhyYdFYNzz6huuBk6j4GOj8olOLtxm_Okvgm9CS.40HqO5vzWGlw>
2026-08-12 09:42:29,878 [scrapy-playwright] DEBUG: [Context=default] Response: <204 https://ep1.adtrafficquality.google/pagead/sodar?id=sodar2&v=255&t=2&li=gpt_m202608050101&jk=6793619207098250&bg=!ICOlI0HNAAYpRUYQCUU7AEcBe5WfOAvkauaStP4V0Y01Boe13hkjTkyoBgesWlMR1Ri_0G0ERkKLwsQE9TwuUP590qZTZ0xdOjOzLq9U313kX7_9zJwixgIAAABOUgAAAAJoAQd-ADecifXhSb-yxrscifnsIR0Y6CeYpKLZ6gQsMcir74NzDbcS6am7EnuHCxU6IQMT9tCmGTv_kveRmQKo0lhngbYazNjXoyfOJh-egMSQcvzCrAiie2BkUCy4NXGGSPa8Lb9z3iJEL-P0FYge0I53oXxQXn76xaOdkGRzALDOGxkq3uLs_UgGICH0Lh2QKBx0aAP95WZNWmQbMaKIQEdvLYXacTLhPlcy7puuNkSAkR-XZftQYhKwRR8t6Xnj3wuAAdyTtfye4gkxCU4Kl39eKL5LaZJxd3eezSmk3E7SUssMS0v2B4jfh_zv2WkG-5QsBSnI1DF_iKCdtHi3w-aJtin9DzIa4DaD7JsZ7uhi9l-MdM0jgOC8llgYq-iam6B8AK_AoruqUZD7sSfCweywcWU7JaEYyGDCxKuYVbS_V08CZO2b9FYq70LPqTpnoLPcQPnVTELqTBJ88WKFQrEAUyOvA9VJW9S5LRp-zMdVXdqRGGFGr-Vif88vMMlzgqlDTZihBDDX6kEQWJOBLSCv4kZa3RUQ-CZuxvCEaVR7yl2UURhxosvHEfpNmLEwGpFO3J8B6SDGbvfhnLunKoUveMaHsvFy_ZO69-2AvIPUAnFObNRw37Vz6oXVsK9W-hiNQi_Wx7RIShObkd75AkJ1NQtoU7Kf_WG_houGM0aeEO-9lOhX5hA1zUCVuTF6aaUu7mHJEXeYLunxGUJHGw7bj4vMARaKNoyYsqve3o87jLBPyb7IHSDfVYkoyl4ThpvRkiqtK6q1f5ovpnZO_yHDIagISr_SmqhhtYZpflmzcHs27H4ngr1dvIfLlZMTMawIanmbBCTVfK08VJHQ_6ZIVgb0_0ysb5ClXQranFMdTcN8Kg2upXyXW3Al1EU1HukzL5-WDjiYiEmTmKCl_8GOWUN9Svm6ct7fx2kDbqn2V0twjN6aC1zWWCik5Uw3933ZARVbon3VOlTBdJ3jxcHvMwWog6c>
2026-08-12 09:42:29,879 [scrapy-playwright] DEBUG: [Context=default] Response: <204 https://ep1.adtrafficquality.google/pagead/sodar?id=sodar2&v=255&t=2&li=gpt_m202608060101&jk=2378594419345656&bg=!SEulSynNAAYpRUYQCUU7AEcBe5WfOHCkPq0aeCvW-f8_3_DVK84XiSHOF0TdQmBHtLXQEngjChb9Kw_7fLIBZyMfMJHbHfTxhptDPsSDdh8Ju7ITS9F6lQIAAABEUgAAAANoAQd-ADeBotOWyLP1XQt74fqmu6OA9Io5wKQq6nQQo_ZQoGcqMcVGs_5MaYA0N9VCJ3gaQ87db1WodzJ4CgCNS9DOxr91HuU7uSRSfEugMaVmyYr9Hiv0uTF1KY4j2KPllgQiUsKYaJEecBiR54dhopV3oX_zY9I3JlzIXkmCKhkxfgk5LYbObVln-A4uBB8uKMaHWEY-4t7mxB6jUSh_uUTCcxO2FmX39FZmP5Cm77kOayr5JQooQ78_mABkSIWnG-EyGMQXcq0xK5jCmQKdwDNN8LmNgeLbkkKw68nuJDxwKiyhEaFP66e4RLUwuk_37TxKsl5V5CSNYHaeqLJwnJ9WwzjwRolcoDXXcBR6sdsP0MgTp5MZsLhsz8aLu3B2OvTIQfTKI8-9wP4On2LfclsA7irav02GnMX8G8OEwMVMSk-gE5ne7K4kLn87jD4lfezpTyMyBoeOuenm-AFpZfhyQ_Z034bfnE83UR7t6QW1tFVgPOaR7YDMsX_FbR92W_VugCbqn-Vm14Qq3oZUydGxqWV_U-MsVbH8Bcy9_pnxIFX-D-s_cQB4onunBovy6xLFkfX9JY_8iZotXBsEYLSOsAeBJ1VASd5j9WKb1m7oVWygAsHVtSAnsPjDySztQzU77gHM-X6Q_ZGlF5NUecL2wG3ZKQB1OTWF-sVUQdkwV9KU2Yx0jXuScYU-CfFvbd22LK4AHFOxS1qRFvMN9_6buWxH1C71py-iq4HJ3mrgm-AapWYzwMOsn2bHhFMqYYqlvbqCTm2Ae077mbxlSEkhKmenP-Rvc_8QkAmHS0xZV_Hjc93b-DljcFQGUVtIVfhYPxrEv_GnArM1_Aw21sUqi-gU6x14o4_blkST17386XM-HbVuFsgV2P-9auZjL2Nh5StKVDFO1KNVMy_hhDpoxnYxsm8Ubbv7UZtXVKsKqdVFVEFkYIOcYXc99pP7URIasneerIWJF6RMRpDxkJvJmS5sViIomxuK1gRpQtW4tP0DtABdHoVZPS3SVYvqqbgEX3nF_1YjxKeq2ftKrzhuYFrJEO-oM0e3rhUeclfoHCeubSmDhWHy7qlkiewGRu6jbeFe-pGS4OjBpbI4EI94VJNfPS8JD3VxmFRYPq0JPUV3dur-vpLoYm7MMTXhg0fHeN0cr5aEeWME>
2026-08-12 09:42:29,930 [scrapy-playwright] DEBUG: [Context=default] Response: <204 https://ep1.adtrafficquality.google/pagead/sodar?id=sodar2&v=255&t=2&li=gpt_m202608120101&jk=6275385776313921&bg=!1dal1rTNAAYpRUYQCUU7AEcBe5WfOL_TAmW4KJHjejDUKjMukN90mb1T7D58huHu4n8cS52izA3QptwR3RjHzGZQO598qOh9fV6anbttIfB1ucCln_ixigIAAAA2UgAAAAFoAQd-ADe4tJEa8UOaQlmTdjnmO3Jl6LauVOOAGVGBdvyFUn44jtHZAQFMzSjiWZgOBMCmWjNQWZO_1sDRCgCWIwWuCkreE79e2yUxgoWRQJ8GUTNLcbg07RvyWdurRGnC9HjD9Am2iH0jqTmtwg51t1dKbbrvZws8XihPeXmmYYDTFBEDFIHKoT2snTgyBqNSg0gMtNLUAjcXYY0yQqvmZJs1ftX6NY7kuh7z78pReck2NvxmuCukcSOL09jfJ_TyjRR0ZA-JYYffwnowQV_9B2k69iY6mQKk6ej5PYYXyll3nP2gl4no94tYZruzeI_aLtxGaCGWhxQ6seLvWD1oIh3ECY3ASDi3RcxbHty_ixmKDQAtb_HOwC7s0O1xPoZtPyGQCLXJQvT1x7jNl5vOOnuJM70wyFHyfR1ClAQoL5rinJO8yw_YL9i5HVGPTu-Yb_oFcCSN1Hrk25mO0-u5MQpqL_xJiVEiriSUjgn3vIO1mcNJ-AfyDxdfUFUTlanQXR0DFz_MBlwHYjMfJW22TToxAKsbTQiZvT3YZmpeMw1jDafnlYaLH5UhUgfm2Va1hG4Ce41ED8y0UUu0Z3jIJIQB_qa2TnBlonJ33f_ORYn4_PV-JXrDzidKOb-37SC0yovfnzIqQpZh56rU_4mdnx_6s1Iy-84G9pOef9E1Ml19yOqfR33UjxZNe98MRQn1cvosYte4eoYY2rN7BzEmBDRrvSNWUWmTpPg5kNh5YVaEIYfL1Ps2ZnuHB73w_euSEpl65dh69RDGzIaO0H2eWEokVRqzZU60g_kKhmPVBtYzSELWnn1Dysa3z44cVi0fvMHBj3O_icwOc9mB2e_vNzXmu33pL3TqRoSqBUIobFacD_-8tKB4DOKEaRL2eCgAVJQOPaZfFEmujealmreHE36NI6H-O6xPndBtRKq44nzVIKnM1OZaUBfbvs01btxRhLPM3U7YvvGM9t-XjcKvd9gwTcovuJ8NXsXTXuoEXkgPUPAbfzUnpZPXCzJJGIgrYCMXr5cWu-aZfKoMCrV3Y2Ic5m9MhRnclcECVMZukAK6jrU9S4OMWKNk1BA5lNwy-hNbnQG3j79RcY6o3EwhLQWqbOdxFYRKf3fDL7XaKroqIfMXgA8Pa33Ht8sSvJ4T9B4BTUhvfxzc5fLKttO1lDFOMFPgRnIuyI-Jyg>
2026-08-12 09:42:30,063 [scrapy-playwright] DEBUG: [Context=default] Request: <POST https://challenges.cloudflare.com/cdn-cgi/challenge-platform/h/g/fo/2711065059:1786546832:yHHgWXFjB-iYrGeX5iDOfFr3zbWtNgHjzHT3lfA7X5w/a2a097165bcc1654/oM_.X6.cabMMw54arkoW4f1Ky9dR3cuR1mDeS5bEvtk-1786549348-1.2.1.1-ceuzaTobTMMLAOw1GKtxUHji0orot9hrHORALY7AcUavNeHwF2lccIxFLr7U0iQT> (resource type: xhr, referrer: https://challenges.cloudflare.com/cdn-cgi/challenge-platform/h/g/turnstile/f/av0/rch/j1a5n/0x4AAAAAAADnPIDROrmt1Wwj/light/fbE/new/normal?lang=auto)
2026-08-12 09:42:30,106 [scrapy-playwright] DEBUG: [Context=default] Request: <POST https://challenges.cloudflare.com/cdn-cgi/challenge-platform/h/g/fo/2711065059:1786546832:yHHgWXFjB-iYrGeX5iDOfFr3zbWtNgHjzHT3lfA7X5w/a2a097165bd11654/YaNNUeN8spMUTgPxGE2wyDXRblqhx8vvGxNKq.rH5Jg-1786549348-1.2.1.1-SKsRii7aXa5G5DViW4m.38ekTiIlZRbPz0QBrkZqUJV3Q5kNh84Z4e8FgNfzTz99> (resource type: xhr, referrer: https://challenges.cloudflare.com/cdn-cgi/challenge-platform/h/g/turnstile/f/av0/rch/5n2jj/0x4AAAAAAADnPIDROrmt1Wwj/light/fbE/new/normal?lang=auto)
2026-08-12 09:42:30,161 [scrapy-playwright] DEBUG: [Context=default] Response: <200 https://challenges.cloudflare.com/cdn-cgi/challenge-platform/h/g/fo/2711065059:1786546832:yHHgWXFjB-iYrGeX5iDOfFr3zbWtNgHjzHT3lfA7X5w/a2a097165bcc1654/oM_.X6.cabMMw54arkoW4f1Ky9dR3cuR1mDeS5bEvtk-1786549348-1.2.1.1-ceuzaTobTMMLAOw1GKtxUHji0orot9hrHORALY7AcUavNeHwF2lccIxFLr7U0iQT>
2026-08-12 09:42:30,176 [scrapy-playwright] DEBUG: [Context=default] Response: <200 https://challenges.cloudflare.com/cdn-cgi/challenge-platform/h/g/fo/2711065059:1786546832:yHHgWXFjB-iYrGeX5iDOfFr3zbWtNgHjzHT3lfA7X5w/a2a097165bd11654/YaNNUeN8spMUTgPxGE2wyDXRblqhx8vvGxNKq.rH5Jg-1786549348-1.2.1.1-SKsRii7aXa5G5DViW4m.38ekTiIlZRbPz0QBrkZqUJV3Q5kNh84Z4e8FgNfzTz99>
2026-08-12 09:42:30,368 [scrapy-playwright] DEBUG: [Context=default] Request: <GET https://challenges.cloudflare.com/cdn-cgi/challenge-platform/h/g/ci/a2a09717fa131654/1786549349326/0pglQO9CJjyhtGRv.JjN3MNDZx3XFD49XcEoZlC6ZzY-1786549349-1.3.1.1-kn1GDHgZinjvyczZniygA3pgdv_YFOBGDmlAzcccFH6J1X0bXKQSKmxbeKg1_xTP6Dl3ugN6t1RX_aVxKcVNrSTZ8tnpbaN_GadDeOXuy4WYEj_JZ.gzwWIR.N77oeiiMb7b0Nyqh7STuXCQXtS2sendlF7hArrXn_PN6XYVIaE6_G4nEbDHRF5hsnMKCakmG9pYYcX60ZS7m_GF3BZxcSB2YE71Ifr2W.HV4KSj52DTD04ulEt7av2wOUZXFCcQUcD8nUdV1mE7C1WMGDd7H48mdglGD3rp.0m5QdHq5ePG_9BuX6z.BuBZ18zJ.JZ_5p7B0zJnByCnmieTMOexNAlfARwKAYzHdJ74nFNtbHU26fFdsKEb186FL8TVIkkyLPZmL3Wd12ycwiQ.E5dv1xv5Tqo5x9LTsPjPnlihxkiOyFdivE213YEGwMOPmexrPG_FpTwfrkVdU6i2kN1xuRLSwXtt0iplPsa5poty9SF9QLV1MG9xAdQOye8_Vr54tj4JEXVrkEht3wg9301JYPoncrIudUeMoGxPMnnSrJmGQiPYh5RfCvh9gj3wOuMJgapV2sW7Y6BPahl5JdAPsSpe.vHWR_CgPIO0FyN02Kh9KSGRxqKH4850ITTDCTXIZOr8y1VmsbJG53DyJvTBww9QXDVnTB1yYdEjTAo1EeBr8bFTfx0AvYYXUC_5x1.ipPo20ivK7SI95zlJV7VmXw9xWt6vvjpXXKCh8sGrWf4> (resource type: image, referrer: https://challenges.cloudflare.com/cdn-cgi/challenge-platform/h/g/turnstile/f/av0/rch/do0v6/0x4AAAAAAADnPIDROrmt1Wwj/light/fbE/new/normal?lang=auto)
2026-08-12 09:42:30,443 [scrapy-playwright] DEBUG: [Context=default] Response: <200 https://challenges.cloudflare.com/cdn-cgi/challenge-platform/h/g/ci/a2a09717fa131654/1786549349326/0pglQO9CJjyhtGRv.JjN3MNDZx3XFD49XcEoZlC6ZzY-1786549349-1.3.1.1-kn1GDHgZinjvyczZniygA3pgdv_YFOBGDmlAzcccFH6J1X0bXKQSKmxbeKg1_xTP6Dl3ugN6t1RX_aVxKcVNrSTZ8tnpbaN_GadDeOXuy4WYEj_JZ.gzwWIR.N77oeiiMb7b0Nyqh7STuXCQXtS2sendlF7hArrXn_PN6XYVIaE6_G4nEbDHRF5hsnMKCakmG9pYYcX60ZS7m_GF3BZxcSB2YE71Ifr2W.HV4KSj52DTD04ulEt7av2wOUZXFCcQUcD8nUdV1mE7C1WMGDd7H48mdglGD3rp.0m5QdHq5ePG_9BuX6z.BuBZ18zJ.JZ_5p7B0zJnByCnmieTMOexNAlfARwKAYzHdJ74nFNtbHU26fFdsKEb186FL8TVIkkyLPZmL3Wd12ycwiQ.E5dv1xv5Tqo5x9LTsPjPnlihxkiOyFdivE213YEGwMOPmexrPG_FpTwfrkVdU6i2kN1xuRLSwXtt0iplPsa5poty9SF9QLV1MG9xAdQOye8_Vr54tj4JEXVrkEht3wg9301JYPoncrIudUeMoGxPMnnSrJmGQiPYh5RfCvh9gj3wOuMJgapV2sW7Y6BPahl5JdAPsSpe.vHWR_CgPIO0FyN02Kh9KSGRxqKH4850ITTDCTXIZOr8y1VmsbJG53DyJvTBww9QXDVnTB1yYdEjTAo1EeBr8bFTfx0AvYYXUC_5x1.ipPo20ivK7SI95zlJV7VmXw9xWt6vvjpXXKCh8sGrWf4>
2026-08-12 09:42:30,484 [scrapy-playwright] DEBUG: [Context=default] Request: <POST https://challenges.cloudflare.com/cdn-cgi/challenge-platform/h/g/fo/2711065059:1786546832:yHHgWXFjB-iYrGeX5iDOfFr3zbWtNgHjzHT3lfA7X5w/a2a09717fa131654/aDiWvNY8tYIzDmkVMTNuwJ2sDhNHhZ3rax7p5bkSoVs-1786549349-1.2.1.1-8i4u45Pnfs8DFahMhz7ofjUTITVAwbteW9n05pkLGg3VezlHJHiZc_oBC6aOY02g> (resource type: xhr, referrer: https://challenges.cloudflare.com/cdn-cgi/challenge-platform/h/g/turnstile/f/av0/rch/do0v6/0x4AAAAAAADnPIDROrmt1Wwj/light/fbE/new/normal?lang=auto)
2026-08-12 09:42:30,572 [scrapy-playwright] DEBUG: [Context=default] Response: <200 https://challenges.cloudflare.com/cdn-cgi/challenge-platform/h/g/fo/2711065059:1786546832:yHHgWXFjB-iYrGeX5iDOfFr3zbWtNgHjzHT3lfA7X5w/a2a09717fa131654/aDiWvNY8tYIzDmkVMTNuwJ2sDhNHhZ3rax7p5bkSoVs-1786549349-1.2.1.1-8i4u45Pnfs8DFahMhz7ofjUTITVAwbteW9n05pkLGg3VezlHJHiZc_oBC6aOY02g>
2026-08-12 09:42:33,170 [scrapy-playwright] DEBUG: [Context=default] Request: <POST https://analytics.google.com/g/collect?v=2&tid=G-C4HWQQM571&gtm=45je68a1v9103994736z8858857621za20gzb858857621zd858857621&_p=1786549346666&gcd=13l3l3l3l1l1&npa=0&dma=0&_eu=AAAAAGQC&are=1&cid=2116925861.1786549348&frm=0&pscdl=noapi&rcb=14&sr=1280x720&uaa=arm&uab=64&uafvl=Not%253DA%253FBrand%3B99.0.0.0%7CHeadlessChrome%3B151.0.7922.34%7CChromium%3B151.0.7922.34&uam=&uamb=0&uap=macOS&uapv=26.6.0&uaw=0&ul=en-us&gaf=2&_s=2&tag_exp=115616985~115938465~115938468~118897920~118897930~119367802~119367810~119527020~119896803~120385423&sid=1786549348&sct=1&seg=1&dl=https%3A%2F%2Fwww.vivanuncios.com.mx%2Fs-venta-inmuebles%2Fchihuahua-chih%2Fv1c1097l10163p1&dt=3%2C864%20Propiedades%20e%20inmuebles%20en%20venta%20-%20Chihuahua%2C%20Chihuahua%20-%20Vivanuncios&en=page_view&ep.is_logged=No&ep.content_group=Listado&ep.operation_type=Venta&ep.property_type=NA&ep.province=Chihuahua&ep.city=Chihuahua&ep.top5_house_id=&ep.zona=NA&ep.zonaValor=NA&ep.subZona=NA&ep.terminoUbicacion=Chihuahua&ep.aviso_duplicado=No&ep.variant_id=NA&ep.flow_type=Avisos%20Quintoandar%20-%20No&ep.status=Thin%20content%20OFF%20-%20M%C3%A1s%20de%2020%20resultados&ep.subproperty_type=NA&ep.posting_type=Avisos%205A%20-%20NO%20NA&ep.selection=%22NA%22&epn.cantidadUbicaciones=30&epn.selection_value=0&ep.item_id=3%2C864&ep.content_type=NA&epn.posting_list=1&ep.view_type=Listado&ep.pill_active=Si&ep.fb_event=false&ep.quick_filter=OFF&ep.in_listing=OFF&_et=2&tfd=6832> (resource type: fetch, referrer: https://www.vivanuncios.com.mx/)
2026-08-12 09:42:33,239 [scrapy-playwright] DEBUG: [Context=default] Response: <204 https://analytics.google.com/g/collect?v=2&tid=G-C4HWQQM571&gtm=45je68a1v9103994736z8858857621za20gzb858857621zd858857621&_p=1786549346666&gcd=13l3l3l3l1l1&npa=0&dma=0&_eu=AAAAAGQC&are=1&cid=2116925861.1786549348&frm=0&pscdl=noapi&rcb=14&sr=1280x720&uaa=arm&uab=64&uafvl=Not%253DA%253FBrand%3B99.0.0.0%7CHeadlessChrome%3B151.0.7922.34%7CChromium%3B151.0.7922.34&uam=&uamb=0&uap=macOS&uapv=26.6.0&uaw=0&ul=en-us&gaf=2&_s=2&tag_exp=115616985~115938465~115938468~118897920~118897930~119367802~119367810~119527020~119896803~120385423&sid=1786549348&sct=1&seg=1&dl=https%3A%2F%2Fwww.vivanuncios.com.mx%2Fs-venta-inmuebles%2Fchihuahua-chih%2Fv1c1097l10163p1&dt=3%2C864%20Propiedades%20e%20inmuebles%20en%20venta%20-%20Chihuahua%2C%20Chihuahua%20-%20Vivanuncios&en=page_view&ep.is_logged=No&ep.content_group=Listado&ep.operation_type=Venta&ep.property_type=NA&ep.province=Chihuahua&ep.city=Chihuahua&ep.top5_house_id=&ep.zona=NA&ep.zonaValor=NA&ep.subZona=NA&ep.terminoUbicacion=Chihuahua&ep.aviso_duplicado=No&ep.variant_id=NA&ep.flow_type=Avisos%20Quintoandar%20-%20No&ep.status=Thin%20content%20OFF%20-%20M%C3%A1s%20de%2020%20resultados&ep.subproperty_type=NA&ep.posting_type=Avisos%205A%20-%20NO%20NA&ep.selection=%22NA%22&epn.cantidadUbicaciones=30&epn.selection_value=0&ep.item_id=3%2C864&ep.content_type=NA&epn.posting_list=1&ep.view_type=Listado&ep.pill_active=Si&ep.fb_event=false&ep.quick_filter=OFF&ep.in_listing=OFF&_et=2&tfd=6832>
2026-08-12 09:42:34,260 [scrapy-playwright] DEBUG: [Context=default] Request: <GET https://www.vivanuncios.com.mx/tracking/g/collect?v=2&tid=G-3W0YTSRCK7&gtm=45je68a1v9235587196z8858857621za20gzb858857621zd858857621&_p=1786549346666&gcd=13l3l3l3l1l1&npa=0&dma=0&ecid=1000470001&_eu=AAAAAGQ&_fplc=0&are=1&cid=2116925861.1786549348&ec_mode=c&frm=0&pscdl=noapi&rcb=19&sr=1280x720&uaa=arm&uab=64&uafvl=Not%253DA%253FBrand%3B99.0.0.0%7CHeadlessChrome%3B151.0.7922.34%7CChromium%3B151.0.7922.34&uam=&uamb=0&uap=macOS&uapv=26.6.0&uaw=0&ul=en-us&ur=MX-CHH&sst.etld=google.com.mx&sst.tft=1786549346666&sst.lpc=212333075&sst.navt=n&sst.ude=0&sst.sw_exp=1&gaf=2&_s=5&tag_exp=115616986~115938465~115938469~118897920~118897930~119367802~119367810~119527019~119793974~119896802&sid=1786549348&sct=1&seg=1&dl=https%3A%2F%2Fwww.vivanuncios.com.mx%2Fs-venta-inmuebles%2Fchihuahua-chih%2Fv1c1097l10163p1&dt=3%2C864%20Propiedades%20e%20inmuebles%20en%20venta%20-%20Chihuahua%2C%20Chihuahua%20-%20Vivanuncios&_tu=BA&en=select_content&gap.sstd=1&ep.fb_event=true&evnid=1786549347879.385512.176&ep.fb_id=888643211192359&ep.x-fb-ck-fbp=fb.3.1786549347863.3446775697&ep.google_ads_id=11200569259&ep.criteo_user_email=&ep.ecommerce_event=false&ep.isDesarrollo=false&ep.ga4_event=true&ep.content_group=Listado&ep.content_type=Modal%20login%20rapido%20Google&ep.item_id=Cerrar%20modal&_et=5677&ep.user_data._tag_mode=AUTO&ep.user_data.email_address=&ep.user_data.phone_number=&ep.user_data.address.first_name=&ep.user_data.address._tag_metadata.first_name.mode=c&tfd=7921&richsstsse> (resource type: fetch, referrer: https://www.vivanuncios.com.mx/s-venta-inmuebles/chihuahua-chih/v1c1097l10163p1)
2026-08-12 09:42:34,293 [scrapy-playwright] DEBUG: [Context=default] Response: <403 https://www.vivanuncios.com.mx/tracking/g/collect?v=2&tid=G-3W0YTSRCK7&gtm=45je68a1v9235587196z8858857621za20gzb858857621zd858857621&_p=1786549346666&gcd=13l3l3l3l1l1&npa=0&dma=0&ecid=1000470001&_eu=AAAAAGQ&_fplc=0&are=1&cid=2116925861.1786549348&ec_mode=c&frm=0&pscdl=noapi&rcb=19&sr=1280x720&uaa=arm&uab=64&uafvl=Not%253DA%253FBrand%3B99.0.0.0%7CHeadlessChrome%3B151.0.7922.34%7CChromium%3B151.0.7922.34&uam=&uamb=0&uap=macOS&uapv=26.6.0&uaw=0&ul=en-us&ur=MX-CHH&sst.etld=google.com.mx&sst.tft=1786549346666&sst.lpc=212333075&sst.navt=n&sst.ude=0&sst.sw_exp=1&gaf=2&_s=5&tag_exp=115616986~115938465~115938469~118897920~118897930~119367802~119367810~119527019~119793974~119896802&sid=1786549348&sct=1&seg=1&dl=https%3A%2F%2Fwww.vivanuncios.com.mx%2Fs-venta-inmuebles%2Fchihuahua-chih%2Fv1c1097l10163p1&dt=3%2C864%20Propiedades%20e%20inmuebles%20en%20venta%20-%20Chihuahua%2C%20Chihuahua%20-%20Vivanuncios&_tu=BA&en=select_content&gap.sstd=1&ep.fb_event=true&evnid=1786549347879.385512.176&ep.fb_id=888643211192359&ep.x-fb-ck-fbp=fb.3.1786549347863.3446775697&ep.google_ads_id=11200569259&ep.criteo_user_email=&ep.ecommerce_event=false&ep.isDesarrollo=false&ep.ga4_event=true&ep.content_group=Listado&ep.content_type=Modal%20login%20rapido%20Google&ep.item_id=Cerrar%20modal&_et=5677&ep.user_data._tag_mode=AUTO&ep.user_data.email_address=&ep.user_data.phone_number=&ep.user_data.address.first_name=&ep.user_data.address._tag_metadata.first_name.mode=c&tfd=7921&richsstsse>
2026-08-12 09:42:39,258 [scrapy-playwright] DEBUG: [Context=default] Request: <POST https://analytics.google.com/g/collect?v=2&tid=G-C4HWQQM571&gtm=45je68a1v9103994736z8858857621za20gzb858857621zd858857621&_p=1786549346666&gcd=13l3l3l3l1l1&npa=0&dma=0&_eu=AAAAAGQC&are=1&cid=2116925861.1786549348&frm=0&pscdl=noapi&rcb=14&sr=1280x720&uaa=arm&uab=64&uafvl=Not%253DA%253FBrand%3B99.0.0.0%7CHeadlessChrome%3B151.0.7922.34%7CChromium%3B151.0.7922.34&uam=&uamb=0&uap=macOS&uapv=26.6.0&uaw=0&ul=en-us&gaf=2&_s=3&tag_exp=115616985~115938465~115938468~118897920~118897930~119367802~119367810~119527020~119896803~120385423&sid=1786549348&sct=1&seg=1&dl=https%3A%2F%2Fwww.vivanuncios.com.mx%2Fs-venta-inmuebles%2Fchihuahua-chih%2Fv1c1097l10163p1&dt=3%2C864%20Propiedades%20e%20inmuebles%20en%20venta%20-%20Chihuahua%2C%20Chihuahua%20-%20Vivanuncios&en=select_content&ep.is_logged=No&ep.content_group=Listado&ep.content_type=Modal%20login%20rapido%20Google&ep.item_id=Cerrar%20modal&_et=6088&tfd=12919> (resource type: fetch, referrer: https://www.vivanuncios.com.mx/)
2026-08-12 09:42:39,324 [scrapy-playwright] DEBUG: [Context=default] Response: <204 https://analytics.google.com/g/collect?v=2&tid=G-C4HWQQM571&gtm=45je68a1v9103994736z8858857621za20gzb858857621zd858857621&_p=1786549346666&gcd=13l3l3l3l1l1&npa=0&dma=0&_eu=AAAAAGQC&are=1&cid=2116925861.1786549348&frm=0&pscdl=noapi&rcb=14&sr=1280x720&uaa=arm&uab=64&uafvl=Not%253DA%253FBrand%3B99.0.0.0%7CHeadlessChrome%3B151.0.7922.34%7CChromium%3B151.0.7922.34&uam=&uamb=0&uap=macOS&uapv=26.6.0&uaw=0&ul=en-us&gaf=2&_s=3&tag_exp=115616985~115938465~115938468~118897920~118897930~119367802~119367810~119527020~119896803~120385423&sid=1786549348&sct=1&seg=1&dl=https%3A%2F%2Fwww.vivanuncios.com.mx%2Fs-venta-inmuebles%2Fchihuahua-chih%2Fv1c1097l10163p1&dt=3%2C864%20Propiedades%20e%20inmuebles%20en%20venta%20-%20Chihuahua%2C%20Chihuahua%20-%20Vivanuncios&en=select_content&ep.is_logged=No&ep.content_group=Listado&ep.content_type=Modal%20login%20rapido%20Google&ep.item_id=Cerrar%20modal&_et=6088&tfd=12919>
2026-08-12 09:42:43,829 [scrapy.core.engine] INFO: Closing spider (finished)
2026-08-12 09:42:43,830 [scrapy.statscollectors] INFO: Dumping Scrapy stats:
{'downloader/request_bytes': 2256,
 'downloader/request_count': 6,
 'downloader/request_method_count/GET': 6,
 'downloader/response_bytes': 2369244,
 'downloader/response_count': 6,
 'downloader/response_status_count/200': 3,
 'downloader/response_status_count/403': 3,
 'elapsed_time_seconds': 18.20463166688569,
 'finish_reason': 'finished',
 'finish_time': datetime.datetime(2026, 8, 12, 15, 42, 43, 829458, tzinfo=datetime.timezone.utc),
 'httpcompression/response_bytes': 18008,
 'httpcompression/response_count': 3,
 'items_per_minute': 0.0,
 'log_count/INFO': 13,
 'memusage/max': 83476480,
 'memusage/startup': 83476480,
 'playwright/browser_count': 2,
 'playwright/context_count': 2,
 'playwright/context_count/max_concurrent': 1,
 'playwright/context_count/persistent/False': 2,
 'playwright/context_count/remote/False': 2,
 'playwright/page_count': 3,
 'playwright/page_count/max_concurrent': 3,
 'playwright/request_count': 517,
 'playwright/request_count/method/GET': 479,
 'playwright/request_count/method/POST': 38,
 'playwright/request_count/navigation': 25,
 'playwright/request_count/resource_type/document': 25,
 'playwright/request_count/resource_type/fetch': 52,
 'playwright/request_count/resource_type/font': 12,
 'playwright/request_count/resource_type/image': 131,
 'playwright/request_count/resource_type/other': 3,
 'playwright/request_count/resource_type/ping': 3,
 'playwright/request_count/resource_type/script': 236,
 'playwright/request_count/resource_type/stylesheet': 29,
 'playwright/request_count/resource_type/xhr': 26,
 'playwright/response_count': 517,
 'playwright/response_count/method/GET': 479,
 'playwright/response_count/method/POST': 38,
 'playwright/response_count/resource_type/document': 25,
 'playwright/response_count/resource_type/fetch': 52,
 'playwright/response_count/resource_type/font': 12,
 'playwright/response_count/resource_type/image': 131,
 'playwright/response_count/resource_type/other': 3,
 'playwright/response_count/resource_type/ping': 3,
 'playwright/response_count/resource_type/script': 236,
 'playwright/response_count/resource_type/stylesheet': 29,
 'playwright/response_count/resource_type/xhr': 26,
 'response_received_count': 6,
 'responses_per_minute': 20.0,
 'scheduler/dequeued': 6,
 'scheduler/dequeued/memory': 6,
 'scheduler/enqueued': 6,
 'scheduler/enqueued/memory': 6,
 'start_time': datetime.datetime(2026, 8, 12, 15, 42, 25, 624938, tzinfo=datetime.timezone.utc)}
2026-08-12 09:42:43,830 [scrapy.core.engine] INFO: Spider closed (finished)
2026-08-12 09:42:43,830 [scrapy-playwright] INFO: Closing download handler
2026-08-12 09:42:43,834 [scrapy-playwright] DEBUG: Browser context closed: 'default' (persistent=False, remote=False)
2026-08-12 09:42:43,834 [scrapy-playwright] INFO: Closing browser
2026-08-12 09:42:43,839 [scrapy-playwright] DEBUG: Browser disconnected
2026-08-12 09:42:43,853 [scrapy-playwright] INFO: Closing download handler
2026-08-12 09:42:43,855 [scrapy-playwright] DEBUG: Browser context closed: 'default' (persistent=False, remote=False)
2026-08-12 09:42:43,855 [scrapy-playwright] INFO: Closing browser
2026-08-12 09:42:43,857 [scrapy-playwright] DEBUG: Browser disconnected
